configuration_id,fold,feature,coefficient,absolute_coefficient,sign,is_zero,n_iter,converged
LR-SELECTED-ROC,1,var_0,0.1572859287261963,0.1572859287261963,1,False,21,True
LR-SELECTED-ROC,1,var_1,0.15614937245845795,0.15614937245845795,1,False,21,True
LR-SELECTED-ROC,1,var_2,0.17297440767288208,0.17297440767288208,1,False,21,True
LR-SELECTED-ROC,1,var_3,0.03663312643766403,0.03663312643766403,1,False,21,True
LR-SELECTED-ROC,1,var_4,0.0411565937101841,0.0411565937101841,1,False,21,True
LR-SELECTED-ROC,1,var_5,0.09765712171792984,0.09765712171792984,1,False,21,True
LR-SELECTED-ROC,1,var_6,0.2170019894838333,0.2170019894838333,1,False,21,True
LR-SELECTED-ROC,1,var_7,-0.007168281357735395,0.007168281357735395,-1,False,21,True
LR-SELECTED-ROC,1,var_8,0.06547858566045761,0.06547858566045761,1,False,21,True
LR-SELECTED-ROC,1,var_9,-0.13108597695827484,0.13108597695827484,-1,False,21,True
LR-SELECTED-ROC,1,var_10,-0.009587752632796764,0.009587752632796764,-1,False,21,True
LR-SELECTED-ROC,1,var_11,0.0805160403251648,0.0805160403251648,1,False,21,True
LR-SELECTED-ROC,1,var_12,-0.21516668796539307,0.21516668796539307,-1,False,21,True
LR-SELECTED-ROC,1,var_13,-0.1771397888660431,0.1771397888660431,-1,False,21,True
LR-SELECTED-ROC,1,var_14,-0.015347018837928772,0.015347018837928772,-1,False,21,True
LR-SELECTED-ROC,1,var_15,0.06313758343458176,0.06313758343458176,1,False,21,True
LR-SELECTED-ROC,1,var_16,0.013104316778481007,0.013104316778481007,1,False,21,True
LR-SELECTED-ROC,1,var_17,0.007493498269468546,0.007493498269468546,1,False,21,True
LR-SELECTED-ROC,1,var_18,0.13190613687038422,0.13190613687038422,1,False,21,True
LR-SELECTED-ROC,1,var_19,0.028738874942064285,0.028738874942064285,1,False,21,True
LR-SELECTED-ROC,1,var_20,-0.056714415550231934,0.056714415550231934,-1,False,21,True
LR-SELECTED-ROC,1,var_21,-0.1899421215057373,0.1899421215057373,-1,False,21,True
LR-SELECTED-ROC,1,var_22,0.1965951770544052,0.1965951770544052,1,False,21,True
LR-SELECTED-ROC,1,var_23,-0.0928986668586731,0.0928986668586731,-1,False,21,True
LR-SELECTED-ROC,1,var_24,0.08848433941602707,0.08848433941602707,1,False,21,True
LR-SELECTED-ROC,1,var_25,0.04110516980290413,0.04110516980290413,1,False,21,True
LR-SELECTED-ROC,1,var_26,0.20697243511676788,0.20697243511676788,1,False,21,True
LR-SELECTED-ROC,1,var_27,-0.010438552126288414,0.010438552126288414,-1,False,21,True
LR-SELECTED-ROC,1,var_28,-0.07496507465839386,0.07496507465839386,-1,False,21,True
LR-SELECTED-ROC,1,var_29,0.015740297734737396,0.015740297734737396,1,False,21,True
LR-SELECTED-ROC,1,var_30,-7.471815479220822e-05,7.471815479220822e-05,-1,False,21,True
LR-SELECTED-ROC,1,var_31,-0.0836576521396637,0.0836576521396637,-1,False,21,True
LR-SELECTED-ROC,1,var_32,0.0999235287308693,0.0999235287308693,1,False,21,True
LR-SELECTED-ROC,1,var_33,-0.1478368639945984,0.1478368639945984,-1,False,21,True
LR-SELECTED-ROC,1,var_34,-0.18042276799678802,0.18042276799678802,-1,False,21,True
LR-SELECTED-ROC,1,var_35,0.11475089937448502,0.11475089937448502,1,False,21,True
LR-SELECTED-ROC,1,var_36,-0.12284612655639648,0.12284612655639648,-1,False,21,True
LR-SELECTED-ROC,1,var_37,0.030228057876229286,0.030228057876229286,1,False,21,True
LR-SELECTED-ROC,1,var_38,0.010735293850302696,0.010735293850302696,1,False,21,True
LR-SELECTED-ROC,1,var_39,-0.020221451297402382,0.020221451297402382,-1,False,21,True
LR-SELECTED-ROC,1,var_40,0.17268873751163483,0.17268873751163483,1,False,21,True
LR-SELECTED-ROC,1,var_41,0.002364544430747628,0.002364544430747628,1,False,21,True
LR-SELECTED-ROC,1,var_42,-0.029452871531248093,0.029452871531248093,-1,False,21,True
LR-SELECTED-ROC,1,var_43,-0.0963762030005455,0.0963762030005455,-1,False,21,True
LR-SELECTED-ROC,1,var_44,-0.16781075298786163,0.16781075298786163,-1,False,21,True
LR-SELECTED-ROC,1,var_45,-0.07614133507013321,0.07614133507013321,-1,False,21,True
LR-SELECTED-ROC,1,var_46,0.008439410477876663,0.008439410477876663,1,False,21,True
LR-SELECTED-ROC,1,var_47,0.03310646489262581,0.03310646489262581,1,False,21,True
LR-SELECTED-ROC,1,var_48,0.10157223045825958,0.10157223045825958,1,False,21,True
LR-SELECTED-ROC,1,var_49,0.10177439451217651,0.10177439451217651,1,False,21,True
LR-SELECTED-ROC,1,var_50,-0.05148185417056084,0.05148185417056084,-1,False,21,True
LR-SELECTED-ROC,1,var_51,0.0636739581823349,0.0636739581823349,1,False,21,True
LR-SELECTED-ROC,1,var_52,0.0808919370174408,0.0808919370174408,1,False,21,True
LR-SELECTED-ROC,1,var_53,0.2137075811624527,0.2137075811624527,1,False,21,True
LR-SELECTED-ROC,1,var_54,-0.04751692712306976,0.04751692712306976,-1,False,21,True
LR-SELECTED-ROC,1,var_55,0.05511805787682533,0.05511805787682533,1,False,21,True
LR-SELECTED-ROC,1,var_56,-0.10447677969932556,0.10447677969932556,-1,False,21,True
LR-SELECTED-ROC,1,var_57,-0.05231916159391403,0.05231916159391403,-1,False,21,True
LR-SELECTED-ROC,1,var_58,-0.0900312215089798,0.0900312215089798,-1,False,21,True
LR-SELECTED-ROC,1,var_59,-0.032059915363788605,0.032059915363788605,-1,False,21,True
LR-SELECTED-ROC,1,var_60,0.03230223059654236,0.03230223059654236,1,False,21,True
LR-SELECTED-ROC,1,var_61,0.02793744020164013,0.02793744020164013,1,False,21,True
LR-SELECTED-ROC,1,var_62,0.047922052443027496,0.047922052443027496,1,False,21,True
LR-SELECTED-ROC,1,var_63,-0.04290619120001793,0.04290619120001793,-1,False,21,True
LR-SELECTED-ROC,1,var_64,-0.060441747307777405,0.060441747307777405,-1,False,21,True
LR-SELECTED-ROC,1,var_65,0.045097630470991135,0.045097630470991135,1,False,21,True
LR-SELECTED-ROC,1,var_66,0.069118931889534,0.069118931889534,1,False,21,True
LR-SELECTED-ROC,1,var_67,0.14121828973293304,0.14121828973293304,1,False,21,True
LR-SELECTED-ROC,1,var_68,-0.04701756313443184,0.04701756313443184,-1,False,21,True
LR-SELECTED-ROC,1,var_69,0.013117724098265171,0.013117724098265171,1,False,21,True
LR-SELECTED-ROC,1,var_70,0.09330965578556061,0.09330965578556061,1,False,21,True
LR-SELECTED-ROC,1,var_71,0.11037267744541168,0.11037267744541168,1,False,21,True
LR-SELECTED-ROC,1,var_72,-0.042910706251859665,0.042910706251859665,-1,False,21,True
LR-SELECTED-ROC,1,var_73,-0.024870077148079872,0.024870077148079872,-1,False,21,True
LR-SELECTED-ROC,1,var_74,0.0620894581079483,0.0620894581079483,1,False,21,True
LR-SELECTED-ROC,1,var_75,-0.12596847116947174,0.12596847116947174,-1,False,21,True
LR-SELECTED-ROC,1,var_76,-0.22100067138671875,0.22100067138671875,-1,False,21,True
LR-SELECTED-ROC,1,var_77,-0.05421809107065201,0.05421809107065201,-1,False,21,True
LR-SELECTED-ROC,1,var_78,0.15369610488414764,0.15369610488414764,1,False,21,True
LR-SELECTED-ROC,1,var_79,0.016982359811663628,0.016982359811663628,1,False,21,True
LR-SELECTED-ROC,1,var_80,-0.17928846180438995,0.17928846180438995,-1,False,21,True
LR-SELECTED-ROC,1,var_81,-0.2668496370315552,0.2668496370315552,-1,False,21,True
LR-SELECTED-ROC,1,var_82,0.08220052719116211,0.08220052719116211,1,False,21,True
LR-SELECTED-ROC,1,var_83,-0.06108033284544945,0.06108033284544945,-1,False,21,True
LR-SELECTED-ROC,1,var_84,0.03133396431803703,0.03133396431803703,1,False,21,True
LR-SELECTED-ROC,1,var_85,-0.05581096559762955,0.05581096559762955,-1,False,21,True
LR-SELECTED-ROC,1,var_86,-0.11990201473236084,0.11990201473236084,-1,False,21,True
LR-SELECTED-ROC,1,var_87,-0.11124614626169205,0.11124614626169205,-1,False,21,True
LR-SELECTED-ROC,1,var_88,-0.07028862088918686,0.07028862088918686,-1,False,21,True
LR-SELECTED-ROC,1,var_89,0.13822858035564423,0.13822858035564423,1,False,21,True
LR-SELECTED-ROC,1,var_90,0.09404695779085159,0.09404695779085159,1,False,21,True
LR-SELECTED-ROC,1,var_91,0.11912243068218231,0.11912243068218231,1,False,21,True
LR-SELECTED-ROC,1,var_92,-0.15803146362304688,0.15803146362304688,-1,False,21,True
LR-SELECTED-ROC,1,var_93,-0.1152847483754158,0.1152847483754158,-1,False,21,True
LR-SELECTED-ROC,1,var_94,0.16020607948303223,0.16020607948303223,1,False,21,True
LR-SELECTED-ROC,1,var_95,0.13313028216362,0.13313028216362,1,False,21,True
LR-SELECTED-ROC,1,var_96,0.007351086474955082,0.007351086474955082,1,False,21,True
LR-SELECTED-ROC,1,var_97,0.044193681329488754,0.044193681329488754,1,False,21,True
LR-SELECTED-ROC,1,var_98,-0.010009835474193096,0.010009835474193096,-1,False,21,True
LR-SELECTED-ROC,1,var_99,0.20131607353687286,0.20131607353687286,1,False,21,True
LR-SELECTED-ROC,1,var_100,-0.005832531023770571,0.005832531023770571,-1,False,21,True
LR-SELECTED-ROC,1,var_101,-0.022114135324954987,0.022114135324954987,-1,False,21,True
LR-SELECTED-ROC,1,var_102,-0.06335263699293137,0.06335263699293137,-1,False,21,True
LR-SELECTED-ROC,1,var_103,-0.0057750907726585865,0.0057750907726585865,-1,False,21,True
LR-SELECTED-ROC,1,var_104,-0.08280175924301147,0.08280175924301147,-1,False,21,True
LR-SELECTED-ROC,1,var_105,0.07857684791088104,0.07857684791088104,1,False,21,True
LR-SELECTED-ROC,1,var_106,0.11250818520784378,0.11250818520784378,1,False,21,True
LR-SELECTED-ROC,1,var_107,-0.13220615684986115,0.13220615684986115,-1,False,21,True
LR-SELECTED-ROC,1,var_108,-0.13565869629383087,0.13565869629383087,-1,False,21,True
LR-SELECTED-ROC,1,var_109,-0.1559353619813919,0.1559353619813919,-1,False,21,True
LR-SELECTED-ROC,1,var_110,0.21317094564437866,0.21317094564437866,1,False,21,True
LR-SELECTED-ROC,1,var_111,0.08322319388389587,0.08322319388389587,1,False,21,True
LR-SELECTED-ROC,1,var_112,0.06364160031080246,0.06364160031080246,1,False,21,True
LR-SELECTED-ROC,1,var_113,-0.05075150355696678,0.05075150355696678,-1,False,21,True
LR-SELECTED-ROC,1,var_114,-0.0795876607298851,0.0795876607298851,-1,False,21,True
LR-SELECTED-ROC,1,var_115,-0.15589505434036255,0.15589505434036255,-1,False,21,True
LR-SELECTED-ROC,1,var_116,-0.08650071173906326,0.08650071173906326,-1,False,21,True
LR-SELECTED-ROC,1,var_117,0.01119847409427166,0.01119847409427166,1,False,21,True
LR-SELECTED-ROC,1,var_118,0.13412578403949738,0.13412578403949738,1,False,21,True
LR-SELECTED-ROC,1,var_119,0.0863761380314827,0.0863761380314827,1,False,21,True
LR-SELECTED-ROC,1,var_120,-0.03502389416098595,0.03502389416098595,-1,False,21,True
LR-SELECTED-ROC,1,var_121,-0.12025755643844604,0.12025755643844604,-1,False,21,True
LR-SELECTED-ROC,1,var_122,-0.1347431093454361,0.1347431093454361,-1,False,21,True
LR-SELECTED-ROC,1,var_123,-0.12208186835050583,0.12208186835050583,-1,False,21,True
LR-SELECTED-ROC,1,var_124,0.020828068256378174,0.020828068256378174,1,False,21,True
LR-SELECTED-ROC,1,var_125,0.09367141127586365,0.09367141127586365,1,False,21,True
LR-SELECTED-ROC,1,var_126,-0.004114678129553795,0.004114678129553795,-1,False,21,True
LR-SELECTED-ROC,1,var_127,-0.13078400492668152,0.13078400492668152,-1,False,21,True
LR-SELECTED-ROC,1,var_128,0.09756654500961304,0.09756654500961304,1,False,21,True
LR-SELECTED-ROC,1,var_129,-0.023327112197875977,0.023327112197875977,-1,False,21,True
LR-SELECTED-ROC,1,var_130,0.10377901047468185,0.10377901047468185,1,False,21,True
LR-SELECTED-ROC,1,var_131,-0.09253852814435959,0.09253852814435959,-1,False,21,True
LR-SELECTED-ROC,1,var_132,-0.08502519875764847,0.08502519875764847,-1,False,21,True
LR-SELECTED-ROC,1,var_133,0.17489689588546753,0.17489689588546753,1,False,21,True
LR-SELECTED-ROC,1,var_134,0.056938089430332184,0.056938089430332184,1,False,21,True
LR-SELECTED-ROC,1,var_135,0.08969118446111679,0.08969118446111679,1,False,21,True
LR-SELECTED-ROC,1,var_136,-0.012032904662191868,0.012032904662191868,-1,False,21,True
LR-SELECTED-ROC,1,var_137,0.08671452105045319,0.08671452105045319,1,False,21,True
LR-SELECTED-ROC,1,var_138,0.06373673677444458,0.06373673677444458,1,False,21,True
LR-SELECTED-ROC,1,var_139,-0.23241452872753143,0.23241452872753143,-1,False,21,True
LR-SELECTED-ROC,1,var_140,0.055581070482730865,0.055581070482730865,1,False,21,True
LR-SELECTED-ROC,1,var_141,-0.09428311139345169,0.09428311139345169,-1,False,21,True
LR-SELECTED-ROC,1,var_142,-0.05333282798528671,0.05333282798528671,-1,False,21,True
LR-SELECTED-ROC,1,var_143,-0.04189930111169815,0.04189930111169815,-1,False,21,True
LR-SELECTED-ROC,1,var_144,0.06375521421432495,0.06375521421432495,1,False,21,True
LR-SELECTED-ROC,1,var_145,0.10497534275054932,0.10497534275054932,1,False,21,True
LR-SELECTED-ROC,1,var_146,-0.19776073098182678,0.19776073098182678,-1,False,21,True
LR-SELECTED-ROC,1,var_147,0.13027195632457733,0.13027195632457733,1,False,21,True
LR-SELECTED-ROC,1,var_148,-0.16789337992668152,0.16789337992668152,-1,False,21,True
LR-SELECTED-ROC,1,var_149,-0.15310664474964142,0.15310664474964142,-1,False,21,True
LR-SELECTED-ROC,1,var_150,-0.09515990316867828,0.09515990316867828,-1,False,21,True
LR-SELECTED-ROC,1,var_151,0.0882038027048111,0.0882038027048111,1,False,21,True
LR-SELECTED-ROC,1,var_152,-0.04439673200249672,0.04439673200249672,-1,False,21,True
LR-SELECTED-ROC,1,var_153,-0.01902911439538002,0.01902911439538002,-1,False,21,True
LR-SELECTED-ROC,1,var_154,-0.1519397646188736,0.1519397646188736,-1,False,21,True
LR-SELECTED-ROC,1,var_155,0.1306547075510025,0.1306547075510025,1,False,21,True
LR-SELECTED-ROC,1,var_156,-0.061049893498420715,0.061049893498420715,-1,False,21,True
LR-SELECTED-ROC,1,var_157,0.11037896573543549,0.11037896573543549,1,False,21,True
LR-SELECTED-ROC,1,var_158,-0.01668693870306015,0.01668693870306015,-1,False,21,True
LR-SELECTED-ROC,1,var_159,0.040055133402347565,0.040055133402347565,1,False,21,True
LR-SELECTED-ROC,1,var_160,-0.010571693070232868,0.010571693070232868,-1,False,21,True
LR-SELECTED-ROC,1,var_161,0.01716279424726963,0.01716279424726963,1,False,21,True
LR-SELECTED-ROC,1,var_162,0.11397570371627808,0.11397570371627808,1,False,21,True
LR-SELECTED-ROC,1,var_163,0.10313065350055695,0.10313065350055695,1,False,21,True
LR-SELECTED-ROC,1,var_164,0.13236725330352783,0.13236725330352783,1,False,21,True
LR-SELECTED-ROC,1,var_165,-0.16342738270759583,0.16342738270759583,-1,False,21,True
LR-SELECTED-ROC,1,var_166,-0.16766072809696198,0.16766072809696198,-1,False,21,True
LR-SELECTED-ROC,1,var_167,0.08922721445560455,0.08922721445560455,1,False,21,True
LR-SELECTED-ROC,1,var_168,0.046222224831581116,0.046222224831581116,1,False,21,True
LR-SELECTED-ROC,1,var_169,-0.15710268914699554,0.15710268914699554,-1,False,21,True
LR-SELECTED-ROC,1,var_170,0.15794074535369873,0.15794074535369873,1,False,21,True
LR-SELECTED-ROC,1,var_171,0.04326685890555382,0.04326685890555382,1,False,21,True
LR-SELECTED-ROC,1,var_172,-0.12885697185993195,0.12885697185993195,-1,False,21,True
LR-SELECTED-ROC,1,var_173,0.14565995335578918,0.14565995335578918,1,False,21,True
LR-SELECTED-ROC,1,var_174,-0.20043428242206573,0.20043428242206573,-1,False,21,True
LR-SELECTED-ROC,1,var_175,0.07485319674015045,0.07485319674015045,1,False,21,True
LR-SELECTED-ROC,1,var_176,0.03567344322800636,0.03567344322800636,1,False,21,True
LR-SELECTED-ROC,1,var_177,-0.1321178823709488,0.1321178823709488,-1,False,21,True
LR-SELECTED-ROC,1,var_178,-0.06406030058860779,0.06406030058860779,-1,False,21,True
LR-SELECTED-ROC,1,var_179,0.15914320945739746,0.15914320945739746,1,False,21,True
LR-SELECTED-ROC,1,var_180,0.10194612294435501,0.10194612294435501,1,False,21,True
LR-SELECTED-ROC,1,var_181,0.044182803481817245,0.044182803481817245,1,False,21,True
LR-SELECTED-ROC,1,var_182,-0.03995087370276451,0.03995087370276451,-1,False,21,True
LR-SELECTED-ROC,1,var_183,-0.008400238119065762,0.008400238119065762,-1,False,21,True
LR-SELECTED-ROC,1,var_184,0.16504520177841187,0.16504520177841187,1,False,21,True
LR-SELECTED-ROC,1,var_185,-0.01062851957976818,0.01062851957976818,-1,False,21,True
LR-SELECTED-ROC,1,var_186,-0.08828461915254593,0.08828461915254593,-1,False,21,True
LR-SELECTED-ROC,1,var_187,0.0462820790708065,0.0462820790708065,1,False,21,True
LR-SELECTED-ROC,1,var_188,-0.1231226921081543,0.1231226921081543,-1,False,21,True
LR-SELECTED-ROC,1,var_189,0.026242880150675774,0.026242880150675774,1,False,21,True
LR-SELECTED-ROC,1,var_190,0.1830880492925644,0.1830880492925644,1,False,21,True
LR-SELECTED-ROC,1,var_191,0.15349940955638885,0.15349940955638885,1,False,21,True
LR-SELECTED-ROC,1,var_192,-0.13000500202178955,0.13000500202178955,-1,False,21,True
LR-SELECTED-ROC,1,var_193,-0.05009692534804344,0.05009692534804344,-1,False,21,True
LR-SELECTED-ROC,1,var_194,-0.07583791017532349,0.07583791017532349,-1,False,21,True
LR-SELECTED-ROC,1,var_195,0.09037322551012039,0.09037322551012039,1,False,21,True
LR-SELECTED-ROC,1,var_196,0.08168444037437439,0.08168444037437439,1,False,21,True
LR-SELECTED-ROC,1,var_197,-0.10646011680364609,0.10646011680364609,-1,False,21,True
LR-SELECTED-ROC,1,var_198,-0.17623792588710785,0.17623792588710785,-1,False,21,True
LR-SELECTED-ROC,1,var_199,0.0896773412823677,0.0896773412823677,1,False,21,True
LR-SELECTED-ROC,2,var_0,0.16613870859146118,0.16613870859146118,1,False,19,True
LR-SELECTED-ROC,2,var_1,0.16189131140708923,0.16189131140708923,1,False,19,True
LR-SELECTED-ROC,2,var_2,0.1652589738368988,0.1652589738368988,1,False,19,True
LR-SELECTED-ROC,2,var_3,0.04196503013372421,0.04196503013372421,1,False,19,True
LR-SELECTED-ROC,2,var_4,0.03741087019443512,0.03741087019443512,1,False,19,True
LR-SELECTED-ROC,2,var_5,0.09207171946763992,0.09207171946763992,1,False,19,True
LR-SELECTED-ROC,2,var_6,0.22204318642616272,0.22204318642616272,1,False,19,True
LR-SELECTED-ROC,2,var_7,-0.013894516974687576,0.013894516974687576,-1,False,19,True
LR-SELECTED-ROC,2,var_8,0.06922831386327744,0.06922831386327744,1,False,19,True
LR-SELECTED-ROC,2,var_9,-0.13615505397319794,0.13615505397319794,-1,False,19,True
LR-SELECTED-ROC,2,var_10,-0.0031387759372591972,0.0031387759372591972,-1,False,19,True
LR-SELECTED-ROC,2,var_11,0.07557760179042816,0.07557760179042816,1,False,19,True
LR-SELECTED-ROC,2,var_12,-0.22365854680538177,0.22365854680538177,-1,False,19,True
LR-SELECTED-ROC,2,var_13,-0.18495072424411774,0.18495072424411774,-1,False,19,True
LR-SELECTED-ROC,2,var_14,-0.017888057976961136,0.017888057976961136,-1,False,19,True
LR-SELECTED-ROC,2,var_15,0.054076988250017166,0.054076988250017166,1,False,19,True
LR-SELECTED-ROC,2,var_16,0.024855969473719597,0.024855969473719597,1,False,19,True
LR-SELECTED-ROC,2,var_17,-0.0024284448008984327,0.0024284448008984327,-1,False,19,True
LR-SELECTED-ROC,2,var_18,0.1303839534521103,0.1303839534521103,1,False,19,True
LR-SELECTED-ROC,2,var_19,0.040812402963638306,0.040812402963638306,1,False,19,True
LR-SELECTED-ROC,2,var_20,-0.06534894555807114,0.06534894555807114,-1,False,19,True
LR-SELECTED-ROC,2,var_21,-0.1803264617919922,0.1803264617919922,-1,False,19,True
LR-SELECTED-ROC,2,var_22,0.20185056328773499,0.20185056328773499,1,False,19,True
LR-SELECTED-ROC,2,var_23,-0.0905081033706665,0.0905081033706665,-1,False,19,True
LR-SELECTED-ROC,2,var_24,0.09108095616102219,0.09108095616102219,1,False,19,True
LR-SELECTED-ROC,2,var_25,0.048666927963495255,0.048666927963495255,1,False,19,True
LR-SELECTED-ROC,2,var_26,0.19563165307044983,0.19563165307044983,1,False,19,True
LR-SELECTED-ROC,2,var_27,-0.008184258826076984,0.008184258826076984,-1,False,19,True
LR-SELECTED-ROC,2,var_28,-0.07284629344940186,0.07284629344940186,-1,False,19,True
LR-SELECTED-ROC,2,var_29,0.014881527982652187,0.014881527982652187,1,False,19,True
LR-SELECTED-ROC,2,var_30,-0.005417786072939634,0.005417786072939634,-1,False,19,True
LR-SELECTED-ROC,2,var_31,-0.09780459851026535,0.09780459851026535,-1,False,19,True
LR-SELECTED-ROC,2,var_32,0.10037191212177277,0.10037191212177277,1,False,19,True
LR-SELECTED-ROC,2,var_33,-0.15270008146762848,0.15270008146762848,-1,False,19,True
LR-SELECTED-ROC,2,var_34,-0.17975176870822906,0.17975176870822906,-1,False,19,True
LR-SELECTED-ROC,2,var_35,0.12764111161231995,0.12764111161231995,1,False,19,True
LR-SELECTED-ROC,2,var_36,-0.12779363989830017,0.12779363989830017,-1,False,19,True
LR-SELECTED-ROC,2,var_37,0.03513311594724655,0.03513311594724655,1,False,19,True
LR-SELECTED-ROC,2,var_38,0.011298776604235172,0.011298776604235172,1,False,19,True
LR-SELECTED-ROC,2,var_39,-0.01923459768295288,0.01923459768295288,-1,False,19,True
LR-SELECTED-ROC,2,var_40,0.15930691361427307,0.15930691361427307,1,False,19,True
LR-SELECTED-ROC,2,var_41,-0.009319423697888851,0.009319423697888851,-1,False,19,True
LR-SELECTED-ROC,2,var_42,-0.0356859415769577,0.0356859415769577,-1,False,19,True
LR-SELECTED-ROC,2,var_43,-0.09107870608568192,0.09107870608568192,-1,False,19,True
LR-SELECTED-ROC,2,var_44,-0.1636502593755722,0.1636502593755722,-1,False,19,True
LR-SELECTED-ROC,2,var_45,-0.07849546521902084,0.07849546521902084,-1,False,19,True
LR-SELECTED-ROC,2,var_46,0.004990869667381048,0.004990869667381048,1,False,19,True
LR-SELECTED-ROC,2,var_47,0.03618815913796425,0.03618815913796425,1,False,19,True
LR-SELECTED-ROC,2,var_48,0.11194726824760437,0.11194726824760437,1,False,19,True
LR-SELECTED-ROC,2,var_49,0.10639561712741852,0.10639561712741852,1,False,19,True
LR-SELECTED-ROC,2,var_50,-0.04265649616718292,0.04265649616718292,-1,False,19,True
LR-SELECTED-ROC,2,var_51,0.06559456884860992,0.06559456884860992,1,False,19,True
LR-SELECTED-ROC,2,var_52,0.0960046723484993,0.0960046723484993,1,False,19,True
LR-SELECTED-ROC,2,var_53,0.20164820551872253,0.20164820551872253,1,False,19,True
LR-SELECTED-ROC,2,var_54,-0.05212070047855377,0.05212070047855377,-1,False,19,True
LR-SELECTED-ROC,2,var_55,0.05086042732000351,0.05086042732000351,1,False,19,True
LR-SELECTED-ROC,2,var_56,-0.10855840891599655,0.10855840891599655,-1,False,19,True
LR-SELECTED-ROC,2,var_57,-0.06987057626247406,0.06987057626247406,-1,False,19,True
LR-SELECTED-ROC,2,var_58,-0.08355186879634857,0.08355186879634857,-1,False,19,True
LR-SELECTED-ROC,2,var_59,-0.033551011234521866,0.033551011234521866,-1,False,19,True
LR-SELECTED-ROC,2,var_60,0.028694191947579384,0.028694191947579384,1,False,19,True
LR-SELECTED-ROC,2,var_61,0.033261992037296295,0.033261992037296295,1,False,19,True
LR-SELECTED-ROC,2,var_62,0.05374588072299957,0.05374588072299957,1,False,19,True
LR-SELECTED-ROC,2,var_63,-0.05168641731142998,0.05168641731142998,-1,False,19,True
LR-SELECTED-ROC,2,var_64,-0.04270057752728462,0.04270057752728462,-1,False,19,True
LR-SELECTED-ROC,2,var_65,0.046746235340833664,0.046746235340833664,1,False,19,True
LR-SELECTED-ROC,2,var_66,0.07001324743032455,0.07001324743032455,1,False,19,True
LR-SELECTED-ROC,2,var_67,0.14720307290554047,0.14720307290554047,1,False,19,True
LR-SELECTED-ROC,2,var_68,-0.03238002583384514,0.03238002583384514,-1,False,19,True
LR-SELECTED-ROC,2,var_69,0.024605637416243553,0.024605637416243553,1,False,19,True
LR-SELECTED-ROC,2,var_70,0.08910150080919266,0.08910150080919266,1,False,19,True
LR-SELECTED-ROC,2,var_71,0.10648571699857712,0.10648571699857712,1,False,19,True
LR-SELECTED-ROC,2,var_72,-0.03731885179877281,0.03731885179877281,-1,False,19,True
LR-SELECTED-ROC,2,var_73,-0.03300337865948677,0.03300337865948677,-1,False,19,True
LR-SELECTED-ROC,2,var_74,0.057310495525598526,0.057310495525598526,1,False,19,True
LR-SELECTED-ROC,2,var_75,-0.12722769379615784,0.12722769379615784,-1,False,19,True
LR-SELECTED-ROC,2,var_76,-0.2143663763999939,0.2143663763999939,-1,False,19,True
LR-SELECTED-ROC,2,var_77,-0.059677429497241974,0.059677429497241974,-1,False,19,True
LR-SELECTED-ROC,2,var_78,0.15553051233291626,0.15553051233291626,1,False,19,True
LR-SELECTED-ROC,2,var_79,0.016660422086715698,0.016660422086715698,1,False,19,True
LR-SELECTED-ROC,2,var_80,-0.18218053877353668,0.18218053877353668,-1,False,19,True
LR-SELECTED-ROC,2,var_81,-0.2586050033569336,0.2586050033569336,-1,False,19,True
LR-SELECTED-ROC,2,var_82,0.08002076297998428,0.08002076297998428,1,False,19,True
LR-SELECTED-ROC,2,var_83,-0.06916996836662292,0.06916996836662292,-1,False,19,True
LR-SELECTED-ROC,2,var_84,0.03510400652885437,0.03510400652885437,1,False,19,True
LR-SELECTED-ROC,2,var_85,-0.058217957615852356,0.058217957615852356,-1,False,19,True
LR-SELECTED-ROC,2,var_86,-0.11778002232313156,0.11778002232313156,-1,False,19,True
LR-SELECTED-ROC,2,var_87,-0.11373524367809296,0.11373524367809296,-1,False,19,True
LR-SELECTED-ROC,2,var_88,-0.05832423269748688,0.05832423269748688,-1,False,19,True
LR-SELECTED-ROC,2,var_89,0.1318671703338623,0.1318671703338623,1,False,19,True
LR-SELECTED-ROC,2,var_90,0.09738867729902267,0.09738867729902267,1,False,19,True
LR-SELECTED-ROC,2,var_91,0.11184748262166977,0.11184748262166977,1,False,19,True
LR-SELECTED-ROC,2,var_92,-0.1459435671567917,0.1459435671567917,-1,False,19,True
LR-SELECTED-ROC,2,var_93,-0.102452851831913,0.102452851831913,-1,False,19,True
LR-SELECTED-ROC,2,var_94,0.1546538770198822,0.1546538770198822,1,False,19,True
LR-SELECTED-ROC,2,var_95,0.12826459109783173,0.12826459109783173,1,False,19,True
LR-SELECTED-ROC,2,var_96,0.010753517970442772,0.010753517970442772,1,False,19,True
LR-SELECTED-ROC,2,var_97,0.04918137937784195,0.04918137937784195,1,False,19,True
LR-SELECTED-ROC,2,var_98,-0.004730903077870607,0.004730903077870607,-1,False,19,True
LR-SELECTED-ROC,2,var_99,0.18541082739830017,0.18541082739830017,1,False,19,True
LR-SELECTED-ROC,2,var_100,0.011497057974338531,0.011497057974338531,1,False,19,True
LR-SELECTED-ROC,2,var_101,-0.03496157005429268,0.03496157005429268,-1,False,19,True
LR-SELECTED-ROC,2,var_102,-0.059870801866054535,0.059870801866054535,-1,False,19,True
LR-SELECTED-ROC,2,var_103,-0.008927484042942524,0.008927484042942524,-1,False,19,True
LR-SELECTED-ROC,2,var_104,-0.07996702939271927,0.07996702939271927,-1,False,19,True
LR-SELECTED-ROC,2,var_105,0.08591175079345703,0.08591175079345703,1,False,19,True
LR-SELECTED-ROC,2,var_106,0.10780100524425507,0.10780100524425507,1,False,19,True
LR-SELECTED-ROC,2,var_107,-0.14005547761917114,0.14005547761917114,-1,False,19,True
LR-SELECTED-ROC,2,var_108,-0.1331888884305954,0.1331888884305954,-1,False,19,True
LR-SELECTED-ROC,2,var_109,-0.16664449870586395,0.16664449870586395,-1,False,19,True
LR-SELECTED-ROC,2,var_110,0.1959821581840515,0.1959821581840515,1,False,19,True
LR-SELECTED-ROC,2,var_111,0.08795581758022308,0.08795581758022308,1,False,19,True
LR-SELECTED-ROC,2,var_112,0.06675655394792557,0.06675655394792557,1,False,19,True
LR-SELECTED-ROC,2,var_113,-0.05406980216503143,0.05406980216503143,-1,False,19,True
LR-SELECTED-ROC,2,var_114,-0.07581610977649689,0.07581610977649689,-1,False,19,True
LR-SELECTED-ROC,2,var_115,-0.1552063524723053,0.1552063524723053,-1,False,19,True
LR-SELECTED-ROC,2,var_116,-0.084139384329319,0.084139384329319,-1,False,19,True
LR-SELECTED-ROC,2,var_117,0.0018591253319755197,0.0018591253319755197,1,False,19,True
LR-SELECTED-ROC,2,var_118,0.13656620681285858,0.13656620681285858,1,False,19,True
LR-SELECTED-ROC,2,var_119,0.08139923959970474,0.08139923959970474,1,False,19,True
LR-SELECTED-ROC,2,var_120,-0.03260393813252449,0.03260393813252449,-1,False,19,True
LR-SELECTED-ROC,2,var_121,-0.13385125994682312,0.13385125994682312,-1,False,19,True
LR-SELECTED-ROC,2,var_122,-0.13649407029151917,0.13649407029151917,-1,False,19,True
LR-SELECTED-ROC,2,var_123,-0.12099466472864151,0.12099466472864151,-1,False,19,True
LR-SELECTED-ROC,2,var_124,0.012752361595630646,0.012752361595630646,1,False,19,True
LR-SELECTED-ROC,2,var_125,0.09104585647583008,0.09104585647583008,1,False,19,True
LR-SELECTED-ROC,2,var_126,0.005026411265134811,0.005026411265134811,1,False,19,True
LR-SELECTED-ROC,2,var_127,-0.14691120386123657,0.14691120386123657,-1,False,19,True
LR-SELECTED-ROC,2,var_128,0.08975706249475479,0.08975706249475479,1,False,19,True
LR-SELECTED-ROC,2,var_129,-0.009489383548498154,0.009489383548498154,-1,False,19,True
LR-SELECTED-ROC,2,var_130,0.10258805006742477,0.10258805006742477,1,False,19,True
LR-SELECTED-ROC,2,var_131,-0.09747007489204407,0.09747007489204407,-1,False,19,True
LR-SELECTED-ROC,2,var_132,-0.08294761925935745,0.08294761925935745,-1,False,19,True
LR-SELECTED-ROC,2,var_133,0.18040397763252258,0.18040397763252258,1,False,19,True
LR-SELECTED-ROC,2,var_134,0.05909087508916855,0.05909087508916855,1,False,19,True
LR-SELECTED-ROC,2,var_135,0.0827447772026062,0.0827447772026062,1,False,19,True
LR-SELECTED-ROC,2,var_136,-0.01745416782796383,0.01745416782796383,-1,False,19,True
LR-SELECTED-ROC,2,var_137,0.09127143770456314,0.09127143770456314,1,False,19,True
LR-SELECTED-ROC,2,var_138,0.05221279710531235,0.05221279710531235,1,False,19,True
LR-SELECTED-ROC,2,var_139,-0.23972824215888977,0.23972824215888977,-1,False,19,True
LR-SELECTED-ROC,2,var_140,0.06110873445868492,0.06110873445868492,1,False,19,True
LR-SELECTED-ROC,2,var_141,-0.0958709716796875,0.0958709716796875,-1,False,19,True
LR-SELECTED-ROC,2,var_142,-0.07033898681402206,0.07033898681402206,-1,False,19,True
LR-SELECTED-ROC,2,var_143,-0.045164138078689575,0.045164138078689575,-1,False,19,True
LR-SELECTED-ROC,2,var_144,0.07166855782270432,0.07166855782270432,1,False,19,True
LR-SELECTED-ROC,2,var_145,0.10248880088329315,0.10248880088329315,1,False,19,True
LR-SELECTED-ROC,2,var_146,-0.20319640636444092,0.20319640636444092,-1,False,19,True
LR-SELECTED-ROC,2,var_147,0.11268164217472076,0.11268164217472076,1,False,19,True
LR-SELECTED-ROC,2,var_148,-0.16550858318805695,0.16550858318805695,-1,False,19,True
LR-SELECTED-ROC,2,var_149,-0.13890044391155243,0.13890044391155243,-1,False,19,True
LR-SELECTED-ROC,2,var_150,-0.08936319500207901,0.08936319500207901,-1,False,19,True
LR-SELECTED-ROC,2,var_151,0.08480845391750336,0.08480845391750336,1,False,19,True
LR-SELECTED-ROC,2,var_152,-0.031063543632626534,0.031063543632626534,-1,False,19,True
LR-SELECTED-ROC,2,var_153,-0.01497616060078144,0.01497616060078144,-1,False,19,True
LR-SELECTED-ROC,2,var_154,-0.15878747403621674,0.15878747403621674,-1,False,19,True
LR-SELECTED-ROC,2,var_155,0.13203196227550507,0.13203196227550507,1,False,19,True
LR-SELECTED-ROC,2,var_156,-0.06360213458538055,0.06360213458538055,-1,False,19,True
LR-SELECTED-ROC,2,var_157,0.09636417031288147,0.09636417031288147,1,False,19,True
LR-SELECTED-ROC,2,var_158,-0.012129802256822586,0.012129802256822586,-1,False,19,True
LR-SELECTED-ROC,2,var_159,0.04833230748772621,0.04833230748772621,1,False,19,True
LR-SELECTED-ROC,2,var_160,-0.0051570492796599865,0.0051570492796599865,-1,False,19,True
LR-SELECTED-ROC,2,var_161,0.01740294322371483,0.01740294322371483,1,False,19,True
LR-SELECTED-ROC,2,var_162,0.0986754298210144,0.0986754298210144,1,False,19,True
LR-SELECTED-ROC,2,var_163,0.08950630575418472,0.08950630575418472,1,False,19,True
LR-SELECTED-ROC,2,var_164,0.13192600011825562,0.13192600011825562,1,False,19,True
LR-SELECTED-ROC,2,var_165,-0.17578229308128357,0.17578229308128357,-1,False,19,True
LR-SELECTED-ROC,2,var_166,-0.17588160932064056,0.17588160932064056,-1,False,19,True
LR-SELECTED-ROC,2,var_167,0.0842752605676651,0.0842752605676651,1,False,19,True
LR-SELECTED-ROC,2,var_168,0.0660274475812912,0.0660274475812912,1,False,19,True
LR-SELECTED-ROC,2,var_169,-0.1583632230758667,0.1583632230758667,-1,False,19,True
LR-SELECTED-ROC,2,var_170,0.1554878056049347,0.1554878056049347,1,False,19,True
LR-SELECTED-ROC,2,var_171,0.04449201375246048,0.04449201375246048,1,False,19,True
LR-SELECTED-ROC,2,var_172,-0.12348397076129913,0.12348397076129913,-1,False,19,True
LR-SELECTED-ROC,2,var_173,0.14460308849811554,0.14460308849811554,1,False,19,True
LR-SELECTED-ROC,2,var_174,-0.19993342459201813,0.19993342459201813,-1,False,19,True
LR-SELECTED-ROC,2,var_175,0.08749210089445114,0.08749210089445114,1,False,19,True
LR-SELECTED-ROC,2,var_176,0.0411510095000267,0.0411510095000267,1,False,19,True
LR-SELECTED-ROC,2,var_177,-0.13198697566986084,0.13198697566986084,-1,False,19,True
LR-SELECTED-ROC,2,var_178,-0.05387061834335327,0.05387061834335327,-1,False,19,True
LR-SELECTED-ROC,2,var_179,0.16519415378570557,0.16519415378570557,1,False,19,True
LR-SELECTED-ROC,2,var_180,0.09788265079259872,0.09788265079259872,1,False,19,True
LR-SELECTED-ROC,2,var_181,0.05943024531006813,0.05943024531006813,1,False,19,True
LR-SELECTED-ROC,2,var_182,-0.03543165326118469,0.03543165326118469,-1,False,19,True
LR-SELECTED-ROC,2,var_183,-0.006491216365247965,0.006491216365247965,-1,False,19,True
LR-SELECTED-ROC,2,var_184,0.15880444645881653,0.15880444645881653,1,False,19,True
LR-SELECTED-ROC,2,var_185,-0.008068177849054337,0.008068177849054337,-1,False,19,True
LR-SELECTED-ROC,2,var_186,-0.0919826403260231,0.0919826403260231,-1,False,19,True
LR-SELECTED-ROC,2,var_187,0.0426395945250988,0.0426395945250988,1,False,19,True
LR-SELECTED-ROC,2,var_188,-0.12216674536466599,0.12216674536466599,-1,False,19,True
LR-SELECTED-ROC,2,var_189,0.02862420305609703,0.02862420305609703,1,False,19,True
LR-SELECTED-ROC,2,var_190,0.18501022458076477,0.18501022458076477,1,False,19,True
LR-SELECTED-ROC,2,var_191,0.15057235956192017,0.15057235956192017,1,False,19,True
LR-SELECTED-ROC,2,var_192,-0.14750106632709503,0.14750106632709503,-1,False,19,True
LR-SELECTED-ROC,2,var_193,-0.06494409590959549,0.06494409590959549,-1,False,19,True
LR-SELECTED-ROC,2,var_194,-0.07678774744272232,0.07678774744272232,-1,False,19,True
LR-SELECTED-ROC,2,var_195,0.07874871045351028,0.07874871045351028,1,False,19,True
LR-SELECTED-ROC,2,var_196,0.06580092012882233,0.06580092012882233,1,False,19,True
LR-SELECTED-ROC,2,var_197,-0.11085734516382217,0.11085734516382217,-1,False,19,True
LR-SELECTED-ROC,2,var_198,-0.16646315157413483,0.16646315157413483,-1,False,19,True
LR-SELECTED-ROC,2,var_199,0.09050773084163666,0.09050773084163666,1,False,19,True
LR-SELECTED-ROC,3,var_0,0.16645441949367523,0.16645441949367523,1,False,19,True
LR-SELECTED-ROC,3,var_1,0.1540350317955017,0.1540350317955017,1,False,19,True
LR-SELECTED-ROC,3,var_2,0.17255179584026337,0.17255179584026337,1,False,19,True
LR-SELECTED-ROC,3,var_3,0.03436153009533882,0.03436153009533882,1,False,19,True
LR-SELECTED-ROC,3,var_4,0.03553140163421631,0.03553140163421631,1,False,19,True
LR-SELECTED-ROC,3,var_5,0.10428542643785477,0.10428542643785477,1,False,19,True
LR-SELECTED-ROC,3,var_6,0.21894505620002747,0.21894505620002747,1,False,19,True
LR-SELECTED-ROC,3,var_7,-0.016192378476262093,0.016192378476262093,-1,False,19,True
LR-SELECTED-ROC,3,var_8,0.05895249545574188,0.05895249545574188,1,False,19,True
LR-SELECTED-ROC,3,var_9,-0.13015544414520264,0.13015544414520264,-1,False,19,True
LR-SELECTED-ROC,3,var_10,0.0004199012473691255,0.0004199012473691255,1,False,19,True
LR-SELECTED-ROC,3,var_11,0.06951893866062164,0.06951893866062164,1,False,19,True
LR-SELECTED-ROC,3,var_12,-0.20629310607910156,0.20629310607910156,-1,False,19,True
LR-SELECTED-ROC,3,var_13,-0.17923283576965332,0.17923283576965332,-1,False,19,True
LR-SELECTED-ROC,3,var_14,-0.021642064675688744,0.021642064675688744,-1,False,19,True
LR-SELECTED-ROC,3,var_15,0.058973316103219986,0.058973316103219986,1,False,19,True
LR-SELECTED-ROC,3,var_16,0.016674742102622986,0.016674742102622986,1,False,19,True
LR-SELECTED-ROC,3,var_17,0.001265876111574471,0.001265876111574471,1,False,19,True
LR-SELECTED-ROC,3,var_18,0.1281609684228897,0.1281609684228897,1,False,19,True
LR-SELECTED-ROC,3,var_19,0.032415494322776794,0.032415494322776794,1,False,19,True
LR-SELECTED-ROC,3,var_20,-0.058671798557043076,0.058671798557043076,-1,False,19,True
LR-SELECTED-ROC,3,var_21,-0.1808439940214157,0.1808439940214157,-1,False,19,True
LR-SELECTED-ROC,3,var_22,0.1941734403371811,0.1941734403371811,1,False,19,True
LR-SELECTED-ROC,3,var_23,-0.09284284710884094,0.09284284710884094,-1,False,19,True
LR-SELECTED-ROC,3,var_24,0.08795677125453949,0.08795677125453949,1,False,19,True
LR-SELECTED-ROC,3,var_25,0.04977630823850632,0.04977630823850632,1,False,19,True
LR-SELECTED-ROC,3,var_26,0.19543172419071198,0.19543172419071198,1,False,19,True
LR-SELECTED-ROC,3,var_27,-0.01248681079596281,0.01248681079596281,-1,False,19,True
LR-SELECTED-ROC,3,var_28,-0.07404767721891403,0.07404767721891403,-1,False,19,True
LR-SELECTED-ROC,3,var_29,0.020771056413650513,0.020771056413650513,1,False,19,True
LR-SELECTED-ROC,3,var_30,-0.005856569390743971,0.005856569390743971,-1,False,19,True
LR-SELECTED-ROC,3,var_31,-0.08470313251018524,0.08470313251018524,-1,False,19,True
LR-SELECTED-ROC,3,var_32,0.09363728761672974,0.09363728761672974,1,False,19,True
LR-SELECTED-ROC,3,var_33,-0.15520678460597992,0.15520678460597992,-1,False,19,True
LR-SELECTED-ROC,3,var_34,-0.1888798028230667,0.1888798028230667,-1,False,19,True
LR-SELECTED-ROC,3,var_35,0.12368892878293991,0.12368892878293991,1,False,19,True
LR-SELECTED-ROC,3,var_36,-0.12394732236862183,0.12394732236862183,-1,False,19,True
LR-SELECTED-ROC,3,var_37,0.026154670864343643,0.026154670864343643,1,False,19,True
LR-SELECTED-ROC,3,var_38,0.010895115323364735,0.010895115323364735,1,False,19,True
LR-SELECTED-ROC,3,var_39,-0.017269080504775047,0.017269080504775047,-1,False,19,True
LR-SELECTED-ROC,3,var_40,0.17108312249183655,0.17108312249183655,1,False,19,True
LR-SELECTED-ROC,3,var_41,-0.004324960056692362,0.004324960056692362,-1,False,19,True
LR-SELECTED-ROC,3,var_42,-0.030885042622685432,0.030885042622685432,-1,False,19,True
LR-SELECTED-ROC,3,var_43,-0.0955720841884613,0.0955720841884613,-1,False,19,True
LR-SELECTED-ROC,3,var_44,-0.16147781908512115,0.16147781908512115,-1,False,19,True
LR-SELECTED-ROC,3,var_45,-0.06780672073364258,0.06780672073364258,-1,False,19,True
LR-SELECTED-ROC,3,var_46,0.019857801496982574,0.019857801496982574,1,False,19,True
LR-SELECTED-ROC,3,var_47,0.027347393333911896,0.027347393333911896,1,False,19,True
LR-SELECTED-ROC,3,var_48,0.10221169143915176,0.10221169143915176,1,False,19,True
LR-SELECTED-ROC,3,var_49,0.09908241778612137,0.09908241778612137,1,False,19,True
LR-SELECTED-ROC,3,var_50,-0.04444843530654907,0.04444843530654907,-1,False,19,True
LR-SELECTED-ROC,3,var_51,0.06826060265302658,0.06826060265302658,1,False,19,True
LR-SELECTED-ROC,3,var_52,0.08858734369277954,0.08858734369277954,1,False,19,True
LR-SELECTED-ROC,3,var_53,0.21034856140613556,0.21034856140613556,1,False,19,True
LR-SELECTED-ROC,3,var_54,-0.05881017819046974,0.05881017819046974,-1,False,19,True
LR-SELECTED-ROC,3,var_55,0.0458429679274559,0.0458429679274559,1,False,19,True
LR-SELECTED-ROC,3,var_56,-0.10117292404174805,0.10117292404174805,-1,False,19,True
LR-SELECTED-ROC,3,var_57,-0.04775997996330261,0.04775997996330261,-1,False,19,True
LR-SELECTED-ROC,3,var_58,-0.0795767605304718,0.0795767605304718,-1,False,19,True
LR-SELECTED-ROC,3,var_59,-0.04091844707727432,0.04091844707727432,-1,False,19,True
LR-SELECTED-ROC,3,var_60,0.028543749824166298,0.028543749824166298,1,False,19,True
LR-SELECTED-ROC,3,var_61,0.042250290513038635,0.042250290513038635,1,False,19,True
LR-SELECTED-ROC,3,var_62,0.06526760756969452,0.06526760756969452,1,False,19,True
LR-SELECTED-ROC,3,var_63,-0.06524527817964554,0.06524527817964554,-1,False,19,True
LR-SELECTED-ROC,3,var_64,-0.045325249433517456,0.045325249433517456,-1,False,19,True
LR-SELECTED-ROC,3,var_65,0.036922190338373184,0.036922190338373184,1,False,19,True
LR-SELECTED-ROC,3,var_66,0.07163412868976593,0.07163412868976593,1,False,19,True
LR-SELECTED-ROC,3,var_67,0.14379720389842987,0.14379720389842987,1,False,19,True
LR-SELECTED-ROC,3,var_68,-0.03982037678360939,0.03982037678360939,-1,False,19,True
LR-SELECTED-ROC,3,var_69,0.017728237435221672,0.017728237435221672,1,False,19,True
LR-SELECTED-ROC,3,var_70,0.10399025678634644,0.10399025678634644,1,False,19,True
LR-SELECTED-ROC,3,var_71,0.11250410228967667,0.11250410228967667,1,False,19,True
LR-SELECTED-ROC,3,var_72,-0.04058235511183739,0.04058235511183739,-1,False,19,True
LR-SELECTED-ROC,3,var_73,-0.02823779359459877,0.02823779359459877,-1,False,19,True
LR-SELECTED-ROC,3,var_74,0.06593835353851318,0.06593835353851318,1,False,19,True
LR-SELECTED-ROC,3,var_75,-0.12261556088924408,0.12261556088924408,-1,False,19,True
LR-SELECTED-ROC,3,var_76,-0.2130325734615326,0.2130325734615326,-1,False,19,True
LR-SELECTED-ROC,3,var_77,-0.056681666523218155,0.056681666523218155,-1,False,19,True
LR-SELECTED-ROC,3,var_78,0.15655916929244995,0.15655916929244995,1,False,19,True
LR-SELECTED-ROC,3,var_79,0.007926205173134804,0.007926205173134804,1,False,19,True
LR-SELECTED-ROC,3,var_80,-0.1690799444913864,0.1690799444913864,-1,False,19,True
LR-SELECTED-ROC,3,var_81,-0.26068660616874695,0.26068660616874695,-1,False,19,True
LR-SELECTED-ROC,3,var_82,0.08090997487306595,0.08090997487306595,1,False,19,True
LR-SELECTED-ROC,3,var_83,-0.07128781080245972,0.07128781080245972,-1,False,19,True
LR-SELECTED-ROC,3,var_84,0.03159903362393379,0.03159903362393379,1,False,19,True
LR-SELECTED-ROC,3,var_85,-0.06702929735183716,0.06702929735183716,-1,False,19,True
LR-SELECTED-ROC,3,var_86,-0.12482976913452148,0.12482976913452148,-1,False,19,True
LR-SELECTED-ROC,3,var_87,-0.11490511149168015,0.11490511149168015,-1,False,19,True
LR-SELECTED-ROC,3,var_88,-0.0712718665599823,0.0712718665599823,-1,False,19,True
LR-SELECTED-ROC,3,var_89,0.12722748517990112,0.12722748517990112,1,False,19,True
LR-SELECTED-ROC,3,var_90,0.09416072815656662,0.09416072815656662,1,False,19,True
LR-SELECTED-ROC,3,var_91,0.11875568330287933,0.11875568330287933,1,False,19,True
LR-SELECTED-ROC,3,var_92,-0.14713509380817413,0.14713509380817413,-1,False,19,True
LR-SELECTED-ROC,3,var_93,-0.10913943499326706,0.10913943499326706,-1,False,19,True
LR-SELECTED-ROC,3,var_94,0.15978789329528809,0.15978789329528809,1,False,19,True
LR-SELECTED-ROC,3,var_95,0.12508204579353333,0.12508204579353333,1,False,19,True
LR-SELECTED-ROC,3,var_96,0.011083440855145454,0.011083440855145454,1,False,19,True
LR-SELECTED-ROC,3,var_97,0.052011676132678986,0.052011676132678986,1,False,19,True
LR-SELECTED-ROC,3,var_98,-0.010384606197476387,0.010384606197476387,-1,False,19,True
LR-SELECTED-ROC,3,var_99,0.18638448417186737,0.18638448417186737,1,False,19,True
LR-SELECTED-ROC,3,var_100,-0.0010146922431886196,0.0010146922431886196,-1,False,19,True
LR-SELECTED-ROC,3,var_101,-0.030988862738013268,0.030988862738013268,-1,False,19,True
LR-SELECTED-ROC,3,var_102,-0.060874514281749725,0.060874514281749725,-1,False,19,True
LR-SELECTED-ROC,3,var_103,0.0067505561746656895,0.0067505561746656895,1,False,19,True
LR-SELECTED-ROC,3,var_104,-0.08462940156459808,0.08462940156459808,-1,False,19,True
LR-SELECTED-ROC,3,var_105,0.0835762694478035,0.0835762694478035,1,False,19,True
LR-SELECTED-ROC,3,var_106,0.10687703639268875,0.10687703639268875,1,False,19,True
LR-SELECTED-ROC,3,var_107,-0.13700349628925323,0.13700349628925323,-1,False,19,True
LR-SELECTED-ROC,3,var_108,-0.1301325410604477,0.1301325410604477,-1,False,19,True
LR-SELECTED-ROC,3,var_109,-0.15307962894439697,0.15307962894439697,-1,False,19,True
LR-SELECTED-ROC,3,var_110,0.20228031277656555,0.20228031277656555,1,False,19,True
LR-SELECTED-ROC,3,var_111,0.08383569866418839,0.08383569866418839,1,False,19,True
LR-SELECTED-ROC,3,var_112,0.07329301536083221,0.07329301536083221,1,False,19,True
LR-SELECTED-ROC,3,var_113,-0.04997919127345085,0.04997919127345085,-1,False,19,True
LR-SELECTED-ROC,3,var_114,-0.07453355938196182,0.07453355938196182,-1,False,19,True
LR-SELECTED-ROC,3,var_115,-0.16078615188598633,0.16078615188598633,-1,False,19,True
LR-SELECTED-ROC,3,var_116,-0.08355841040611267,0.08355841040611267,-1,False,19,True
LR-SELECTED-ROC,3,var_117,-0.0028226084541529417,0.0028226084541529417,-1,False,19,True
LR-SELECTED-ROC,3,var_118,0.13445791602134705,0.13445791602134705,1,False,19,True
LR-SELECTED-ROC,3,var_119,0.09073784947395325,0.09073784947395325,1,False,19,True
LR-SELECTED-ROC,3,var_120,-0.030697155743837357,0.030697155743837357,-1,False,19,True
LR-SELECTED-ROC,3,var_121,-0.12109445035457611,0.12109445035457611,-1,False,19,True
LR-SELECTED-ROC,3,var_122,-0.1436314582824707,0.1436314582824707,-1,False,19,True
LR-SELECTED-ROC,3,var_123,-0.12384717166423798,0.12384717166423798,-1,False,19,True
LR-SELECTED-ROC,3,var_124,0.03145808354020119,0.03145808354020119,1,False,19,True
LR-SELECTED-ROC,3,var_125,0.08326598256826401,0.08326598256826401,1,False,19,True
LR-SELECTED-ROC,3,var_126,0.00892877858132124,0.00892877858132124,1,False,19,True
LR-SELECTED-ROC,3,var_127,-0.12272471189498901,0.12272471189498901,-1,False,19,True
LR-SELECTED-ROC,3,var_128,0.0854204073548317,0.0854204073548317,1,False,19,True
LR-SELECTED-ROC,3,var_129,-0.012222819030284882,0.012222819030284882,-1,False,19,True
LR-SELECTED-ROC,3,var_130,0.10388659685850143,0.10388659685850143,1,False,19,True
LR-SELECTED-ROC,3,var_131,-0.104537732899189,0.104537732899189,-1,False,19,True
LR-SELECTED-ROC,3,var_132,-0.09103409200906754,0.09103409200906754,-1,False,19,True
LR-SELECTED-ROC,3,var_133,0.16879665851593018,0.16879665851593018,1,False,19,True
LR-SELECTED-ROC,3,var_134,0.05582646280527115,0.05582646280527115,1,False,19,True
LR-SELECTED-ROC,3,var_135,0.08614007383584976,0.08614007383584976,1,False,19,True
LR-SELECTED-ROC,3,var_136,-0.02192356437444687,0.02192356437444687,-1,False,19,True
LR-SELECTED-ROC,3,var_137,0.08856984972953796,0.08856984972953796,1,False,19,True
LR-SELECTED-ROC,3,var_138,0.05145157128572464,0.05145157128572464,1,False,19,True
LR-SELECTED-ROC,3,var_139,-0.23614458739757538,0.23614458739757538,-1,False,19,True
LR-SELECTED-ROC,3,var_140,0.06063813343644142,0.06063813343644142,1,False,19,True
LR-SELECTED-ROC,3,var_141,-0.09786427021026611,0.09786427021026611,-1,False,19,True
LR-SELECTED-ROC,3,var_142,-0.06246287003159523,0.06246287003159523,-1,False,19,True
LR-SELECTED-ROC,3,var_143,-0.04029326140880585,0.04029326140880585,-1,False,19,True
LR-SELECTED-ROC,3,var_144,0.06672614067792892,0.06672614067792892,1,False,19,True
LR-SELECTED-ROC,3,var_145,0.11737079918384552,0.11737079918384552,1,False,19,True
LR-SELECTED-ROC,3,var_146,-0.1939341276884079,0.1939341276884079,-1,False,19,True
LR-SELECTED-ROC,3,var_147,0.11902740597724915,0.11902740597724915,1,False,19,True
LR-SELECTED-ROC,3,var_148,-0.1646224856376648,0.1646224856376648,-1,False,19,True
LR-SELECTED-ROC,3,var_149,-0.13983353972434998,0.13983353972434998,-1,False,19,True
LR-SELECTED-ROC,3,var_150,-0.09592532366514206,0.09592532366514206,-1,False,19,True
LR-SELECTED-ROC,3,var_151,0.09080218523740768,0.09080218523740768,1,False,19,True
LR-SELECTED-ROC,3,var_152,-0.03581639751791954,0.03581639751791954,-1,False,19,True
LR-SELECTED-ROC,3,var_153,-0.02052229642868042,0.02052229642868042,-1,False,19,True
LR-SELECTED-ROC,3,var_154,-0.15502212941646576,0.15502212941646576,-1,False,19,True
LR-SELECTED-ROC,3,var_155,0.12420105934143066,0.12420105934143066,1,False,19,True
LR-SELECTED-ROC,3,var_156,-0.06707301735877991,0.06707301735877991,-1,False,19,True
LR-SELECTED-ROC,3,var_157,0.09885425120592117,0.09885425120592117,1,False,19,True
LR-SELECTED-ROC,3,var_158,-0.0003750894102267921,0.0003750894102267921,-1,False,19,True
LR-SELECTED-ROC,3,var_159,0.045676134526729584,0.045676134526729584,1,False,19,True
LR-SELECTED-ROC,3,var_160,-0.016409166157245636,0.016409166157245636,-1,False,19,True
LR-SELECTED-ROC,3,var_161,0.011251414194703102,0.011251414194703102,1,False,19,True
LR-SELECTED-ROC,3,var_162,0.10688915848731995,0.10688915848731995,1,False,19,True
LR-SELECTED-ROC,3,var_163,0.09233643114566803,0.09233643114566803,1,False,19,True
LR-SELECTED-ROC,3,var_164,0.13494150340557098,0.13494150340557098,1,False,19,True
LR-SELECTED-ROC,3,var_165,-0.16530080139636993,0.16530080139636993,-1,False,19,True
LR-SELECTED-ROC,3,var_166,-0.17748390138149261,0.17748390138149261,-1,False,19,True
LR-SELECTED-ROC,3,var_167,0.08788812905550003,0.08788812905550003,1,False,19,True
LR-SELECTED-ROC,3,var_168,0.042720429599285126,0.042720429599285126,1,False,19,True
LR-SELECTED-ROC,3,var_169,-0.15455995500087738,0.15455995500087738,-1,False,19,True
LR-SELECTED-ROC,3,var_170,0.16086657345294952,0.16086657345294952,1,False,19,True
LR-SELECTED-ROC,3,var_171,0.04553845524787903,0.04553845524787903,1,False,19,True
LR-SELECTED-ROC,3,var_172,-0.12362011522054672,0.12362011522054672,-1,False,19,True
LR-SELECTED-ROC,3,var_173,0.14378993213176727,0.14378993213176727,1,False,19,True
LR-SELECTED-ROC,3,var_174,-0.19678297638893127,0.19678297638893127,-1,False,19,True
LR-SELECTED-ROC,3,var_175,0.07493013888597488,0.07493013888597488,1,False,19,True
LR-SELECTED-ROC,3,var_176,0.0385139174759388,0.0385139174759388,1,False,19,True
LR-SELECTED-ROC,3,var_177,-0.12063977867364883,0.12063977867364883,-1,False,19,True
LR-SELECTED-ROC,3,var_178,-0.06082727387547493,0.06082727387547493,-1,False,19,True
LR-SELECTED-ROC,3,var_179,0.15783895552158356,0.15783895552158356,1,False,19,True
LR-SELECTED-ROC,3,var_180,0.09823508560657501,0.09823508560657501,1,False,19,True
LR-SELECTED-ROC,3,var_181,0.04762459918856621,0.04762459918856621,1,False,19,True
LR-SELECTED-ROC,3,var_182,-0.038287173956632614,0.038287173956632614,-1,False,19,True
LR-SELECTED-ROC,3,var_183,-0.0006386462482623756,0.0006386462482623756,-1,False,19,True
LR-SELECTED-ROC,3,var_184,0.14998117089271545,0.14998117089271545,1,False,19,True
LR-SELECTED-ROC,3,var_185,-0.0014128077309578657,0.0014128077309578657,-1,False,19,True
LR-SELECTED-ROC,3,var_186,-0.09777071326971054,0.09777071326971054,-1,False,19,True
LR-SELECTED-ROC,3,var_187,0.04216042160987854,0.04216042160987854,1,False,19,True
LR-SELECTED-ROC,3,var_188,-0.11004002392292023,0.11004002392292023,-1,False,19,True
LR-SELECTED-ROC,3,var_189,0.03555634990334511,0.03555634990334511,1,False,19,True
LR-SELECTED-ROC,3,var_190,0.18654747307300568,0.18654747307300568,1,False,19,True
LR-SELECTED-ROC,3,var_191,0.15007051825523376,0.15007051825523376,1,False,19,True
LR-SELECTED-ROC,3,var_192,-0.13534700870513916,0.13534700870513916,-1,False,19,True
LR-SELECTED-ROC,3,var_193,-0.060266684740781784,0.060266684740781784,-1,False,19,True
LR-SELECTED-ROC,3,var_194,-0.07280928641557693,0.07280928641557693,-1,False,19,True
LR-SELECTED-ROC,3,var_195,0.09306000918149948,0.09306000918149948,1,False,19,True
LR-SELECTED-ROC,3,var_196,0.07373227179050446,0.07373227179050446,1,False,19,True
LR-SELECTED-ROC,3,var_197,-0.11238556355237961,0.11238556355237961,-1,False,19,True
LR-SELECTED-ROC,3,var_198,-0.158527672290802,0.158527672290802,-1,False,19,True
LR-SELECTED-ROC,3,var_199,0.09039150923490524,0.09039150923490524,1,False,19,True
LR-SELECTED-ROC,4,var_0,0.16237744688987732,0.16237744688987732,1,False,19,True
LR-SELECTED-ROC,4,var_1,0.17001311480998993,0.17001311480998993,1,False,19,True
LR-SELECTED-ROC,4,var_2,0.1785530000925064,0.1785530000925064,1,False,19,True
LR-SELECTED-ROC,4,var_3,0.0319836400449276,0.0319836400449276,1,False,19,True
LR-SELECTED-ROC,4,var_4,0.041773729026317596,0.041773729026317596,1,False,19,True
LR-SELECTED-ROC,4,var_5,0.10958569496870041,0.10958569496870041,1,False,19,True
LR-SELECTED-ROC,4,var_6,0.2268897444009781,0.2268897444009781,1,False,19,True
LR-SELECTED-ROC,4,var_7,-0.014750193804502487,0.014750193804502487,-1,False,19,True
LR-SELECTED-ROC,4,var_8,0.056782182306051254,0.056782182306051254,1,False,19,True
LR-SELECTED-ROC,4,var_9,-0.14490358531475067,0.14490358531475067,-1,False,19,True
LR-SELECTED-ROC,4,var_10,-0.0047623212449252605,0.0047623212449252605,-1,False,19,True
LR-SELECTED-ROC,4,var_11,0.07484357059001923,0.07484357059001923,1,False,19,True
LR-SELECTED-ROC,4,var_12,-0.20951437950134277,0.20951437950134277,-1,False,19,True
LR-SELECTED-ROC,4,var_13,-0.17964984476566315,0.17964984476566315,-1,False,19,True
LR-SELECTED-ROC,4,var_14,-0.013520249165594578,0.013520249165594578,-1,False,19,True
LR-SELECTED-ROC,4,var_15,0.0587882325053215,0.0587882325053215,1,False,19,True
LR-SELECTED-ROC,4,var_16,0.018745440989732742,0.018745440989732742,1,False,19,True
LR-SELECTED-ROC,4,var_17,0.0020487660076469183,0.0020487660076469183,1,False,19,True
LR-SELECTED-ROC,4,var_18,0.13846224546432495,0.13846224546432495,1,False,19,True
LR-SELECTED-ROC,4,var_19,0.042729493230581284,0.042729493230581284,1,False,19,True
LR-SELECTED-ROC,4,var_20,-0.061370205134153366,0.061370205134153366,-1,False,19,True
LR-SELECTED-ROC,4,var_21,-0.19445300102233887,0.19445300102233887,-1,False,19,True
LR-SELECTED-ROC,4,var_22,0.1987478882074356,0.1987478882074356,1,False,19,True
LR-SELECTED-ROC,4,var_23,-0.08159705251455307,0.08159705251455307,-1,False,19,True
LR-SELECTED-ROC,4,var_24,0.0795193612575531,0.0795193612575531,1,False,19,True
LR-SELECTED-ROC,4,var_25,0.05594480410218239,0.05594480410218239,1,False,19,True
LR-SELECTED-ROC,4,var_26,0.19900164008140564,0.19900164008140564,1,False,19,True
LR-SELECTED-ROC,4,var_27,-0.004715482238680124,0.004715482238680124,-1,False,19,True
LR-SELECTED-ROC,4,var_28,-0.08130950480699539,0.08130950480699539,-1,False,19,True
LR-SELECTED-ROC,4,var_29,0.021969269961118698,0.021969269961118698,1,False,19,True
LR-SELECTED-ROC,4,var_30,-0.004230998922139406,0.004230998922139406,-1,False,19,True
LR-SELECTED-ROC,4,var_31,-0.08643064647912979,0.08643064647912979,-1,False,19,True
LR-SELECTED-ROC,4,var_32,0.10115847736597061,0.10115847736597061,1,False,19,True
LR-SELECTED-ROC,4,var_33,-0.148345947265625,0.148345947265625,-1,False,19,True
LR-SELECTED-ROC,4,var_34,-0.1806148737668991,0.1806148737668991,-1,False,19,True
LR-SELECTED-ROC,4,var_35,0.12192603200674057,0.12192603200674057,1,False,19,True
LR-SELECTED-ROC,4,var_36,-0.12038970738649368,0.12038970738649368,-1,False,19,True
LR-SELECTED-ROC,4,var_37,0.03793896362185478,0.03793896362185478,1,False,19,True
LR-SELECTED-ROC,4,var_38,0.01185679342597723,0.01185679342597723,1,False,19,True
LR-SELECTED-ROC,4,var_39,-0.019856099039316177,0.019856099039316177,-1,False,19,True
LR-SELECTED-ROC,4,var_40,0.16031670570373535,0.16031670570373535,1,False,19,True
LR-SELECTED-ROC,4,var_41,0.0015409112675115466,0.0015409112675115466,1,False,19,True
LR-SELECTED-ROC,4,var_42,-0.01898416131734848,0.01898416131734848,-1,False,19,True
LR-SELECTED-ROC,4,var_43,-0.09182432293891907,0.09182432293891907,-1,False,19,True
LR-SELECTED-ROC,4,var_44,-0.16081103682518005,0.16081103682518005,-1,False,19,True
LR-SELECTED-ROC,4,var_45,-0.07964221388101578,0.07964221388101578,-1,False,19,True
LR-SELECTED-ROC,4,var_46,0.013128234073519707,0.013128234073519707,1,False,19,True
LR-SELECTED-ROC,4,var_47,0.031956326216459274,0.031956326216459274,1,False,19,True
LR-SELECTED-ROC,4,var_48,0.09750375896692276,0.09750375896692276,1,False,19,True
LR-SELECTED-ROC,4,var_49,0.10109468549489975,0.10109468549489975,1,False,19,True
LR-SELECTED-ROC,4,var_50,-0.05087576061487198,0.05087576061487198,-1,False,19,True
LR-SELECTED-ROC,4,var_51,0.0668817013502121,0.0668817013502121,1,False,19,True
LR-SELECTED-ROC,4,var_52,0.08878257125616074,0.08878257125616074,1,False,19,True
LR-SELECTED-ROC,4,var_53,0.2110861837863922,0.2110861837863922,1,False,19,True
LR-SELECTED-ROC,4,var_54,-0.0580369308590889,0.0580369308590889,-1,False,19,True
LR-SELECTED-ROC,4,var_55,0.051784951239824295,0.051784951239824295,1,False,19,True
LR-SELECTED-ROC,4,var_56,-0.10766224563121796,0.10766224563121796,-1,False,19,True
LR-SELECTED-ROC,4,var_57,-0.04747363179922104,0.04747363179922104,-1,False,19,True
LR-SELECTED-ROC,4,var_58,-0.08002916723489761,0.08002916723489761,-1,False,19,True
LR-SELECTED-ROC,4,var_59,-0.028759494423866272,0.028759494423866272,-1,False,19,True
LR-SELECTED-ROC,4,var_60,0.03122100979089737,0.03122100979089737,1,False,19,True
LR-SELECTED-ROC,4,var_61,0.025051333010196686,0.025051333010196686,1,False,19,True
LR-SELECTED-ROC,4,var_62,0.05091560631990433,0.05091560631990433,1,False,19,True
LR-SELECTED-ROC,4,var_63,-0.05132310464978218,0.05132310464978218,-1,False,19,True
LR-SELECTED-ROC,4,var_64,-0.04950031265616417,0.04950031265616417,-1,False,19,True
LR-SELECTED-ROC,4,var_65,0.04299347847700119,0.04299347847700119,1,False,19,True
LR-SELECTED-ROC,4,var_66,0.0721229612827301,0.0721229612827301,1,False,19,True
LR-SELECTED-ROC,4,var_67,0.15601028501987457,0.15601028501987457,1,False,19,True
LR-SELECTED-ROC,4,var_68,-0.04239141196012497,0.04239141196012497,-1,False,19,True
LR-SELECTED-ROC,4,var_69,0.017809871584177017,0.017809871584177017,1,False,19,True
LR-SELECTED-ROC,4,var_70,0.09813275933265686,0.09813275933265686,1,False,19,True
LR-SELECTED-ROC,4,var_71,0.10432612150907516,0.10432612150907516,1,False,19,True
LR-SELECTED-ROC,4,var_72,-0.038014966994524,0.038014966994524,-1,False,19,True
LR-SELECTED-ROC,4,var_73,-0.028653983026742935,0.028653983026742935,-1,False,19,True
LR-SELECTED-ROC,4,var_74,0.058890923857688904,0.058890923857688904,1,False,19,True
LR-SELECTED-ROC,4,var_75,-0.12038373202085495,0.12038373202085495,-1,False,19,True
LR-SELECTED-ROC,4,var_76,-0.20662370324134827,0.20662370324134827,-1,False,19,True
LR-SELECTED-ROC,4,var_77,-0.05243752896785736,0.05243752896785736,-1,False,19,True
LR-SELECTED-ROC,4,var_78,0.16070549190044403,0.16070549190044403,1,False,19,True
LR-SELECTED-ROC,4,var_79,0.017248356714844704,0.017248356714844704,1,False,19,True
LR-SELECTED-ROC,4,var_80,-0.18077977001667023,0.18077977001667023,-1,False,19,True
LR-SELECTED-ROC,4,var_81,-0.256264865398407,0.256264865398407,-1,False,19,True
LR-SELECTED-ROC,4,var_82,0.07617431879043579,0.07617431879043579,1,False,19,True
LR-SELECTED-ROC,4,var_83,-0.06393180042505264,0.06393180042505264,-1,False,19,True
LR-SELECTED-ROC,4,var_84,0.038028743118047714,0.038028743118047714,1,False,19,True
LR-SELECTED-ROC,4,var_85,-0.060959942638874054,0.060959942638874054,-1,False,19,True
LR-SELECTED-ROC,4,var_86,-0.11439359188079834,0.11439359188079834,-1,False,19,True
LR-SELECTED-ROC,4,var_87,-0.10652680695056915,0.10652680695056915,-1,False,19,True
LR-SELECTED-ROC,4,var_88,-0.07171744853258133,0.07171744853258133,-1,False,19,True
LR-SELECTED-ROC,4,var_89,0.13871261477470398,0.13871261477470398,1,False,19,True
LR-SELECTED-ROC,4,var_90,0.0977153480052948,0.0977153480052948,1,False,19,True
LR-SELECTED-ROC,4,var_91,0.12021522969007492,0.12021522969007492,1,False,19,True
LR-SELECTED-ROC,4,var_92,-0.14631207287311554,0.14631207287311554,-1,False,19,True
LR-SELECTED-ROC,4,var_93,-0.10527288913726807,0.10527288913726807,-1,False,19,True
LR-SELECTED-ROC,4,var_94,0.16281826794147491,0.16281826794147491,1,False,19,True
LR-SELECTED-ROC,4,var_95,0.12775810062885284,0.12775810062885284,1,False,19,True
LR-SELECTED-ROC,4,var_96,0.002575348597019911,0.002575348597019911,1,False,19,True
LR-SELECTED-ROC,4,var_97,0.051309697329998016,0.051309697329998016,1,False,19,True
LR-SELECTED-ROC,4,var_98,-0.018861455842852592,0.018861455842852592,-1,False,19,True
LR-SELECTED-ROC,4,var_99,0.19385258853435516,0.19385258853435516,1,False,19,True
LR-SELECTED-ROC,4,var_100,0.009954235516488552,0.009954235516488552,1,False,19,True
LR-SELECTED-ROC,4,var_101,-0.03030567429959774,0.03030567429959774,-1,False,19,True
LR-SELECTED-ROC,4,var_102,-0.05763615667819977,0.05763615667819977,-1,False,19,True
LR-SELECTED-ROC,4,var_103,-0.0024653379805386066,0.0024653379805386066,-1,False,19,True
LR-SELECTED-ROC,4,var_104,-0.08645470440387726,0.08645470440387726,-1,False,19,True
LR-SELECTED-ROC,4,var_105,0.0753525048494339,0.0753525048494339,1,False,19,True
LR-SELECTED-ROC,4,var_106,0.11143811792135239,0.11143811792135239,1,False,19,True
LR-SELECTED-ROC,4,var_107,-0.14402049779891968,0.14402049779891968,-1,False,19,True
LR-SELECTED-ROC,4,var_108,-0.1408134400844574,0.1408134400844574,-1,False,19,True
LR-SELECTED-ROC,4,var_109,-0.16656914353370667,0.16656914353370667,-1,False,19,True
LR-SELECTED-ROC,4,var_110,0.20727813243865967,0.20727813243865967,1,False,19,True
LR-SELECTED-ROC,4,var_111,0.08585406839847565,0.08585406839847565,1,False,19,True
LR-SELECTED-ROC,4,var_112,0.07329285889863968,0.07329285889863968,1,False,19,True
LR-SELECTED-ROC,4,var_113,-0.05376899987459183,0.05376899987459183,-1,False,19,True
LR-SELECTED-ROC,4,var_114,-0.07539790123701096,0.07539790123701096,-1,False,19,True
LR-SELECTED-ROC,4,var_115,-0.16198040544986725,0.16198040544986725,-1,False,19,True
LR-SELECTED-ROC,4,var_116,-0.0634259283542633,0.0634259283542633,-1,False,19,True
LR-SELECTED-ROC,4,var_117,0.0048888870514929295,0.0048888870514929295,1,False,19,True
LR-SELECTED-ROC,4,var_118,0.1433575451374054,0.1433575451374054,1,False,19,True
LR-SELECTED-ROC,4,var_119,0.09034574776887894,0.09034574776887894,1,False,19,True
LR-SELECTED-ROC,4,var_120,-0.04017329961061478,0.04017329961061478,-1,False,19,True
LR-SELECTED-ROC,4,var_121,-0.12156254053115845,0.12156254053115845,-1,False,19,True
LR-SELECTED-ROC,4,var_122,-0.137384295463562,0.137384295463562,-1,False,19,True
LR-SELECTED-ROC,4,var_123,-0.1203979030251503,0.1203979030251503,-1,False,19,True
LR-SELECTED-ROC,4,var_124,0.015115191228687763,0.015115191228687763,1,False,19,True
LR-SELECTED-ROC,4,var_125,0.08845169097185135,0.08845169097185135,1,False,19,True
LR-SELECTED-ROC,4,var_126,0.01381024532020092,0.01381024532020092,1,False,19,True
LR-SELECTED-ROC,4,var_127,-0.12515878677368164,0.12515878677368164,-1,False,19,True
LR-SELECTED-ROC,4,var_128,0.08841950446367264,0.08841950446367264,1,False,19,True
LR-SELECTED-ROC,4,var_129,-0.02913815714418888,0.02913815714418888,-1,False,19,True
LR-SELECTED-ROC,4,var_130,0.10996420681476593,0.10996420681476593,1,False,19,True
LR-SELECTED-ROC,4,var_131,-0.09878459572792053,0.09878459572792053,-1,False,19,True
LR-SELECTED-ROC,4,var_132,-0.099349245429039,0.099349245429039,-1,False,19,True
LR-SELECTED-ROC,4,var_133,0.1731644868850708,0.1731644868850708,1,False,19,True
LR-SELECTED-ROC,4,var_134,0.059818901121616364,0.059818901121616364,1,False,19,True
LR-SELECTED-ROC,4,var_135,0.08857114613056183,0.08857114613056183,1,False,19,True
LR-SELECTED-ROC,4,var_136,-0.022243281826376915,0.022243281826376915,-1,False,19,True
LR-SELECTED-ROC,4,var_137,0.08564852178096771,0.08564852178096771,1,False,19,True
LR-SELECTED-ROC,4,var_138,0.05478917807340622,0.05478917807340622,1,False,19,True
LR-SELECTED-ROC,4,var_139,-0.236933633685112,0.236933633685112,-1,False,19,True
LR-SELECTED-ROC,4,var_140,0.053676873445510864,0.053676873445510864,1,False,19,True
LR-SELECTED-ROC,4,var_141,-0.10741173475980759,0.10741173475980759,-1,False,19,True
LR-SELECTED-ROC,4,var_142,-0.06049370765686035,0.06049370765686035,-1,False,19,True
LR-SELECTED-ROC,4,var_143,-0.03678884729743004,0.03678884729743004,-1,False,19,True
LR-SELECTED-ROC,4,var_144,0.06731479614973068,0.06731479614973068,1,False,19,True
LR-SELECTED-ROC,4,var_145,0.09595229476690292,0.09595229476690292,1,False,19,True
LR-SELECTED-ROC,4,var_146,-0.20538979768753052,0.20538979768753052,-1,False,19,True
LR-SELECTED-ROC,4,var_147,0.13013334572315216,0.13013334572315216,1,False,19,True
LR-SELECTED-ROC,4,var_148,-0.17333796620368958,0.17333796620368958,-1,False,19,True
LR-SELECTED-ROC,4,var_149,-0.15731242299079895,0.15731242299079895,-1,False,19,True
LR-SELECTED-ROC,4,var_150,-0.09386170655488968,0.09386170655488968,-1,False,19,True
LR-SELECTED-ROC,4,var_151,0.08653055876493454,0.08653055876493454,1,False,19,True
LR-SELECTED-ROC,4,var_152,-0.038381148129701614,0.038381148129701614,-1,False,19,True
LR-SELECTED-ROC,4,var_153,-0.015238592401146889,0.015238592401146889,-1,False,19,True
LR-SELECTED-ROC,4,var_154,-0.15166476368904114,0.15166476368904114,-1,False,19,True
LR-SELECTED-ROC,4,var_155,0.13608379662036896,0.13608379662036896,1,False,19,True
LR-SELECTED-ROC,4,var_156,-0.06541457027196884,0.06541457027196884,-1,False,19,True
LR-SELECTED-ROC,4,var_157,0.09490136802196503,0.09490136802196503,1,False,19,True
LR-SELECTED-ROC,4,var_158,-0.01501135341823101,0.01501135341823101,-1,False,19,True
LR-SELECTED-ROC,4,var_159,0.05153050273656845,0.05153050273656845,1,False,19,True
LR-SELECTED-ROC,4,var_160,-0.01094833854585886,0.01094833854585886,-1,False,19,True
LR-SELECTED-ROC,4,var_161,0.019753169268369675,0.019753169268369675,1,False,19,True
LR-SELECTED-ROC,4,var_162,0.11511693149805069,0.11511693149805069,1,False,19,True
LR-SELECTED-ROC,4,var_163,0.1018342599272728,0.1018342599272728,1,False,19,True
LR-SELECTED-ROC,4,var_164,0.13530811667442322,0.13530811667442322,1,False,19,True
LR-SELECTED-ROC,4,var_165,-0.16466160118579865,0.16466160118579865,-1,False,19,True
LR-SELECTED-ROC,4,var_166,-0.17328739166259766,0.17328739166259766,-1,False,19,True
LR-SELECTED-ROC,4,var_167,0.09340587258338928,0.09340587258338928,1,False,19,True
LR-SELECTED-ROC,4,var_168,0.048215560615062714,0.048215560615062714,1,False,19,True
LR-SELECTED-ROC,4,var_169,-0.1582452356815338,0.1582452356815338,-1,False,19,True
LR-SELECTED-ROC,4,var_170,0.1574951708316803,0.1574951708316803,1,False,19,True
LR-SELECTED-ROC,4,var_171,0.06146489456295967,0.06146489456295967,1,False,19,True
LR-SELECTED-ROC,4,var_172,-0.12061072140932083,0.12061072140932083,-1,False,19,True
LR-SELECTED-ROC,4,var_173,0.1422957181930542,0.1422957181930542,1,False,19,True
LR-SELECTED-ROC,4,var_174,-0.19505031406879425,0.19505031406879425,-1,False,19,True
LR-SELECTED-ROC,4,var_175,0.08219998329877853,0.08219998329877853,1,False,19,True
LR-SELECTED-ROC,4,var_176,0.0398232638835907,0.0398232638835907,1,False,19,True
LR-SELECTED-ROC,4,var_177,-0.11525017023086548,0.11525017023086548,-1,False,19,True
LR-SELECTED-ROC,4,var_178,-0.05950673669576645,0.05950673669576645,-1,False,19,True
LR-SELECTED-ROC,4,var_179,0.15338842570781708,0.15338842570781708,1,False,19,True
LR-SELECTED-ROC,4,var_180,0.0998133048415184,0.0998133048415184,1,False,19,True
LR-SELECTED-ROC,4,var_181,0.049268078058958054,0.049268078058958054,1,False,19,True
LR-SELECTED-ROC,4,var_182,-0.043509356677532196,0.043509356677532196,-1,False,19,True
LR-SELECTED-ROC,4,var_183,-0.008087188005447388,0.008087188005447388,-1,False,19,True
LR-SELECTED-ROC,4,var_184,0.14781709015369415,0.14781709015369415,1,False,19,True
LR-SELECTED-ROC,4,var_185,0.0036999485455453396,0.0036999485455453396,1,False,19,True
LR-SELECTED-ROC,4,var_186,-0.08801774680614471,0.08801774680614471,-1,False,19,True
LR-SELECTED-ROC,4,var_187,0.04914671927690506,0.04914671927690506,1,False,19,True
LR-SELECTED-ROC,4,var_188,-0.1252852827310562,0.1252852827310562,-1,False,19,True
LR-SELECTED-ROC,4,var_189,0.012713521718978882,0.012713521718978882,1,False,19,True
LR-SELECTED-ROC,4,var_190,0.18862289190292358,0.18862289190292358,1,False,19,True
LR-SELECTED-ROC,4,var_191,0.14860759675502777,0.14860759675502777,1,False,19,True
LR-SELECTED-ROC,4,var_192,-0.138422429561615,0.138422429561615,-1,False,19,True
LR-SELECTED-ROC,4,var_193,-0.06136982887983322,0.06136982887983322,-1,False,19,True
LR-SELECTED-ROC,4,var_194,-0.07140891253948212,0.07140891253948212,-1,False,19,True
LR-SELECTED-ROC,4,var_195,0.09992916882038116,0.09992916882038116,1,False,19,True
LR-SELECTED-ROC,4,var_196,0.07531331479549408,0.07531331479549408,1,False,19,True
LR-SELECTED-ROC,4,var_197,-0.12209726870059967,0.12209726870059967,-1,False,19,True
LR-SELECTED-ROC,4,var_198,-0.17910052835941315,0.17910052835941315,-1,False,19,True
LR-SELECTED-ROC,4,var_199,0.0890040397644043,0.0890040397644043,1,False,19,True
LR-SELECTED-ROC,5,var_0,0.16221396625041962,0.16221396625041962,1,False,20,True
LR-SELECTED-ROC,5,var_1,0.15633466839790344,0.15633466839790344,1,False,20,True
LR-SELECTED-ROC,5,var_2,0.1629553586244583,0.1629553586244583,1,False,20,True
LR-SELECTED-ROC,5,var_3,0.0338156633079052,0.0338156633079052,1,False,20,True
LR-SELECTED-ROC,5,var_4,0.031564295291900635,0.031564295291900635,1,False,20,True
LR-SELECTED-ROC,5,var_5,0.11534125357866287,0.11534125357866287,1,False,20,True
LR-SELECTED-ROC,5,var_6,0.22418680787086487,0.22418680787086487,1,False,20,True
LR-SELECTED-ROC,5,var_7,-0.015354606322944164,0.015354606322944164,-1,False,20,True
LR-SELECTED-ROC,5,var_8,0.06484284996986389,0.06484284996986389,1,False,20,True
LR-SELECTED-ROC,5,var_9,-0.13860566914081573,0.13860566914081573,-1,False,20,True
LR-SELECTED-ROC,5,var_10,-0.007793093100190163,0.007793093100190163,-1,False,20,True
LR-SELECTED-ROC,5,var_11,0.07895250618457794,0.07895250618457794,1,False,20,True
LR-SELECTED-ROC,5,var_12,-0.2196146845817566,0.2196146845817566,-1,False,20,True
LR-SELECTED-ROC,5,var_13,-0.17659664154052734,0.17659664154052734,-1,False,20,True
LR-SELECTED-ROC,5,var_14,-0.019158456474542618,0.019158456474542618,-1,False,20,True
LR-SELECTED-ROC,5,var_15,0.06426973640918732,0.06426973640918732,1,False,20,True
LR-SELECTED-ROC,5,var_16,0.012343863025307655,0.012343863025307655,1,False,20,True
LR-SELECTED-ROC,5,var_17,-0.0008959415717981756,0.0008959415717981756,-1,False,20,True
LR-SELECTED-ROC,5,var_18,0.12252537906169891,0.12252537906169891,1,False,20,True
LR-SELECTED-ROC,5,var_19,0.03925713151693344,0.03925713151693344,1,False,20,True
LR-SELECTED-ROC,5,var_20,-0.06553303450345993,0.06553303450345993,-1,False,20,True
LR-SELECTED-ROC,5,var_21,-0.19853487610816956,0.19853487610816956,-1,False,20,True
LR-SELECTED-ROC,5,var_22,0.19524995982646942,0.19524995982646942,1,False,20,True
LR-SELECTED-ROC,5,var_23,-0.09468958526849747,0.09468958526849747,-1,False,20,True
LR-SELECTED-ROC,5,var_24,0.08049461245536804,0.08049461245536804,1,False,20,True
LR-SELECTED-ROC,5,var_25,0.06093942001461983,0.06093942001461983,1,False,20,True
LR-SELECTED-ROC,5,var_26,0.1979706585407257,0.1979706585407257,1,False,20,True
LR-SELECTED-ROC,5,var_27,-0.007419861853122711,0.007419861853122711,-1,False,20,True
LR-SELECTED-ROC,5,var_28,-0.07563883066177368,0.07563883066177368,-1,False,20,True
LR-SELECTED-ROC,5,var_29,0.010937581770122051,0.010937581770122051,1,False,20,True
LR-SELECTED-ROC,5,var_30,0.0005948010948486626,0.0005948010948486626,1,False,20,True
LR-SELECTED-ROC,5,var_31,-0.0830281525850296,0.0830281525850296,-1,False,20,True
LR-SELECTED-ROC,5,var_32,0.1001332625746727,0.1001332625746727,1,False,20,True
LR-SELECTED-ROC,5,var_33,-0.16181580722332,0.16181580722332,-1,False,20,True
LR-SELECTED-ROC,5,var_34,-0.18946895003318787,0.18946895003318787,-1,False,20,True
LR-SELECTED-ROC,5,var_35,0.11692351847887039,0.11692351847887039,1,False,20,True
LR-SELECTED-ROC,5,var_36,-0.13375046849250793,0.13375046849250793,-1,False,20,True
LR-SELECTED-ROC,5,var_37,0.021954573690891266,0.021954573690891266,1,False,20,True
LR-SELECTED-ROC,5,var_38,0.013134105131030083,0.013134105131030083,1,False,20,True
LR-SELECTED-ROC,5,var_39,-0.029377760365605354,0.029377760365605354,-1,False,20,True
LR-SELECTED-ROC,5,var_40,0.1701200157403946,0.1701200157403946,1,False,20,True
LR-SELECTED-ROC,5,var_41,0.006367596331983805,0.006367596331983805,1,False,20,True
LR-SELECTED-ROC,5,var_42,-0.0374225452542305,0.0374225452542305,-1,False,20,True
LR-SELECTED-ROC,5,var_43,-0.0996493548154831,0.0996493548154831,-1,False,20,True
LR-SELECTED-ROC,5,var_44,-0.1694803088903427,0.1694803088903427,-1,False,20,True
LR-SELECTED-ROC,5,var_45,-0.0703386589884758,0.0703386589884758,-1,False,20,True
LR-SELECTED-ROC,5,var_46,0.01844944804906845,0.01844944804906845,1,False,20,True
LR-SELECTED-ROC,5,var_47,0.035003818571567535,0.035003818571567535,1,False,20,True
LR-SELECTED-ROC,5,var_48,0.10098512470722198,0.10098512470722198,1,False,20,True
LR-SELECTED-ROC,5,var_49,0.08819930255413055,0.08819930255413055,1,False,20,True
LR-SELECTED-ROC,5,var_50,-0.043068088591098785,0.043068088591098785,-1,False,20,True
LR-SELECTED-ROC,5,var_51,0.06722068041563034,0.06722068041563034,1,False,20,True
LR-SELECTED-ROC,5,var_52,0.09072893112897873,0.09072893112897873,1,False,20,True
LR-SELECTED-ROC,5,var_53,0.21278083324432373,0.21278083324432373,1,False,20,True
LR-SELECTED-ROC,5,var_54,-0.05067990720272064,0.05067990720272064,-1,False,20,True
LR-SELECTED-ROC,5,var_55,0.061565037816762924,0.061565037816762924,1,False,20,True
LR-SELECTED-ROC,5,var_56,-0.10023424029350281,0.10023424029350281,-1,False,20,True
LR-SELECTED-ROC,5,var_57,-0.05127580463886261,0.05127580463886261,-1,False,20,True
LR-SELECTED-ROC,5,var_58,-0.07570969313383102,0.07570969313383102,-1,False,20,True
LR-SELECTED-ROC,5,var_59,-0.03986023738980293,0.03986023738980293,-1,False,20,True
LR-SELECTED-ROC,5,var_60,0.033953215926885605,0.033953215926885605,1,False,20,True
LR-SELECTED-ROC,5,var_61,0.02455754019320011,0.02455754019320011,1,False,20,True
LR-SELECTED-ROC,5,var_62,0.05146750807762146,0.05146750807762146,1,False,20,True
LR-SELECTED-ROC,5,var_63,-0.05643632262945175,0.05643632262945175,-1,False,20,True
LR-SELECTED-ROC,5,var_64,-0.04668933525681496,0.04668933525681496,-1,False,20,True
LR-SELECTED-ROC,5,var_65,0.03364861384034157,0.03364861384034157,1,False,20,True
LR-SELECTED-ROC,5,var_66,0.06582079827785492,0.06582079827785492,1,False,20,True
LR-SELECTED-ROC,5,var_67,0.15216469764709473,0.15216469764709473,1,False,20,True
LR-SELECTED-ROC,5,var_68,-0.043221354484558105,0.043221354484558105,-1,False,20,True
LR-SELECTED-ROC,5,var_69,0.01944204792380333,0.01944204792380333,1,False,20,True
LR-SELECTED-ROC,5,var_70,0.08823514729738235,0.08823514729738235,1,False,20,True
LR-SELECTED-ROC,5,var_71,0.11179621517658234,0.11179621517658234,1,False,20,True
LR-SELECTED-ROC,5,var_72,-0.046042028814554214,0.046042028814554214,-1,False,20,True
LR-SELECTED-ROC,5,var_73,-0.022423075512051582,0.022423075512051582,-1,False,20,True
LR-SELECTED-ROC,5,var_74,0.06127537414431572,0.06127537414431572,1,False,20,True
LR-SELECTED-ROC,5,var_75,-0.12767340242862701,0.12767340242862701,-1,False,20,True
LR-SELECTED-ROC,5,var_76,-0.20492908358573914,0.20492908358573914,-1,False,20,True
LR-SELECTED-ROC,5,var_77,-0.0590941458940506,0.0590941458940506,-1,False,20,True
LR-SELECTED-ROC,5,var_78,0.15763099491596222,0.15763099491596222,1,False,20,True
LR-SELECTED-ROC,5,var_79,0.01705922931432724,0.01705922931432724,1,False,20,True
LR-SELECTED-ROC,5,var_80,-0.17817017436027527,0.17817017436027527,-1,False,20,True
LR-SELECTED-ROC,5,var_81,-0.2524269223213196,0.2524269223213196,-1,False,20,True
LR-SELECTED-ROC,5,var_82,0.07711678743362427,0.07711678743362427,1,False,20,True
LR-SELECTED-ROC,5,var_83,-0.07044246047735214,0.07044246047735214,-1,False,20,True
LR-SELECTED-ROC,5,var_84,0.03054494969546795,0.03054494969546795,1,False,20,True
LR-SELECTED-ROC,5,var_85,-0.07850828021764755,0.07850828021764755,-1,False,20,True
LR-SELECTED-ROC,5,var_86,-0.11664440482854843,0.11664440482854843,-1,False,20,True
LR-SELECTED-ROC,5,var_87,-0.1159573644399643,0.1159573644399643,-1,False,20,True
LR-SELECTED-ROC,5,var_88,-0.07273665815591812,0.07273665815591812,-1,False,20,True
LR-SELECTED-ROC,5,var_89,0.13807272911071777,0.13807272911071777,1,False,20,True
LR-SELECTED-ROC,5,var_90,0.0849943533539772,0.0849943533539772,1,False,20,True
LR-SELECTED-ROC,5,var_91,0.11814206093549728,0.11814206093549728,1,False,20,True
LR-SELECTED-ROC,5,var_92,-0.14501680433750153,0.14501680433750153,-1,False,20,True
LR-SELECTED-ROC,5,var_93,-0.11142338067293167,0.11142338067293167,-1,False,20,True
LR-SELECTED-ROC,5,var_94,0.1603093445301056,0.1603093445301056,1,False,20,True
LR-SELECTED-ROC,5,var_95,0.11950230598449707,0.11950230598449707,1,False,20,True
LR-SELECTED-ROC,5,var_96,0.007016750052571297,0.007016750052571297,1,False,20,True
LR-SELECTED-ROC,5,var_97,0.04579668492078781,0.04579668492078781,1,False,20,True
LR-SELECTED-ROC,5,var_98,-0.015027672983705997,0.015027672983705997,-1,False,20,True
LR-SELECTED-ROC,5,var_99,0.19119815528392792,0.19119815528392792,1,False,20,True
LR-SELECTED-ROC,5,var_100,0.0020363181829452515,0.0020363181829452515,1,False,20,True
LR-SELECTED-ROC,5,var_101,-0.03239494189620018,0.03239494189620018,-1,False,20,True
LR-SELECTED-ROC,5,var_102,-0.07033085823059082,0.07033085823059082,-1,False,20,True
LR-SELECTED-ROC,5,var_103,-0.006708106026053429,0.006708106026053429,-1,False,20,True
LR-SELECTED-ROC,5,var_104,-0.08153703063726425,0.08153703063726425,-1,False,20,True
LR-SELECTED-ROC,5,var_105,0.07662564516067505,0.07662564516067505,1,False,20,True
LR-SELECTED-ROC,5,var_106,0.10117669403553009,0.10117669403553009,1,False,20,True
LR-SELECTED-ROC,5,var_107,-0.12355875223875046,0.12355875223875046,-1,False,20,True
LR-SELECTED-ROC,5,var_108,-0.1304355412721634,0.1304355412721634,-1,False,20,True
LR-SELECTED-ROC,5,var_109,-0.1643240749835968,0.1643240749835968,-1,False,20,True
LR-SELECTED-ROC,5,var_110,0.21055462956428528,0.21055462956428528,1,False,20,True
LR-SELECTED-ROC,5,var_111,0.08180660754442215,0.08180660754442215,1,False,20,True
LR-SELECTED-ROC,5,var_112,0.07431231439113617,0.07431231439113617,1,False,20,True
LR-SELECTED-ROC,5,var_113,-0.045708753168582916,0.045708753168582916,-1,False,20,True
LR-SELECTED-ROC,5,var_114,-0.08399024605751038,0.08399024605751038,-1,False,20,True
LR-SELECTED-ROC,5,var_115,-0.15078499913215637,0.15078499913215637,-1,False,20,True
LR-SELECTED-ROC,5,var_116,-0.07767298072576523,0.07767298072576523,-1,False,20,True
LR-SELECTED-ROC,5,var_117,0.0016907834215089679,0.0016907834215089679,1,False,20,True
LR-SELECTED-ROC,5,var_118,0.1360282450914383,0.1360282450914383,1,False,20,True
LR-SELECTED-ROC,5,var_119,0.09263254702091217,0.09263254702091217,1,False,20,True
LR-SELECTED-ROC,5,var_120,-0.030162544921040535,0.030162544921040535,-1,False,20,True
LR-SELECTED-ROC,5,var_121,-0.12440603226423264,0.12440603226423264,-1,False,20,True
LR-SELECTED-ROC,5,var_122,-0.13706733286380768,0.13706733286380768,-1,False,20,True
LR-SELECTED-ROC,5,var_123,-0.11704709380865097,0.11704709380865097,-1,False,20,True
LR-SELECTED-ROC,5,var_124,0.023411758244037628,0.023411758244037628,1,False,20,True
LR-SELECTED-ROC,5,var_125,0.09540777653455734,0.09540777653455734,1,False,20,True
LR-SELECTED-ROC,5,var_126,0.014713142067193985,0.014713142067193985,1,False,20,True
LR-SELECTED-ROC,5,var_127,-0.13109104335308075,0.13109104335308075,-1,False,20,True
LR-SELECTED-ROC,5,var_128,0.08951771259307861,0.08951771259307861,1,False,20,True
LR-SELECTED-ROC,5,var_129,-0.01583769917488098,0.01583769917488098,-1,False,20,True
LR-SELECTED-ROC,5,var_130,0.1089092418551445,0.1089092418551445,1,False,20,True
LR-SELECTED-ROC,5,var_131,-0.1079184040427208,0.1079184040427208,-1,False,20,True
LR-SELECTED-ROC,5,var_132,-0.08429788053035736,0.08429788053035736,-1,False,20,True
LR-SELECTED-ROC,5,var_133,0.16506612300872803,0.16506612300872803,1,False,20,True
LR-SELECTED-ROC,5,var_134,0.06391852349042892,0.06391852349042892,1,False,20,True
LR-SELECTED-ROC,5,var_135,0.06915529072284698,0.06915529072284698,1,False,20,True
LR-SELECTED-ROC,5,var_136,-0.018761448562145233,0.018761448562145233,-1,False,20,True
LR-SELECTED-ROC,5,var_137,0.09074908494949341,0.09074908494949341,1,False,20,True
LR-SELECTED-ROC,5,var_138,0.060709889978170395,0.060709889978170395,1,False,20,True
LR-SELECTED-ROC,5,var_139,-0.244252011179924,0.244252011179924,-1,False,20,True
LR-SELECTED-ROC,5,var_140,0.058956049382686615,0.058956049382686615,1,False,20,True
LR-SELECTED-ROC,5,var_141,-0.10047565400600433,0.10047565400600433,-1,False,20,True
LR-SELECTED-ROC,5,var_142,-0.07046356797218323,0.07046356797218323,-1,False,20,True
LR-SELECTED-ROC,5,var_143,-0.038643840700387955,0.038643840700387955,-1,False,20,True
LR-SELECTED-ROC,5,var_144,0.06059357896447182,0.06059357896447182,1,False,20,True
LR-SELECTED-ROC,5,var_145,0.10081836581230164,0.10081836581230164,1,False,20,True
LR-SELECTED-ROC,5,var_146,-0.20780587196350098,0.20780587196350098,-1,False,20,True
LR-SELECTED-ROC,5,var_147,0.1294802874326706,0.1294802874326706,1,False,20,True
LR-SELECTED-ROC,5,var_148,-0.1676200032234192,0.1676200032234192,-1,False,20,True
LR-SELECTED-ROC,5,var_149,-0.14619478583335876,0.14619478583335876,-1,False,20,True
LR-SELECTED-ROC,5,var_150,-0.09350910037755966,0.09350910037755966,-1,False,20,True
LR-SELECTED-ROC,5,var_151,0.08306334912776947,0.08306334912776947,1,False,20,True
LR-SELECTED-ROC,5,var_152,-0.03740447387099266,0.03740447387099266,-1,False,20,True
LR-SELECTED-ROC,5,var_153,-0.021016540005803108,0.021016540005803108,-1,False,20,True
LR-SELECTED-ROC,5,var_154,-0.15614652633666992,0.15614652633666992,-1,False,20,True
LR-SELECTED-ROC,5,var_155,0.135091632604599,0.135091632604599,1,False,20,True
LR-SELECTED-ROC,5,var_156,-0.06910739839076996,0.06910739839076996,-1,False,20,True
LR-SELECTED-ROC,5,var_157,0.11395581066608429,0.11395581066608429,1,False,20,True
LR-SELECTED-ROC,5,var_158,-0.015535642392933369,0.015535642392933369,-1,False,20,True
LR-SELECTED-ROC,5,var_159,0.04717733711004257,0.04717733711004257,1,False,20,True
LR-SELECTED-ROC,5,var_160,-0.008855418302118778,0.008855418302118778,-1,False,20,True
LR-SELECTED-ROC,5,var_161,0.014723572880029678,0.014723572880029678,1,False,20,True
LR-SELECTED-ROC,5,var_162,0.11141715198755264,0.11141715198755264,1,False,20,True
LR-SELECTED-ROC,5,var_163,0.09575149416923523,0.09575149416923523,1,False,20,True
LR-SELECTED-ROC,5,var_164,0.13481734693050385,0.13481734693050385,1,False,20,True
LR-SELECTED-ROC,5,var_165,-0.16078568994998932,0.16078568994998932,-1,False,20,True
LR-SELECTED-ROC,5,var_166,-0.18592987954616547,0.18592987954616547,-1,False,20,True
LR-SELECTED-ROC,5,var_167,0.08975861221551895,0.08975861221551895,1,False,20,True
LR-SELECTED-ROC,5,var_168,0.04015333577990532,0.04015333577990532,1,False,20,True
LR-SELECTED-ROC,5,var_169,-0.14128132164478302,0.14128132164478302,-1,False,20,True
LR-SELECTED-ROC,5,var_170,0.15623527765274048,0.15623527765274048,1,False,20,True
LR-SELECTED-ROC,5,var_171,0.050819281488657,0.050819281488657,1,False,20,True
LR-SELECTED-ROC,5,var_172,-0.1171870082616806,0.1171870082616806,-1,False,20,True
LR-SELECTED-ROC,5,var_173,0.14466068148612976,0.14466068148612976,1,False,20,True
LR-SELECTED-ROC,5,var_174,-0.1876348853111267,0.1876348853111267,-1,False,20,True
LR-SELECTED-ROC,5,var_175,0.07724559307098389,0.07724559307098389,1,False,20,True
LR-SELECTED-ROC,5,var_176,0.03350616618990898,0.03350616618990898,1,False,20,True
LR-SELECTED-ROC,5,var_177,-0.12252707779407501,0.12252707779407501,-1,False,20,True
LR-SELECTED-ROC,5,var_178,-0.059676896780729294,0.059676896780729294,-1,False,20,True
LR-SELECTED-ROC,5,var_179,0.16344302892684937,0.16344302892684937,1,False,20,True
LR-SELECTED-ROC,5,var_180,0.10922954231500626,0.10922954231500626,1,False,20,True
LR-SELECTED-ROC,5,var_181,0.05302570015192032,0.05302570015192032,1,False,20,True
LR-SELECTED-ROC,5,var_182,-0.04189744219183922,0.04189744219183922,-1,False,20,True
LR-SELECTED-ROC,5,var_183,-0.009119621478021145,0.009119621478021145,-1,False,20,True
LR-SELECTED-ROC,5,var_184,0.1589275598526001,0.1589275598526001,1,False,20,True
LR-SELECTED-ROC,5,var_185,-0.00015503533359151334,0.00015503533359151334,-1,False,20,True
LR-SELECTED-ROC,5,var_186,-0.09832178056240082,0.09832178056240082,-1,False,20,True
LR-SELECTED-ROC,5,var_187,0.05441157892346382,0.05441157892346382,1,False,20,True
LR-SELECTED-ROC,5,var_188,-0.12494926899671555,0.12494926899671555,-1,False,20,True
LR-SELECTED-ROC,5,var_189,0.021696828305721283,0.021696828305721283,1,False,20,True
LR-SELECTED-ROC,5,var_190,0.19130000472068787,0.19130000472068787,1,False,20,True
LR-SELECTED-ROC,5,var_191,0.14130176603794098,0.14130176603794098,1,False,20,True
LR-SELECTED-ROC,5,var_192,-0.14304356276988983,0.14304356276988983,-1,False,20,True
LR-SELECTED-ROC,5,var_193,-0.05714721605181694,0.05714721605181694,-1,False,20,True
LR-SELECTED-ROC,5,var_194,-0.07485804706811905,0.07485804706811905,-1,False,20,True
LR-SELECTED-ROC,5,var_195,0.09916584938764572,0.09916584938764572,1,False,20,True
LR-SELECTED-ROC,5,var_196,0.06407041847705841,0.06407041847705841,1,False,20,True
LR-SELECTED-ROC,5,var_197,-0.116817906498909,0.116817906498909,-1,False,20,True
LR-SELECTED-ROC,5,var_198,-0.1649012416601181,0.1649012416601181,-1,False,20,True
LR-SELECTED-ROC,5,var_199,0.08490817248821259,0.08490817248821259,1,False,20,True
LR-SELECTED-AP,1,var_0,0.1580621302127838,0.1580621302127838,1,False,24,True
LR-SELECTED-AP,1,var_1,0.15689420700073242,0.15689420700073242,1,False,24,True
LR-SELECTED-AP,1,var_2,0.17389720678329468,0.17389720678329468,1,False,24,True
LR-SELECTED-AP,1,var_3,0.035942066460847855,0.035942066460847855,1,False,24,True
LR-SELECTED-AP,1,var_4,0.040543489158153534,0.040543489158153534,1,False,24,True
LR-SELECTED-AP,1,var_5,0.0976860374212265,0.0976860374212265,1,False,24,True
LR-SELECTED-AP,1,var_6,0.2185109257698059,0.2185109257698059,1,False,24,True
LR-SELECTED-AP,1,var_7,-0.006067577749490738,0.006067577749490738,-1,False,24,True
LR-SELECTED-AP,1,var_8,0.0650799497961998,0.0650799497961998,1,False,24,True
LR-SELECTED-AP,1,var_9,-0.13159465789794922,0.13159465789794922,-1,False,24,True
LR-SELECTED-AP,1,var_10,-0.00853926595300436,0.00853926595300436,-1,False,24,True
LR-SELECTED-AP,1,var_11,0.0803842768073082,0.0803842768073082,1,False,24,True
LR-SELECTED-AP,1,var_12,-0.21666064858436584,0.21666064858436584,-1,False,24,True
LR-SELECTED-AP,1,var_13,-0.1781822144985199,0.1781822144985199,-1,False,24,True
LR-SELECTED-AP,1,var_14,-0.014316736720502377,0.014316736720502377,-1,False,24,True
LR-SELECTED-AP,1,var_15,0.06272747367620468,0.06272747367620468,1,False,24,True
LR-SELECTED-AP,1,var_16,0.012061387300491333,0.012061387300491333,1,False,24,True
LR-SELECTED-AP,1,var_17,0.00645174365490675,0.00645174365490675,1,False,24,True
LR-SELECTED-AP,1,var_18,0.13234809041023254,0.13234809041023254,1,False,24,True
LR-SELECTED-AP,1,var_19,0.02789282239973545,0.02789282239973545,1,False,24,True
LR-SELECTED-AP,1,var_20,-0.0562530979514122,0.0562530979514122,-1,False,24,True
LR-SELECTED-AP,1,var_21,-0.19114327430725098,0.19114327430725098,-1,False,24,True
LR-SELECTED-AP,1,var_22,0.19794198870658875,0.19794198870658875,1,False,24,True
LR-SELECTED-AP,1,var_23,-0.09289494156837463,0.09289494156837463,-1,False,24,True
LR-SELECTED-AP,1,var_24,0.08841133862733841,0.08841133862733841,1,False,24,True
LR-SELECTED-AP,1,var_25,0.04050534591078758,0.04050534591078758,1,False,24,True
LR-SELECTED-AP,1,var_26,0.2083858847618103,0.2083858847618103,1,False,24,True
LR-SELECTED-AP,1,var_27,-0.009407625533640385,0.009407625533640385,-1,False,24,True
LR-SELECTED-AP,1,var_28,-0.07476004958152771,0.07476004958152771,-1,False,24,True
LR-SELECTED-AP,1,var_29,0.014786692336201668,0.014786692336201668,1,False,24,True
LR-SELECTED-AP,1,var_30,0.0,0.0,0,True,24,True
LR-SELECTED-AP,1,var_31,-0.08354112505912781,0.08354112505912781,-1,False,24,True
LR-SELECTED-AP,1,var_32,0.09996984899044037,0.09996984899044037,1,False,24,True
LR-SELECTED-AP,1,var_33,-0.14849883317947388,0.14849883317947388,-1,False,24,True
LR-SELECTED-AP,1,var_34,-0.18154367804527283,0.18154367804527283,-1,False,24,True
LR-SELECTED-AP,1,var_35,0.11501388251781464,0.11501388251781464,1,False,24,True
LR-SELECTED-AP,1,var_36,-0.12316194921731949,0.12316194921731949,-1,False,24,True
LR-SELECTED-AP,1,var_37,0.029397647827863693,0.029397647827863693,1,False,24,True
LR-SELECTED-AP,1,var_38,0.009687282145023346,0.009687282145023346,1,False,24,True
LR-SELECTED-AP,1,var_39,-0.019270192831754684,0.019270192831754684,-1,False,24,True
LR-SELECTED-AP,1,var_40,0.17369067668914795,0.17369067668914795,1,False,24,True
LR-SELECTED-AP,1,var_41,0.0012923283502459526,0.0012923283502459526,1,False,24,True
LR-SELECTED-AP,1,var_42,-0.028650889173150063,0.028650889173150063,-1,False,24,True
LR-SELECTED-AP,1,var_43,-0.0963893011212349,0.0963893011212349,-1,False,24,True
LR-SELECTED-AP,1,var_44,-0.16872811317443848,0.16872811317443848,-1,False,24,True
LR-SELECTED-AP,1,var_45,-0.07595094293355942,0.07595094293355942,-1,False,24,True
LR-SELECTED-AP,1,var_46,0.00736800255253911,0.00736800255253911,1,False,24,True
LR-SELECTED-AP,1,var_47,0.032368309795856476,0.032368309795856476,1,False,24,True
LR-SELECTED-AP,1,var_48,0.1015772670507431,0.1015772670507431,1,False,24,True
LR-SELECTED-AP,1,var_49,0.10188121348619461,0.10188121348619461,1,False,24,True
LR-SELECTED-AP,1,var_50,-0.05089786276221275,0.05089786276221275,-1,False,24,True
LR-SELECTED-AP,1,var_51,0.06319663673639297,0.06319663673639297,1,False,24,True
LR-SELECTED-AP,1,var_52,0.08076327294111252,0.08076327294111252,1,False,24,True
LR-SELECTED-AP,1,var_53,0.21522101759910583,0.21522101759910583,1,False,24,True
LR-SELECTED-AP,1,var_54,-0.04689949378371239,0.04689949378371239,-1,False,24,True
LR-SELECTED-AP,1,var_55,0.054711565375328064,0.054711565375328064,1,False,24,True
LR-SELECTED-AP,1,var_56,-0.10452059656381607,0.10452059656381607,-1,False,24,True
LR-SELECTED-AP,1,var_57,-0.05181868374347687,0.05181868374347687,-1,False,24,True
LR-SELECTED-AP,1,var_58,-0.08999843150377274,0.08999843150377274,-1,False,24,True
LR-SELECTED-AP,1,var_59,-0.031351473182439804,0.031351473182439804,-1,False,24,True
LR-SELECTED-AP,1,var_60,0.031565502285957336,0.031565502285957336,1,False,24,True
LR-SELECTED-AP,1,var_61,0.02711258828639984,0.02711258828639984,1,False,24,True
LR-SELECTED-AP,1,var_62,0.04736904054880142,0.04736904054880142,1,False,24,True
LR-SELECTED-AP,1,var_63,-0.04226217418909073,0.04226217418909073,-1,False,24,True
LR-SELECTED-AP,1,var_64,-0.06000232324004173,0.06000232324004173,-1,False,24,True
LR-SELECTED-AP,1,var_65,0.044489264488220215,0.044489264488220215,1,False,24,True
LR-SELECTED-AP,1,var_66,0.06873513758182526,0.06873513758182526,1,False,24,True
LR-SELECTED-AP,1,var_67,0.14175575971603394,0.14175575971603394,1,False,24,True
LR-SELECTED-AP,1,var_68,-0.046439625322818756,0.046439625322818756,-1,False,24,True
LR-SELECTED-AP,1,var_69,0.01206686906516552,0.01206686906516552,1,False,24,True
LR-SELECTED-AP,1,var_70,0.0932309627532959,0.0932309627532959,1,False,24,True
LR-SELECTED-AP,1,var_71,0.11056184023618698,0.11056184023618698,1,False,24,True
LR-SELECTED-AP,1,var_72,-0.04224948585033417,0.04224948585033417,-1,False,24,True
LR-SELECTED-AP,1,var_73,-0.024040160700678825,0.024040160700678825,-1,False,24,True
LR-SELECTED-AP,1,var_74,0.061676979064941406,0.061676979064941406,1,False,24,True
LR-SELECTED-AP,1,var_75,-0.12633350491523743,0.12633350491523743,-1,False,24,True
LR-SELECTED-AP,1,var_76,-0.22260189056396484,0.22260189056396484,-1,False,24,True
LR-SELECTED-AP,1,var_77,-0.05371750518679619,0.05371750518679619,-1,False,24,True
LR-SELECTED-AP,1,var_78,0.15441781282424927,0.15441781282424927,1,False,24,True
LR-SELECTED-AP,1,var_79,0.015997888520359993,0.015997888520359993,1,False,24,True
LR-SELECTED-AP,1,var_80,-0.18021878600120544,0.18021878600120544,-1,False,24,True
LR-SELECTED-AP,1,var_81,-0.2688848674297333,0.2688848674297333,-1,False,24,True
LR-SELECTED-AP,1,var_82,0.08201751112937927,0.08201751112937927,1,False,24,True
LR-SELECTED-AP,1,var_83,-0.060674965381622314,0.060674965381622314,-1,False,24,True
LR-SELECTED-AP,1,var_84,0.030471663922071457,0.030471663922071457,1,False,24,True
LR-SELECTED-AP,1,var_85,-0.05535494536161423,0.05535494536161423,-1,False,24,True
LR-SELECTED-AP,1,var_86,-0.12022209912538528,0.12022209912538528,-1,False,24,True
LR-SELECTED-AP,1,var_87,-0.11146528273820877,0.11146528273820877,-1,False,24,True
LR-SELECTED-AP,1,var_88,-0.06994184106588364,0.06994184106588364,-1,False,24,True
LR-SELECTED-AP,1,var_89,0.1388513743877411,0.1388513743877411,1,False,24,True
LR-SELECTED-AP,1,var_90,0.09398811310529709,0.09398811310529709,1,False,24,True
LR-SELECTED-AP,1,var_91,0.11940303444862366,0.11940303444862366,1,False,24,True
LR-SELECTED-AP,1,var_92,-0.15884089469909668,0.15884089469909668,-1,False,24,True
LR-SELECTED-AP,1,var_93,-0.11550705879926682,0.11550705879926682,-1,False,24,True
LR-SELECTED-AP,1,var_94,0.1610158383846283,0.1610158383846283,1,False,24,True
LR-SELECTED-AP,1,var_95,0.13366395235061646,0.13366395235061646,1,False,24,True
LR-SELECTED-AP,1,var_96,0.006291169673204422,0.006291169673204422,1,False,24,True
LR-SELECTED-AP,1,var_97,0.04354649409651756,0.04354649409651756,1,False,24,True
LR-SELECTED-AP,1,var_98,-0.008882066234946251,0.008882066234946251,-1,False,24,True
LR-SELECTED-AP,1,var_99,0.20268940925598145,0.20268940925598145,1,False,24,True
LR-SELECTED-AP,1,var_100,-0.0047751618549227715,0.0047751618549227715,-1,False,24,True
LR-SELECTED-AP,1,var_101,-0.021149182692170143,0.021149182692170143,-1,False,24,True
LR-SELECTED-AP,1,var_102,-0.06297894567251205,0.06297894567251205,-1,False,24,True
LR-SELECTED-AP,1,var_103,-0.00471127824857831,0.00471127824857831,-1,False,24,True
LR-SELECTED-AP,1,var_104,-0.0826176255941391,0.0826176255941391,-1,False,24,True
LR-SELECTED-AP,1,var_105,0.07832732051610947,0.07832732051610947,1,False,24,True
LR-SELECTED-AP,1,var_106,0.11278299987316132,0.11278299987316132,1,False,24,True
LR-SELECTED-AP,1,var_107,-0.13270384073257446,0.13270384073257446,-1,False,24,True
LR-SELECTED-AP,1,var_108,-0.13618576526641846,0.13618576526641846,-1,False,24,True
LR-SELECTED-AP,1,var_109,-0.15672293305397034,0.15672293305397034,-1,False,24,True
LR-SELECTED-AP,1,var_110,0.21460092067718506,0.21460092067718506,1,False,24,True
LR-SELECTED-AP,1,var_111,0.08303853869438171,0.08303853869438171,1,False,24,True
LR-SELECTED-AP,1,var_112,0.06323055922985077,0.06323055922985077,1,False,24,True
LR-SELECTED-AP,1,var_113,-0.05016562342643738,0.05016562342643738,-1,False,24,True
LR-SELECTED-AP,1,var_114,-0.07938703894615173,0.07938703894615173,-1,False,24,True
LR-SELECTED-AP,1,var_115,-0.15662825107574463,0.15662825107574463,-1,False,24,True
LR-SELECTED-AP,1,var_116,-0.08641039580106735,0.08641039580106735,-1,False,24,True
LR-SELECTED-AP,1,var_117,0.010185547173023224,0.010185547173023224,1,False,24,True
LR-SELECTED-AP,1,var_118,0.13461533188819885,0.13461533188819885,1,False,24,True
LR-SELECTED-AP,1,var_119,0.0862499549984932,0.0862499549984932,1,False,24,True
LR-SELECTED-AP,1,var_120,-0.03429706394672394,0.03429706394672394,-1,False,24,True
LR-SELECTED-AP,1,var_121,-0.12061246484518051,0.12061246484518051,-1,False,24,True
LR-SELECTED-AP,1,var_122,-0.1352965235710144,0.1352965235710144,-1,False,24,True
LR-SELECTED-AP,1,var_123,-0.12245117127895355,0.12245117127895355,-1,False,24,True
LR-SELECTED-AP,1,var_124,0.019885551184415817,0.019885551184415817,1,False,24,True
LR-SELECTED-AP,1,var_125,0.09357485175132751,0.09357485175132751,1,False,24,True
LR-SELECTED-AP,1,var_126,-0.0030074291862547398,0.0030074291862547398,-1,False,24,True
LR-SELECTED-AP,1,var_127,-0.13130155205726624,0.13130155205726624,-1,False,24,True
LR-SELECTED-AP,1,var_128,0.09754791110754013,0.09754791110754013,1,False,24,True
LR-SELECTED-AP,1,var_129,-0.022445863112807274,0.022445863112807274,-1,False,24,True
LR-SELECTED-AP,1,var_130,0.10390181839466095,0.10390181839466095,1,False,24,True
LR-SELECTED-AP,1,var_131,-0.09247872233390808,0.09247872233390808,-1,False,24,True
LR-SELECTED-AP,1,var_132,-0.08496499806642532,0.08496499806642532,-1,False,24,True
LR-SELECTED-AP,1,var_133,0.17588624358177185,0.17588624358177185,1,False,24,True
LR-SELECTED-AP,1,var_134,0.05660596117377281,0.05660596117377281,1,False,24,True
LR-SELECTED-AP,1,var_135,0.08962070941925049,0.08962070941925049,1,False,24,True
LR-SELECTED-AP,1,var_136,-0.010973566211760044,0.010973566211760044,-1,False,24,True
LR-SELECTED-AP,1,var_137,0.08658674359321594,0.08658674359321594,1,False,24,True
LR-SELECTED-AP,1,var_138,0.0634147897362709,0.0634147897362709,1,False,24,True
LR-SELECTED-AP,1,var_139,-0.2340598702430725,0.2340598702430725,-1,False,24,True
LR-SELECTED-AP,1,var_140,0.05513742193579674,0.05513742193579674,1,False,24,True
LR-SELECTED-AP,1,var_141,-0.09434276074171066,0.09434276074171066,-1,False,24,True
LR-SELECTED-AP,1,var_142,-0.05290466547012329,0.05290466547012329,-1,False,24,True
LR-SELECTED-AP,1,var_143,-0.041280731558799744,0.041280731558799744,-1,False,24,True
LR-SELECTED-AP,1,var_144,0.0633930042386055,0.0633930042386055,1,False,24,True
LR-SELECTED-AP,1,var_145,0.10514484345912933,0.10514484345912933,1,False,24,True
LR-SELECTED-AP,1,var_146,-0.19902032613754272,0.19902032613754272,-1,False,24,True
LR-SELECTED-AP,1,var_147,0.13067030906677246,0.13067030906677246,1,False,24,True
LR-SELECTED-AP,1,var_148,-0.16876515746116638,0.16876515746116638,-1,False,24,True
LR-SELECTED-AP,1,var_149,-0.1537998616695404,0.1537998616695404,-1,False,24,True
LR-SELECTED-AP,1,var_150,-0.09525249153375626,0.09525249153375626,-1,False,24,True
LR-SELECTED-AP,1,var_151,0.08816742151975632,0.08816742151975632,1,False,24,True
LR-SELECTED-AP,1,var_152,-0.04384281858801842,0.04384281858801842,-1,False,24,True
LR-SELECTED-AP,1,var_153,-0.018041716888546944,0.018041716888546944,-1,False,24,True
LR-SELECTED-AP,1,var_154,-0.1525966227054596,0.1525966227054596,-1,False,24,True
LR-SELECTED-AP,1,var_155,0.13116008043289185,0.13116008043289185,1,False,24,True
LR-SELECTED-AP,1,var_156,-0.0606326162815094,0.0606326162815094,-1,False,24,True
LR-SELECTED-AP,1,var_157,0.11061900854110718,0.11061900854110718,1,False,24,True
LR-SELECTED-AP,1,var_158,-0.01566777564585209,0.01566777564585209,-1,False,24,True
LR-SELECTED-AP,1,var_159,0.03940476477146149,0.03940476477146149,1,False,24,True
LR-SELECTED-AP,1,var_160,-0.009560397826135159,0.009560397826135159,-1,False,24,True
LR-SELECTED-AP,1,var_161,0.016172995790839195,0.016172995790839195,1,False,24,True
LR-SELECTED-AP,1,var_162,0.11424251645803452,0.11424251645803452,1,False,24,True
LR-SELECTED-AP,1,var_163,0.10326845198869705,0.10326845198869705,1,False,24,True
LR-SELECTED-AP,1,var_164,0.1328454315662384,0.1328454315662384,1,False,24,True
LR-SELECTED-AP,1,var_165,-0.16425791382789612,0.16425791382789612,-1,False,24,True
LR-SELECTED-AP,1,var_166,-0.16855427622795105,0.16855427622795105,-1,False,24,True
LR-SELECTED-AP,1,var_167,0.08911635726690292,0.08911635726690292,1,False,24,True
LR-SELECTED-AP,1,var_168,0.045638058334589005,0.045638058334589005,1,False,24,True
LR-SELECTED-AP,1,var_169,-0.15789788961410522,0.15789788961410522,-1,False,24,True
LR-SELECTED-AP,1,var_170,0.1586824655532837,0.1586824655532837,1,False,24,True
LR-SELECTED-AP,1,var_171,0.042644355446100235,0.042644355446100235,1,False,24,True
LR-SELECTED-AP,1,var_172,-0.12932220101356506,0.12932220101356506,-1,False,24,True
LR-SELECTED-AP,1,var_173,0.14629855751991272,0.14629855751991272,1,False,24,True
LR-SELECTED-AP,1,var_174,-0.20166486501693726,0.20166486501693726,-1,False,24,True
LR-SELECTED-AP,1,var_175,0.07467250525951385,0.07467250525951385,1,False,24,True
LR-SELECTED-AP,1,var_176,0.03494323045015335,0.03494323045015335,1,False,24,True
LR-SELECTED-AP,1,var_177,-0.13263684511184692,0.13263684511184692,-1,False,24,True
LR-SELECTED-AP,1,var_178,-0.06362801045179367,0.06362801045179367,-1,False,24,True
LR-SELECTED-AP,1,var_179,0.1598931849002838,0.1598931849002838,1,False,24,True
LR-SELECTED-AP,1,var_180,0.10203555971384048,0.10203555971384048,1,False,24,True
LR-SELECTED-AP,1,var_181,0.043567780405282974,0.043567780405282974,1,False,24,True
LR-SELECTED-AP,1,var_182,-0.03932349383831024,0.03932349383831024,-1,False,24,True
LR-SELECTED-AP,1,var_183,-0.007341707590967417,0.007341707590967417,-1,False,24,True
LR-SELECTED-AP,1,var_184,0.16590231657028198,0.16590231657028198,1,False,24,True
LR-SELECTED-AP,1,var_185,-0.009617115370929241,0.009617115370929241,-1,False,24,True
LR-SELECTED-AP,1,var_186,-0.08823708444833755,0.08823708444833755,-1,False,24,True
LR-SELECTED-AP,1,var_187,0.04566917195916176,0.04566917195916176,1,False,24,True
LR-SELECTED-AP,1,var_188,-0.12344378978013992,0.12344378978013992,-1,False,24,True
LR-SELECTED-AP,1,var_189,0.025387372821569443,0.025387372821569443,1,False,24,True
LR-SELECTED-AP,1,var_190,0.18419727683067322,0.18419727683067322,1,False,24,True
LR-SELECTED-AP,1,var_191,0.1542147397994995,0.1542147397994995,1,False,24,True
LR-SELECTED-AP,1,var_192,-0.13047781586647034,0.13047781586647034,-1,False,24,True
LR-SELECTED-AP,1,var_193,-0.04964596405625343,0.04964596405625343,-1,False,24,True
LR-SELECTED-AP,1,var_194,-0.0756048858165741,0.0756048858165741,-1,False,24,True
LR-SELECTED-AP,1,var_195,0.09030657261610031,0.09030657261610031,1,False,24,True
LR-SELECTED-AP,1,var_196,0.08154017478227615,0.08154017478227615,1,False,24,True
LR-SELECTED-AP,1,var_197,-0.10664789378643036,0.10664789378643036,-1,False,24,True
LR-SELECTED-AP,1,var_198,-0.17725422978401184,0.17725422978401184,-1,False,24,True
LR-SELECTED-AP,1,var_199,0.08963600546121597,0.08963600546121597,1,False,24,True
LR-SELECTED-AP,2,var_0,0.16700789332389832,0.16700789332389832,1,False,22,True
LR-SELECTED-AP,2,var_1,0.16277894377708435,0.16277894377708435,1,False,22,True
LR-SELECTED-AP,2,var_2,0.16611310839653015,0.16611310839653015,1,False,22,True
LR-SELECTED-AP,2,var_3,0.04131416231393814,0.04131416231393814,1,False,22,True
LR-SELECTED-AP,2,var_4,0.03674465790390968,0.03674465790390968,1,False,22,True
LR-SELECTED-AP,2,var_5,0.0920339971780777,0.0920339971780777,1,False,22,True
LR-SELECTED-AP,2,var_6,0.22364646196365356,0.22364646196365356,1,False,22,True
LR-SELECTED-AP,2,var_7,-0.012879430316388607,0.012879430316388607,-1,False,22,True
LR-SELECTED-AP,2,var_8,0.06890981644392014,0.06890981644392014,1,False,22,True
LR-SELECTED-AP,2,var_9,-0.1367393136024475,0.1367393136024475,-1,False,22,True
LR-SELECTED-AP,2,var_10,-0.0020075193606317043,0.0020075193606317043,-1,False,22,True
LR-SELECTED-AP,2,var_11,0.07540763914585114,0.07540763914585114,1,False,22,True
LR-SELECTED-AP,2,var_12,-0.22522231936454773,0.22522231936454773,-1,False,22,True
LR-SELECTED-AP,2,var_13,-0.18606194853782654,0.18606194853782654,-1,False,22,True
LR-SELECTED-AP,2,var_14,-0.016918817535042763,0.016918817535042763,-1,False,22,True
LR-SELECTED-AP,2,var_15,0.053575169295072556,0.053575169295072556,1,False,22,True
LR-SELECTED-AP,2,var_16,0.023960376158356667,0.023960376158356667,1,False,22,True
LR-SELECTED-AP,2,var_17,-0.0012857421534135938,0.0012857421534135938,-1,False,22,True
LR-SELECTED-AP,2,var_18,0.1309136152267456,0.1309136152267456,1,False,22,True
LR-SELECTED-AP,2,var_19,0.04011544585227966,0.04011544585227966,1,False,22,True
LR-SELECTED-AP,2,var_20,-0.06502552330493927,0.06502552330493927,-1,False,22,True
LR-SELECTED-AP,2,var_21,-0.1814068853855133,0.1814068853855133,-1,False,22,True
LR-SELECTED-AP,2,var_22,0.2031991183757782,0.2031991183757782,1,False,22,True
LR-SELECTED-AP,2,var_23,-0.09045059978961945,0.09045059978961945,-1,False,22,True
LR-SELECTED-AP,2,var_24,0.09104368835687637,0.09104368835687637,1,False,22,True
LR-SELECTED-AP,2,var_25,0.04817080497741699,0.04817080497741699,1,False,22,True
LR-SELECTED-AP,2,var_26,0.19684436917304993,0.19684436917304993,1,False,22,True
LR-SELECTED-AP,2,var_27,-0.007149072363972664,0.007149072363972664,-1,False,22,True
LR-SELECTED-AP,2,var_28,-0.0726192444562912,0.0726192444562912,-1,False,22,True
LR-SELECTED-AP,2,var_29,0.013920171186327934,0.013920171186327934,1,False,22,True
LR-SELECTED-AP,2,var_30,-0.0043002283200621605,0.0043002283200621605,-1,False,22,True
LR-SELECTED-AP,2,var_31,-0.09792119264602661,0.09792119264602661,-1,False,22,True
LR-SELECTED-AP,2,var_32,0.10048115998506546,0.10048115998506546,1,False,22,True
LR-SELECTED-AP,2,var_33,-0.1534455120563507,0.1534455120563507,-1,False,22,True
LR-SELECTED-AP,2,var_34,-0.18089598417282104,0.18089598417282104,-1,False,22,True
LR-SELECTED-AP,2,var_35,0.1280580759048462,0.1280580759048462,1,False,22,True
LR-SELECTED-AP,2,var_36,-0.12820965051651,0.12820965051651,-1,False,22,True
LR-SELECTED-AP,2,var_37,0.03439079225063324,0.03439079225063324,1,False,22,True
LR-SELECTED-AP,2,var_38,0.010219210758805275,0.010219210758805275,1,False,22,True
LR-SELECTED-AP,2,var_39,-0.018246179446578026,0.018246179446578026,-1,False,22,True
LR-SELECTED-AP,2,var_40,0.16014105081558228,0.16014105081558228,1,False,22,True
LR-SELECTED-AP,2,var_41,-0.00829662848263979,0.00829662848263979,-1,False,22,True
LR-SELECTED-AP,2,var_42,-0.034969549626111984,0.034969549626111984,-1,False,22,True
LR-SELECTED-AP,2,var_43,-0.09101258218288422,0.09101258218288422,-1,False,22,True
LR-SELECTED-AP,2,var_44,-0.16455212235450745,0.16455212235450745,-1,False,22,True
LR-SELECTED-AP,2,var_45,-0.07830087840557098,0.07830087840557098,-1,False,22,True
LR-SELECTED-AP,2,var_46,0.0038266463670879602,0.0038266463670879602,1,False,22,True
LR-SELECTED-AP,2,var_47,0.03549928963184357,0.03549928963184357,1,False,22,True
LR-SELECTED-AP,2,var_48,0.11212896555662155,0.11212896555662155,1,False,22,True
LR-SELECTED-AP,2,var_49,0.10659755021333694,0.10659755021333694,1,False,22,True
LR-SELECTED-AP,2,var_50,-0.041967425495386124,0.041967425495386124,-1,False,22,True
LR-SELECTED-AP,2,var_51,0.06513884663581848,0.06513884663581848,1,False,22,True
LR-SELECTED-AP,2,var_52,0.0960874930024147,0.0960874930024147,1,False,22,True
LR-SELECTED-AP,2,var_53,0.20300745964050293,0.20300745964050293,1,False,22,True
LR-SELECTED-AP,2,var_54,-0.05157037079334259,0.05157037079334259,-1,False,22,True
LR-SELECTED-AP,2,var_55,0.05034516751766205,0.05034516751766205,1,False,22,True
LR-SELECTED-AP,2,var_56,-0.10871750116348267,0.10871750116348267,-1,False,22,True
LR-SELECTED-AP,2,var_57,-0.0696062445640564,0.0696062445640564,-1,False,22,True
LR-SELECTED-AP,2,var_58,-0.083460234105587,0.083460234105587,-1,False,22,True
LR-SELECTED-AP,2,var_59,-0.03286634013056755,0.03286634013056755,-1,False,22,True
LR-SELECTED-AP,2,var_60,0.02791164070367813,0.02791164070367813,1,False,22,True
LR-SELECTED-AP,2,var_61,0.03247931972146034,0.03247931972146034,1,False,22,True
LR-SELECTED-AP,2,var_62,0.05329623445868492,0.05329623445868492,1,False,22,True
LR-SELECTED-AP,2,var_63,-0.0511762760579586,0.0511762760579586,-1,False,22,True
LR-SELECTED-AP,2,var_64,-0.042080916464328766,0.042080916464328766,-1,False,22,True
LR-SELECTED-AP,2,var_65,0.046185124665498734,0.046185124665498734,1,False,22,True
LR-SELECTED-AP,2,var_66,0.0696844756603241,0.0696844756603241,1,False,22,True
LR-SELECTED-AP,2,var_67,0.14781129360198975,0.14781129360198975,1,False,22,True
LR-SELECTED-AP,2,var_68,-0.03159072995185852,0.03159072995185852,-1,False,22,True
LR-SELECTED-AP,2,var_69,0.023751650005578995,0.023751650005578995,1,False,22,True
LR-SELECTED-AP,2,var_70,0.08901794254779816,0.08901794254779816,1,False,22,True
LR-SELECTED-AP,2,var_71,0.10660892724990845,0.10660892724990845,1,False,22,True
LR-SELECTED-AP,2,var_72,-0.03659064322710037,0.03659064322710037,-1,False,22,True
LR-SELECTED-AP,2,var_73,-0.03227274492383003,0.03227274492383003,-1,False,22,True
LR-SELECTED-AP,2,var_74,0.05685168132185936,0.05685168132185936,1,False,22,True
LR-SELECTED-AP,2,var_75,-0.1276702880859375,0.1276702880859375,-1,False,22,True
LR-SELECTED-AP,2,var_76,-0.21597597002983093,0.21597597002983093,-1,False,22,True
LR-SELECTED-AP,2,var_77,-0.059190116822719574,0.059190116822719574,-1,False,22,True
LR-SELECTED-AP,2,var_78,0.15631026029586792,0.15631026029586792,1,False,22,True
LR-SELECTED-AP,2,var_79,0.01565477065742016,0.01565477065742016,1,False,22,True
LR-SELECTED-AP,2,var_80,-0.18313109874725342,0.18313109874725342,-1,False,22,True
LR-SELECTED-AP,2,var_81,-0.2605894207954407,0.2605894207954407,-1,False,22,True
LR-SELECTED-AP,2,var_82,0.07982899993658066,0.07982899993658066,1,False,22,True
LR-SELECTED-AP,2,var_83,-0.06889960914850235,0.06889960914850235,-1,False,22,True
LR-SELECTED-AP,2,var_84,0.03430049493908882,0.03430049493908882,1,False,22,True
LR-SELECTED-AP,2,var_85,-0.05780164524912834,0.05780164524912834,-1,False,22,True
LR-SELECTED-AP,2,var_86,-0.11809102445840836,0.11809102445840836,-1,False,22,True
LR-SELECTED-AP,2,var_87,-0.11397553980350494,0.11397553980350494,-1,False,22,True
LR-SELECTED-AP,2,var_88,-0.05787152051925659,0.05787152051925659,-1,False,22,True
LR-SELECTED-AP,2,var_89,0.13233786821365356,0.13233786821365356,1,False,22,True
LR-SELECTED-AP,2,var_90,0.09741444885730743,0.09741444885730743,1,False,22,True
LR-SELECTED-AP,2,var_91,0.11203698068857193,0.11203698068857193,1,False,22,True
LR-SELECTED-AP,2,var_92,-0.1466400921344757,0.1466400921344757,-1,False,22,True
LR-SELECTED-AP,2,var_93,-0.10247626900672913,0.10247626900672913,-1,False,22,True
LR-SELECTED-AP,2,var_94,0.15541726350784302,0.15541726350784302,1,False,22,True
LR-SELECTED-AP,2,var_95,0.12875443696975708,0.12875443696975708,1,False,22,True
LR-SELECTED-AP,2,var_96,0.009745494462549686,0.009745494462549686,1,False,22,True
LR-SELECTED-AP,2,var_97,0.048649489879608154,0.048649489879608154,1,False,22,True
LR-SELECTED-AP,2,var_98,-0.0035554494243115187,0.0035554494243115187,-1,False,22,True
LR-SELECTED-AP,2,var_99,0.18656784296035767,0.18656784296035767,1,False,22,True
LR-SELECTED-AP,2,var_100,0.01046391949057579,0.01046391949057579,1,False,22,True
LR-SELECTED-AP,2,var_101,-0.03419540822505951,0.03419540822505951,-1,False,22,True
LR-SELECTED-AP,2,var_102,-0.05944406986236572,0.05944406986236572,-1,False,22,True
LR-SELECTED-AP,2,var_103,-0.007876935414969921,0.007876935414969921,-1,False,22,True
LR-SELECTED-AP,2,var_104,-0.07973542809486389,0.07973542809486389,-1,False,22,True
LR-SELECTED-AP,2,var_105,0.08579660207033157,0.08579660207033157,1,False,22,True
LR-SELECTED-AP,2,var_106,0.10803776979446411,0.10803776979446411,1,False,22,True
LR-SELECTED-AP,2,var_107,-0.1406918466091156,0.1406918466091156,-1,False,22,True
LR-SELECTED-AP,2,var_108,-0.1336674988269806,0.1336674988269806,-1,False,22,True
LR-SELECTED-AP,2,var_109,-0.16757163405418396,0.16757163405418396,-1,False,22,True
LR-SELECTED-AP,2,var_110,0.19717714190483093,0.19717714190483093,1,False,22,True
LR-SELECTED-AP,2,var_111,0.08786186575889587,0.08786186575889587,1,False,22,True
LR-SELECTED-AP,2,var_112,0.06635553389787674,0.06635553389787674,1,False,22,True
LR-SELECTED-AP,2,var_113,-0.053554996848106384,0.053554996848106384,-1,False,22,True
LR-SELECTED-AP,2,var_114,-0.0755845457315445,0.0755845457315445,-1,False,22,True
LR-SELECTED-AP,2,var_115,-0.15599572658538818,0.15599572658538818,-1,False,22,True
LR-SELECTED-AP,2,var_116,-0.084044449031353,0.084044449031353,-1,False,22,True
LR-SELECTED-AP,2,var_117,0.0007118931389413774,0.0007118931389413774,1,False,22,True
LR-SELECTED-AP,2,var_118,0.13711225986480713,0.13711225986480713,1,False,22,True
LR-SELECTED-AP,2,var_119,0.0811481848359108,0.0811481848359108,1,False,22,True
LR-SELECTED-AP,2,var_120,-0.03183635324239731,0.03183635324239731,-1,False,22,True
LR-SELECTED-AP,2,var_121,-0.1343722939491272,0.1343722939491272,-1,False,22,True
LR-SELECTED-AP,2,var_122,-0.13710561394691467,0.13710561394691467,-1,False,22,True
LR-SELECTED-AP,2,var_123,-0.12137748301029205,0.12137748301029205,-1,False,22,True
LR-SELECTED-AP,2,var_124,0.011735464446246624,0.011735464446246624,1,False,22,True
LR-SELECTED-AP,2,var_125,0.09101157635450363,0.09101157635450363,1,False,22,True
LR-SELECTED-AP,2,var_126,0.0039496817626059055,0.0039496817626059055,1,False,22,True
LR-SELECTED-AP,2,var_127,-0.14760038256645203,0.14760038256645203,-1,False,22,True
LR-SELECTED-AP,2,var_128,0.08971146494150162,0.08971146494150162,1,False,22,True
LR-SELECTED-AP,2,var_129,-0.008395865559577942,0.008395865559577942,-1,False,22,True
LR-SELECTED-AP,2,var_130,0.10275018960237503,0.10275018960237503,1,False,22,True
LR-SELECTED-AP,2,var_131,-0.0975039079785347,0.0975039079785347,-1,False,22,True
LR-SELECTED-AP,2,var_132,-0.08285883069038391,0.08285883069038391,-1,False,22,True
LR-SELECTED-AP,2,var_133,0.1814902126789093,0.1814902126789093,1,False,22,True
LR-SELECTED-AP,2,var_134,0.05876033753156662,0.05876033753156662,1,False,22,True
LR-SELECTED-AP,2,var_135,0.08253727853298187,0.08253727853298187,1,False,22,True
LR-SELECTED-AP,2,var_136,-0.016499947756528854,0.016499947756528854,-1,False,22,True
LR-SELECTED-AP,2,var_137,0.09125061333179474,0.09125061333179474,1,False,22,True
LR-SELECTED-AP,2,var_138,0.051726341247558594,0.051726341247558594,1,False,22,True
LR-SELECTED-AP,2,var_139,-0.24149641394615173,0.24149641394615173,-1,False,22,True
LR-SELECTED-AP,2,var_140,0.06075644493103027,0.06075644493103027,1,False,22,True
LR-SELECTED-AP,2,var_141,-0.0959380641579628,0.0959380641579628,-1,False,22,True
LR-SELECTED-AP,2,var_142,-0.0700966939330101,0.0700966939330101,-1,False,22,True
LR-SELECTED-AP,2,var_143,-0.044589873403310776,0.044589873403310776,-1,False,22,True
LR-SELECTED-AP,2,var_144,0.07143375277519226,0.07143375277519226,1,False,22,True
LR-SELECTED-AP,2,var_145,0.10265051573514938,0.10265051573514938,1,False,22,True
LR-SELECTED-AP,2,var_146,-0.20448091626167297,0.20448091626167297,-1,False,22,True
LR-SELECTED-AP,2,var_147,0.11290040612220764,0.11290040612220764,1,False,22,True
LR-SELECTED-AP,2,var_148,-0.16636115312576294,0.16636115312576294,-1,False,22,True
LR-SELECTED-AP,2,var_149,-0.13945046067237854,0.13945046067237854,-1,False,22,True
LR-SELECTED-AP,2,var_150,-0.08945193886756897,0.08945193886756897,-1,False,22,True
LR-SELECTED-AP,2,var_151,0.08474118262529373,0.08474118262529373,1,False,22,True
LR-SELECTED-AP,2,var_152,-0.030344082042574883,0.030344082042574883,-1,False,22,True
LR-SELECTED-AP,2,var_153,-0.013982248492538929,0.013982248492538929,-1,False,22,True
LR-SELECTED-AP,2,var_154,-0.15959206223487854,0.15959206223487854,-1,False,22,True
LR-SELECTED-AP,2,var_155,0.13253548741340637,0.13253548741340637,1,False,22,True
LR-SELECTED-AP,2,var_156,-0.06323493272066116,0.06323493272066116,-1,False,22,True
LR-SELECTED-AP,2,var_157,0.09644217789173126,0.09644217789173126,1,False,22,True
LR-SELECTED-AP,2,var_158,-0.011095980182290077,0.011095980182290077,-1,False,22,True
LR-SELECTED-AP,2,var_159,0.047799188643693924,0.047799188643693924,1,False,22,True
LR-SELECTED-AP,2,var_160,-0.0040035611018538475,0.0040035611018538475,-1,False,22,True
LR-SELECTED-AP,2,var_161,0.016428368166089058,0.016428368166089058,1,False,22,True
LR-SELECTED-AP,2,var_162,0.09874531626701355,0.09874531626701355,1,False,22,True
LR-SELECTED-AP,2,var_163,0.08948986977338791,0.08948986977338791,1,False,22,True
LR-SELECTED-AP,2,var_164,0.13239216804504395,0.13239216804504395,1,False,22,True
LR-SELECTED-AP,2,var_165,-0.17677170038223267,0.17677170038223267,-1,False,22,True
LR-SELECTED-AP,2,var_166,-0.17692366242408752,0.17692366242408752,-1,False,22,True
LR-SELECTED-AP,2,var_167,0.08416736871004105,0.08416736871004105,1,False,22,True
LR-SELECTED-AP,2,var_168,0.06573377549648285,0.06573377549648285,1,False,22,True
LR-SELECTED-AP,2,var_169,-0.15914753079414368,0.15914753079414368,-1,False,22,True
LR-SELECTED-AP,2,var_170,0.15621143579483032,0.15621143579483032,1,False,22,True
LR-SELECTED-AP,2,var_171,0.043888017535209656,0.043888017535209656,1,False,22,True
LR-SELECTED-AP,2,var_172,-0.12390583753585815,0.12390583753585815,-1,False,22,True
LR-SELECTED-AP,2,var_173,0.14527899026870728,0.14527899026870728,1,False,22,True
LR-SELECTED-AP,2,var_174,-0.20120492577552795,0.20120492577552795,-1,False,22,True
LR-SELECTED-AP,2,var_175,0.08743127435445786,0.08743127435445786,1,False,22,True
LR-SELECTED-AP,2,var_176,0.04051776975393295,0.04051776975393295,1,False,22,True
LR-SELECTED-AP,2,var_177,-0.13252398371696472,0.13252398371696472,-1,False,22,True
LR-SELECTED-AP,2,var_178,-0.05331261083483696,0.05331261083483696,-1,False,22,True
LR-SELECTED-AP,2,var_179,0.16606849431991577,0.16606849431991577,1,False,22,True
LR-SELECTED-AP,2,var_180,0.09796003252267838,0.09796003252267838,1,False,22,True
LR-SELECTED-AP,2,var_181,0.05905306339263916,0.05905306339263916,1,False,22,True
LR-SELECTED-AP,2,var_182,-0.03472932428121567,0.03472932428121567,-1,False,22,True
LR-SELECTED-AP,2,var_183,-0.0054048942402005196,0.0054048942402005196,-1,False,22,True
LR-SELECTED-AP,2,var_184,0.15963461995124817,0.15963461995124817,1,False,22,True
LR-SELECTED-AP,2,var_185,-0.0070528192445635796,0.0070528192445635796,-1,False,22,True
LR-SELECTED-AP,2,var_186,-0.09201892465353012,0.09201892465353012,-1,False,22,True
LR-SELECTED-AP,2,var_187,0.04201732203364372,0.04201732203364372,1,False,22,True
LR-SELECTED-AP,2,var_188,-0.12248244136571884,0.12248244136571884,-1,False,22,True
LR-SELECTED-AP,2,var_189,0.027802560478448868,0.027802560478448868,1,False,22,True
LR-SELECTED-AP,2,var_190,0.1861233115196228,0.1861233115196228,1,False,22,True
LR-SELECTED-AP,2,var_191,0.15129616856575012,0.15129616856575012,1,False,22,True
LR-SELECTED-AP,2,var_192,-0.14821293950080872,0.14821293950080872,-1,False,22,True
LR-SELECTED-AP,2,var_193,-0.06470458954572678,0.06470458954572678,-1,False,22,True
LR-SELECTED-AP,2,var_194,-0.07658302783966064,0.07658302783966064,-1,False,22,True
LR-SELECTED-AP,2,var_195,0.0785273015499115,0.0785273015499115,1,False,22,True
LR-SELECTED-AP,2,var_196,0.06542624533176422,0.06542624533176422,1,False,22,True
LR-SELECTED-AP,2,var_197,-0.11112987250089645,0.11112987250089645,-1,False,22,True
LR-SELECTED-AP,2,var_198,-0.16735205054283142,0.16735205054283142,-1,False,22,True
LR-SELECTED-AP,2,var_199,0.09049165993928909,0.09049165993928909,1,False,22,True
LR-SELECTED-AP,3,var_0,0.16732600331306458,0.16732600331306458,1,False,23,True
LR-SELECTED-AP,3,var_1,0.1548018753528595,0.1548018753528595,1,False,23,True
LR-SELECTED-AP,3,var_2,0.17348399758338928,0.17348399758338928,1,False,23,True
LR-SELECTED-AP,3,var_3,0.03361763805150986,0.03361763805150986,1,False,23,True
LR-SELECTED-AP,3,var_4,0.03484095633029938,0.03484095633029938,1,False,23,True
LR-SELECTED-AP,3,var_5,0.10441254079341888,0.10441254079341888,1,False,23,True
LR-SELECTED-AP,3,var_6,0.22047147154808044,0.22047147154808044,1,False,23,True
LR-SELECTED-AP,3,var_7,-0.01518373191356659,0.01518373191356659,-1,False,23,True
LR-SELECTED-AP,3,var_8,0.058514583855867386,0.058514583855867386,1,False,23,True
LR-SELECTED-AP,3,var_9,-0.13065636157989502,0.13065636157989502,-1,False,23,True
LR-SELECTED-AP,3,var_10,0.0,0.0,0,True,23,True
LR-SELECTED-AP,3,var_11,0.06925249099731445,0.06925249099731445,1,False,23,True
LR-SELECTED-AP,3,var_12,-0.20761343836784363,0.20761343836784363,-1,False,23,True
LR-SELECTED-AP,3,var_13,-0.18026486039161682,0.18026486039161682,-1,False,23,True
LR-SELECTED-AP,3,var_14,-0.02074323408305645,0.02074323408305645,-1,False,23,True
LR-SELECTED-AP,3,var_15,0.05849228426814079,0.05849228426814079,1,False,23,True
LR-SELECTED-AP,3,var_16,0.015662413090467453,0.015662413090467453,1,False,23,True
LR-SELECTED-AP,3,var_17,0.0001159062230726704,0.0001159062230726704,1,False,23,True
LR-SELECTED-AP,3,var_18,0.12858256697654724,0.12858256697654724,1,False,23,True
LR-SELECTED-AP,3,var_19,0.031645942479372025,0.031645942479372025,1,False,23,True
LR-SELECTED-AP,3,var_20,-0.05824235826730728,0.05824235826730728,-1,False,23,True
LR-SELECTED-AP,3,var_21,-0.1819247007369995,0.1819247007369995,-1,False,23,True
LR-SELECTED-AP,3,var_22,0.19542410969734192,0.19542410969734192,1,False,23,True
LR-SELECTED-AP,3,var_23,-0.09278787672519684,0.09278787672519684,-1,False,23,True
LR-SELECTED-AP,3,var_24,0.08785463124513626,0.08785463124513626,1,False,23,True
LR-SELECTED-AP,3,var_25,0.049262698739767075,0.049262698739767075,1,False,23,True
LR-SELECTED-AP,3,var_26,0.19664031267166138,0.19664031267166138,1,False,23,True
LR-SELECTED-AP,3,var_27,-0.011498340405523777,0.011498340405523777,-1,False,23,True
LR-SELECTED-AP,3,var_28,-0.07382399588823318,0.07382399588823318,-1,False,23,True
LR-SELECTED-AP,3,var_29,0.019934434443712234,0.019934434443712234,1,False,23,True
LR-SELECTED-AP,3,var_30,-0.004747891332954168,0.004747891332954168,-1,False,23,True
LR-SELECTED-AP,3,var_31,-0.08463305234909058,0.08463305234909058,-1,False,23,True
LR-SELECTED-AP,3,var_32,0.09363099932670593,0.09363099932670593,1,False,23,True
LR-SELECTED-AP,3,var_33,-0.15593856573104858,0.15593856573104858,-1,False,23,True
LR-SELECTED-AP,3,var_34,-0.19007116556167603,0.19007116556167603,-1,False,23,True
LR-SELECTED-AP,3,var_35,0.12409091740846634,0.12409091740846634,1,False,23,True
LR-SELECTED-AP,3,var_36,-0.12431763112545013,0.12431763112545013,-1,False,23,True
LR-SELECTED-AP,3,var_37,0.025289006531238556,0.025289006531238556,1,False,23,True
LR-SELECTED-AP,3,var_38,0.009842981584370136,0.009842981584370136,1,False,23,True
LR-SELECTED-AP,3,var_39,-0.01629500836133957,0.01629500836133957,-1,False,23,True
LR-SELECTED-AP,3,var_40,0.17201045155525208,0.17201045155525208,1,False,23,True
LR-SELECTED-AP,3,var_41,-0.003203688422217965,0.003203688422217965,-1,False,23,True
LR-SELECTED-AP,3,var_42,-0.03010968677699566,0.03010968677699566,-1,False,23,True
LR-SELECTED-AP,3,var_43,-0.09553060680627823,0.09553060680627823,-1,False,23,True
LR-SELECTED-AP,3,var_44,-0.16232788562774658,0.16232788562774658,-1,False,23,True
LR-SELECTED-AP,3,var_45,-0.06752254068851471,0.06752254068851471,-1,False,23,True
LR-SELECTED-AP,3,var_46,0.01897374354302883,0.01897374354302883,1,False,23,True
LR-SELECTED-AP,3,var_47,0.026577316224575043,0.026577316224575043,1,False,23,True
LR-SELECTED-AP,3,var_48,0.10225586593151093,0.10225586593151093,1,False,23,True
LR-SELECTED-AP,3,var_49,0.09911040961742401,0.09911040961742401,1,False,23,True
LR-SELECTED-AP,3,var_50,-0.043772414326667786,0.043772414326667786,-1,False,23,True
LR-SELECTED-AP,3,var_51,0.06786712259054184,0.06786712259054184,1,False,23,True
LR-SELECTED-AP,3,var_52,0.08857689052820206,0.08857689052820206,1,False,23,True
LR-SELECTED-AP,3,var_53,0.21178016066551208,0.21178016066551208,1,False,23,True
LR-SELECTED-AP,3,var_54,-0.05832196772098541,0.05832196772098541,-1,False,23,True
LR-SELECTED-AP,3,var_55,0.04527084529399872,0.04527084529399872,1,False,23,True
LR-SELECTED-AP,3,var_56,-0.10120312869548798,0.10120312869548798,-1,False,23,True
LR-SELECTED-AP,3,var_57,-0.04721934720873833,0.04721934720873833,-1,False,23,True
LR-SELECTED-AP,3,var_58,-0.07942993938922882,0.07942993938922882,-1,False,23,True
LR-SELECTED-AP,3,var_59,-0.04027925431728363,0.04027925431728363,-1,False,23,True
LR-SELECTED-AP,3,var_60,0.027778230607509613,0.027778230607509613,1,False,23,True
LR-SELECTED-AP,3,var_61,0.04162249341607094,0.04162249341607094,1,False,23,True
LR-SELECTED-AP,3,var_62,0.06497698277235031,0.06497698277235031,1,False,23,True
LR-SELECTED-AP,3,var_63,-0.06488644331693649,0.06488644331693649,-1,False,23,True
LR-SELECTED-AP,3,var_64,-0.04473083093762398,0.04473083093762398,-1,False,23,True
LR-SELECTED-AP,3,var_65,0.03623243421316147,0.03623243421316147,1,False,23,True
LR-SELECTED-AP,3,var_66,0.07128707319498062,0.07128707319498062,1,False,23,True
LR-SELECTED-AP,3,var_67,0.1443803906440735,0.1443803906440735,1,False,23,True
LR-SELECTED-AP,3,var_68,-0.03913132846355438,0.03913132846355438,-1,False,23,True
LR-SELECTED-AP,3,var_69,0.016748907044529915,0.016748907044529915,1,False,23,True
LR-SELECTED-AP,3,var_70,0.10404392331838608,0.10404392331838608,1,False,23,True
LR-SELECTED-AP,3,var_71,0.11273450404405594,0.11273450404405594,1,False,23,True
LR-SELECTED-AP,3,var_72,-0.03988853096961975,0.03988853096961975,-1,False,23,True
LR-SELECTED-AP,3,var_73,-0.02744695357978344,0.02744695357978344,-1,False,23,True
LR-SELECTED-AP,3,var_74,0.06554904580116272,0.06554904580116272,1,False,23,True
LR-SELECTED-AP,3,var_75,-0.12297473847866058,0.12297473847866058,-1,False,23,True
LR-SELECTED-AP,3,var_76,-0.2145027220249176,0.2145027220249176,-1,False,23,True
LR-SELECTED-AP,3,var_77,-0.056178949773311615,0.056178949773311615,-1,False,23,True
LR-SELECTED-AP,3,var_78,0.1573379933834076,0.1573379933834076,1,False,23,True
LR-SELECTED-AP,3,var_79,0.006787048187106848,0.006787048187106848,1,False,23,True
LR-SELECTED-AP,3,var_80,-0.16992810368537903,0.16992810368537903,-1,False,23,True
LR-SELECTED-AP,3,var_81,-0.2626021206378937,0.2626021206378937,-1,False,23,True
LR-SELECTED-AP,3,var_82,0.08073040097951889,0.08073040097951889,1,False,23,True
LR-SELECTED-AP,3,var_83,-0.07104762643575668,0.07104762643575668,-1,False,23,True
LR-SELECTED-AP,3,var_84,0.030755382031202316,0.030755382031202316,1,False,23,True
LR-SELECTED-AP,3,var_85,-0.06672195345163345,0.06672195345163345,-1,False,23,True
LR-SELECTED-AP,3,var_86,-0.12523287534713745,0.12523287534713745,-1,False,23,True
LR-SELECTED-AP,3,var_87,-0.11519048362970352,0.11519048362970352,-1,False,23,True
LR-SELECTED-AP,3,var_88,-0.0709695965051651,0.0709695965051651,-1,False,23,True
LR-SELECTED-AP,3,var_89,0.12767362594604492,0.12767362594604492,1,False,23,True
LR-SELECTED-AP,3,var_90,0.09412956237792969,0.09412956237792969,1,False,23,True
LR-SELECTED-AP,3,var_91,0.1190168485045433,0.1190168485045433,1,False,23,True
LR-SELECTED-AP,3,var_92,-0.14779406785964966,0.14779406785964966,-1,False,23,True
LR-SELECTED-AP,3,var_93,-0.10923346132040024,0.10923346132040024,-1,False,23,True
LR-SELECTED-AP,3,var_94,0.1606113612651825,0.1606113612651825,1,False,23,True
LR-SELECTED-AP,3,var_95,0.1254776120185852,0.1254776120185852,1,False,23,True
LR-SELECTED-AP,3,var_96,0.010042554698884487,0.010042554698884487,1,False,23,True
LR-SELECTED-AP,3,var_97,0.051519595086574554,0.051519595086574554,1,False,23,True
LR-SELECTED-AP,3,var_98,-0.009294899180531502,0.009294899180531502,-1,False,23,True
LR-SELECTED-AP,3,var_99,0.18753096461296082,0.18753096461296082,1,False,23,True
LR-SELECTED-AP,3,var_100,0.0,0.0,0,True,23,True
LR-SELECTED-AP,3,var_101,-0.030157368630170822,0.030157368630170822,-1,False,23,True
LR-SELECTED-AP,3,var_102,-0.06041910871863365,0.06041910871863365,-1,False,23,True
LR-SELECTED-AP,3,var_103,0.005659491755068302,0.005659491755068302,1,False,23,True
LR-SELECTED-AP,3,var_104,-0.08448632061481476,0.08448632061481476,-1,False,23,True
LR-SELECTED-AP,3,var_105,0.08345828205347061,0.08345828205347061,1,False,23,True
LR-SELECTED-AP,3,var_106,0.10704807192087173,0.10704807192087173,1,False,23,True
LR-SELECTED-AP,3,var_107,-0.13754519820213318,0.13754519820213318,-1,False,23,True
LR-SELECTED-AP,3,var_108,-0.1305168867111206,0.1305168867111206,-1,False,23,True
LR-SELECTED-AP,3,var_109,-0.15380725264549255,0.15380725264549255,-1,False,23,True
LR-SELECTED-AP,3,var_110,0.2035079300403595,0.2035079300403595,1,False,23,True
LR-SELECTED-AP,3,var_111,0.08362911641597748,0.08362911641597748,1,False,23,True
LR-SELECTED-AP,3,var_112,0.0730053037405014,0.0730053037405014,1,False,23,True
LR-SELECTED-AP,3,var_113,-0.04943802207708359,0.04943802207708359,-1,False,23,True
LR-SELECTED-AP,3,var_114,-0.07427232712507248,0.07427232712507248,-1,False,23,True
LR-SELECTED-AP,3,var_115,-0.16156262159347534,0.16156262159347534,-1,False,23,True
LR-SELECTED-AP,3,var_116,-0.08346818387508392,0.08346818387508392,-1,False,23,True
LR-SELECTED-AP,3,var_117,-0.0017248051008209586,0.0017248051008209586,-1,False,23,True
LR-SELECTED-AP,3,var_118,0.1349879503250122,0.1349879503250122,1,False,23,True
LR-SELECTED-AP,3,var_119,0.09065194427967072,0.09065194427967072,1,False,23,True
LR-SELECTED-AP,3,var_120,-0.02988770604133606,0.02988770604133606,-1,False,23,True
LR-SELECTED-AP,3,var_121,-0.12139301002025604,0.12139301002025604,-1,False,23,True
LR-SELECTED-AP,3,var_122,-0.14427882432937622,0.14427882432937622,-1,False,23,True
LR-SELECTED-AP,3,var_123,-0.12421509623527527,0.12421509623527527,-1,False,23,True
LR-SELECTED-AP,3,var_124,0.030674034729599953,0.030674034729599953,1,False,23,True
LR-SELECTED-AP,3,var_125,0.08306552469730377,0.08306552469730377,1,False,23,True
LR-SELECTED-AP,3,var_126,0.007916439324617386,0.007916439324617386,1,False,23,True
LR-SELECTED-AP,3,var_127,-0.12309957295656204,0.12309957295656204,-1,False,23,True
LR-SELECTED-AP,3,var_128,0.08527667820453644,0.08527667820453644,1,False,23,True
LR-SELECTED-AP,3,var_129,-0.011197497136890888,0.011197497136890888,-1,False,23,True
LR-SELECTED-AP,3,var_130,0.1040630117058754,0.1040630117058754,1,False,23,True
LR-SELECTED-AP,3,var_131,-0.1046563908457756,0.1046563908457756,-1,False,23,True
LR-SELECTED-AP,3,var_132,-0.09101755172014236,0.09101755172014236,-1,False,23,True
LR-SELECTED-AP,3,var_133,0.16967380046844482,0.16967380046844482,1,False,23,True
LR-SELECTED-AP,3,var_134,0.05541796609759331,0.05541796609759331,1,False,23,True
LR-SELECTED-AP,3,var_135,0.08597011119127274,0.08597011119127274,1,False,23,True
LR-SELECTED-AP,3,var_136,-0.02099692076444626,0.02099692076444626,-1,False,23,True
LR-SELECTED-AP,3,var_137,0.08843237161636353,0.08843237161636353,1,False,23,True
LR-SELECTED-AP,3,var_138,0.05098658427596092,0.05098658427596092,1,False,23,True
LR-SELECTED-AP,3,var_139,-0.2378581464290619,0.2378581464290619,-1,False,23,True
LR-SELECTED-AP,3,var_140,0.06026294827461243,0.06026294827461243,1,False,23,True
LR-SELECTED-AP,3,var_141,-0.09790338575839996,0.09790338575839996,-1,False,23,True
LR-SELECTED-AP,3,var_142,-0.062133122235536575,0.062133122235536575,-1,False,23,True
LR-SELECTED-AP,3,var_143,-0.03967985883355141,0.03967985883355141,-1,False,23,True
LR-SELECTED-AP,3,var_144,0.06639216840267181,0.06639216840267181,1,False,23,True
LR-SELECTED-AP,3,var_145,0.11769652366638184,0.11769652366638184,1,False,23,True
LR-SELECTED-AP,3,var_146,-0.19509229063987732,0.19509229063987732,-1,False,23,True
LR-SELECTED-AP,3,var_147,0.11927211284637451,0.11927211284637451,1,False,23,True
LR-SELECTED-AP,3,var_148,-0.16544872522354126,0.16544872522354126,-1,False,23,True
LR-SELECTED-AP,3,var_149,-0.14033955335617065,0.14033955335617065,-1,False,23,True
LR-SELECTED-AP,3,var_150,-0.09600324183702469,0.09600324183702469,-1,False,23,True
LR-SELECTED-AP,3,var_151,0.09074370563030243,0.09074370563030243,1,False,23,True
LR-SELECTED-AP,3,var_152,-0.03514096885919571,0.03514096885919571,-1,False,23,True
LR-SELECTED-AP,3,var_153,-0.01956653781235218,0.01956653781235218,-1,False,23,True
LR-SELECTED-AP,3,var_154,-0.1557334065437317,0.1557334065437317,-1,False,23,True
LR-SELECTED-AP,3,var_155,0.1245647743344307,0.1245647743344307,1,False,23,True
LR-SELECTED-AP,3,var_156,-0.0667635127902031,0.0667635127902031,-1,False,23,True
LR-SELECTED-AP,3,var_157,0.09894489496946335,0.09894489496946335,1,False,23,True
LR-SELECTED-AP,3,var_158,0.0,0.0,0,True,23,True
LR-SELECTED-AP,3,var_159,0.04509948566555977,0.04509948566555977,1,False,23,True
LR-SELECTED-AP,3,var_160,-0.015431012026965618,0.015431012026965618,-1,False,23,True
LR-SELECTED-AP,3,var_161,0.010221747681498528,0.010221747681498528,1,False,23,True
LR-SELECTED-AP,3,var_162,0.10705340653657913,0.10705340653657913,1,False,23,True
LR-SELECTED-AP,3,var_163,0.09229283779859543,0.09229283779859543,1,False,23,True
LR-SELECTED-AP,3,var_164,0.13543355464935303,0.13543355464935303,1,False,23,True
LR-SELECTED-AP,3,var_165,-0.1661263406276703,0.1661263406276703,-1,False,23,True
LR-SELECTED-AP,3,var_166,-0.17850807309150696,0.17850807309150696,-1,False,23,True
LR-SELECTED-AP,3,var_167,0.08779243379831314,0.08779243379831314,1,False,23,True
LR-SELECTED-AP,3,var_168,0.042100366204977036,0.042100366204977036,1,False,23,True
LR-SELECTED-AP,3,var_169,-0.15527933835983276,0.15527933835983276,-1,False,23,True
LR-SELECTED-AP,3,var_170,0.16163459420204163,0.16163459420204163,1,False,23,True
LR-SELECTED-AP,3,var_171,0.044951993972063065,0.044951993972063065,1,False,23,True
LR-SELECTED-AP,3,var_172,-0.12400047481060028,0.12400047481060028,-1,False,23,True
LR-SELECTED-AP,3,var_173,0.14438673853874207,0.14438673853874207,1,False,23,True
LR-SELECTED-AP,3,var_174,-0.19801494479179382,0.19801494479179382,-1,False,23,True
LR-SELECTED-AP,3,var_175,0.07467061281204224,0.07467061281204224,1,False,23,True
LR-SELECTED-AP,3,var_176,0.03783198446035385,0.03783198446035385,1,False,23,True
LR-SELECTED-AP,3,var_177,-0.12100940942764282,0.12100940942764282,-1,False,23,True
LR-SELECTED-AP,3,var_178,-0.06036912649869919,0.06036912649869919,-1,False,23,True
LR-SELECTED-AP,3,var_179,0.15861374139785767,0.15861374139785767,1,False,23,True
LR-SELECTED-AP,3,var_180,0.09829998016357422,0.09829998016357422,1,False,23,True
LR-SELECTED-AP,3,var_181,0.04708690196275711,0.04708690196275711,1,False,23,True
LR-SELECTED-AP,3,var_182,-0.03761502727866173,0.03761502727866173,-1,False,23,True
LR-SELECTED-AP,3,var_183,0.0,0.0,0,True,23,True
LR-SELECTED-AP,3,var_184,0.1506699025630951,0.1506699025630951,1,False,23,True
LR-SELECTED-AP,3,var_185,-0.0003048069484066218,0.0003048069484066218,-1,False,23,True
LR-SELECTED-AP,3,var_186,-0.09782237559556961,0.09782237559556961,-1,False,23,True
LR-SELECTED-AP,3,var_187,0.041538309305906296,0.041538309305906296,1,False,23,True
LR-SELECTED-AP,3,var_188,-0.11016147583723068,0.11016147583723068,-1,False,23,True
LR-SELECTED-AP,3,var_189,0.03478655219078064,0.03478655219078064,1,False,23,True
LR-SELECTED-AP,3,var_190,0.1876714825630188,0.1876714825630188,1,False,23,True
LR-SELECTED-AP,3,var_191,0.15073710680007935,0.15073710680007935,1,False,23,True
LR-SELECTED-AP,3,var_192,-0.13590282201766968,0.13590282201766968,-1,False,23,True
LR-SELECTED-AP,3,var_193,-0.059897392988204956,0.059897392988204956,-1,False,23,True
LR-SELECTED-AP,3,var_194,-0.07257399708032608,0.07257399708032608,-1,False,23,True
LR-SELECTED-AP,3,var_195,0.09299993515014648,0.09299993515014648,1,False,23,True
LR-SELECTED-AP,3,var_196,0.07347322255373001,0.07347322255373001,1,False,23,True
LR-SELECTED-AP,3,var_197,-0.11259637027978897,0.11259637027978897,-1,False,23,True
LR-SELECTED-AP,3,var_198,-0.15931150317192078,0.15931150317192078,-1,False,23,True
LR-SELECTED-AP,3,var_199,0.09037329256534576,0.09037329256534576,1,False,23,True
LR-SELECTED-AP,4,var_0,0.16323590278625488,0.16323590278625488,1,False,24,True
LR-SELECTED-AP,4,var_1,0.170963853597641,0.170963853597641,1,False,24,True
LR-SELECTED-AP,4,var_2,0.1795443594455719,0.1795443594455719,1,False,24,True
LR-SELECTED-AP,4,var_3,0.031188199296593666,0.031188199296593666,1,False,24,True
LR-SELECTED-AP,4,var_4,0.04114924371242523,0.04114924371242523,1,False,24,True
LR-SELECTED-AP,4,var_5,0.109769307076931,0.109769307076931,1,False,24,True
LR-SELECTED-AP,4,var_6,0.22854536771774292,0.22854536771774292,1,False,24,True
LR-SELECTED-AP,4,var_7,-0.013761132024228573,0.013761132024228573,-1,False,24,True
LR-SELECTED-AP,4,var_8,0.056290458887815475,0.056290458887815475,1,False,24,True
LR-SELECTED-AP,4,var_9,-0.14558908343315125,0.14558908343315125,-1,False,24,True
LR-SELECTED-AP,4,var_10,-0.0036440384574234486,0.0036440384574234486,-1,False,24,True
LR-SELECTED-AP,4,var_11,0.07465197890996933,0.07465197890996933,1,False,24,True
LR-SELECTED-AP,4,var_12,-0.2108972668647766,0.2108972668647766,-1,False,24,True
LR-SELECTED-AP,4,var_13,-0.18068426847457886,0.18068426847457886,-1,False,24,True
LR-SELECTED-AP,4,var_14,-0.012509525753557682,0.012509525753557682,-1,False,24,True
LR-SELECTED-AP,4,var_15,0.05834074318408966,0.05834074318408966,1,False,24,True
LR-SELECTED-AP,4,var_16,0.01776750385761261,0.01776750385761261,1,False,24,True
LR-SELECTED-AP,4,var_17,0.0009263661922886968,0.0009263661922886968,1,False,24,True
LR-SELECTED-AP,4,var_18,0.1390378773212433,0.1390378773212433,1,False,24,True
LR-SELECTED-AP,4,var_19,0.04207019880414009,0.04207019880414009,1,False,24,True
LR-SELECTED-AP,4,var_20,-0.060928307473659515,0.060928307473659515,-1,False,24,True
LR-SELECTED-AP,4,var_21,-0.19567018747329712,0.19567018747329712,-1,False,24,True
LR-SELECTED-AP,4,var_22,0.20007452368736267,0.20007452368736267,1,False,24,True
LR-SELECTED-AP,4,var_23,-0.08140221238136292,0.08140221238136292,-1,False,24,True
LR-SELECTED-AP,4,var_24,0.07931805402040482,0.07931805402040482,1,False,24,True
LR-SELECTED-AP,4,var_25,0.05552855506539345,0.05552855506539345,1,False,24,True
LR-SELECTED-AP,4,var_26,0.20026323199272156,0.20026323199272156,1,False,24,True
LR-SELECTED-AP,4,var_27,-0.003578068222850561,0.003578068222850561,-1,False,24,True
LR-SELECTED-AP,4,var_28,-0.0811583548784256,0.0811583548784256,-1,False,24,True
LR-SELECTED-AP,4,var_29,0.021156853064894676,0.021156853064894676,1,False,24,True
LR-SELECTED-AP,4,var_30,-0.0031260286923497915,0.0031260286923497915,-1,False,24,True
LR-SELECTED-AP,4,var_31,-0.08637217432260513,0.08637217432260513,-1,False,24,True
LR-SELECTED-AP,4,var_32,0.1012377068400383,0.1012377068400383,1,False,24,True
LR-SELECTED-AP,4,var_33,-0.14905115962028503,0.14905115962028503,-1,False,24,True
LR-SELECTED-AP,4,var_34,-0.18173223733901978,0.18173223733901978,-1,False,24,True
LR-SELECTED-AP,4,var_35,0.1223035454750061,0.1223035454750061,1,False,24,True
LR-SELECTED-AP,4,var_36,-0.12068130075931549,0.12068130075931549,-1,False,24,True
LR-SELECTED-AP,4,var_37,0.037246719002723694,0.037246719002723694,1,False,24,True
LR-SELECTED-AP,4,var_38,0.010831167921423912,0.010831167921423912,1,False,24,True
LR-SELECTED-AP,4,var_39,-0.018898608162999153,0.018898608162999153,-1,False,24,True
LR-SELECTED-AP,4,var_40,0.16112396121025085,0.16112396121025085,1,False,24,True
LR-SELECTED-AP,4,var_41,0.0004244312003720552,0.0004244312003720552,1,False,24,True
LR-SELECTED-AP,4,var_42,-0.018056707456707954,0.018056707456707954,-1,False,24,True
LR-SELECTED-AP,4,var_43,-0.0917525440454483,0.0917525440454483,-1,False,24,True
LR-SELECTED-AP,4,var_44,-0.16168221831321716,0.16168221831321716,-1,False,24,True
LR-SELECTED-AP,4,var_45,-0.07948651909828186,0.07948651909828186,-1,False,24,True
LR-SELECTED-AP,4,var_46,0.012087060138583183,0.012087060138583183,1,False,24,True
LR-SELECTED-AP,4,var_47,0.031238509342074394,0.031238509342074394,1,False,24,True
LR-SELECTED-AP,4,var_48,0.09749650955200195,0.09749650955200195,1,False,24,True
LR-SELECTED-AP,4,var_49,0.10120170563459396,0.10120170563459396,1,False,24,True
LR-SELECTED-AP,4,var_50,-0.050325799733400345,0.050325799733400345,-1,False,24,True
LR-SELECTED-AP,4,var_51,0.06641766428947449,0.06641766428947449,1,False,24,True
LR-SELECTED-AP,4,var_52,0.08877672255039215,0.08877672255039215,1,False,24,True
LR-SELECTED-AP,4,var_53,0.21254950761795044,0.21254950761795044,1,False,24,True
LR-SELECTED-AP,4,var_54,-0.05755233019590378,0.05755233019590378,-1,False,24,True
LR-SELECTED-AP,4,var_55,0.05130323767662048,0.05130323767662048,1,False,24,True
LR-SELECTED-AP,4,var_56,-0.10780808329582214,0.10780808329582214,-1,False,24,True
LR-SELECTED-AP,4,var_57,-0.04692227393388748,0.04692227393388748,-1,False,24,True
LR-SELECTED-AP,4,var_58,-0.07984913885593414,0.07984913885593414,-1,False,24,True
LR-SELECTED-AP,4,var_59,-0.028032220900058746,0.028032220900058746,-1,False,24,True
LR-SELECTED-AP,4,var_60,0.03047940321266651,0.03047940321266651,1,False,24,True
LR-SELECTED-AP,4,var_61,0.024187982082366943,0.024187982082366943,1,False,24,True
LR-SELECTED-AP,4,var_62,0.050412971526384354,0.050412971526384354,1,False,24,True
LR-SELECTED-AP,4,var_63,-0.050786808133125305,0.050786808133125305,-1,False,24,True
LR-SELECTED-AP,4,var_64,-0.04895813763141632,0.04895813763141632,-1,False,24,True
LR-SELECTED-AP,4,var_65,0.0423702709376812,0.0423702709376812,1,False,24,True
LR-SELECTED-AP,4,var_66,0.07180766761302948,0.07180766761302948,1,False,24,True
LR-SELECTED-AP,4,var_67,0.15679863095283508,0.15679863095283508,1,False,24,True
LR-SELECTED-AP,4,var_68,-0.04179497808218002,0.04179497808218002,-1,False,24,True
LR-SELECTED-AP,4,var_69,0.016815444454550743,0.016815444454550743,1,False,24,True
LR-SELECTED-AP,4,var_70,0.09810861200094223,0.09810861200094223,1,False,24,True
LR-SELECTED-AP,4,var_71,0.10440903902053833,0.10440903902053833,1,False,24,True
LR-SELECTED-AP,4,var_72,-0.03734935075044632,0.03734935075044632,-1,False,24,True
LR-SELECTED-AP,4,var_73,-0.027873914688825607,0.027873914688825607,-1,False,24,True
LR-SELECTED-AP,4,var_74,0.05845750495791435,0.05845750495791435,1,False,24,True
LR-SELECTED-AP,4,var_75,-0.12076975405216217,0.12076975405216217,-1,False,24,True
LR-SELECTED-AP,4,var_76,-0.2080392837524414,0.2080392837524414,-1,False,24,True
LR-SELECTED-AP,4,var_77,-0.05191544070839882,0.05191544070839882,-1,False,24,True
LR-SELECTED-AP,4,var_78,0.1615651547908783,0.1615651547908783,1,False,24,True
LR-SELECTED-AP,4,var_79,0.016243360936641693,0.016243360936641693,1,False,24,True
LR-SELECTED-AP,4,var_80,-0.18174508213996887,0.18174508213996887,-1,False,24,True
LR-SELECTED-AP,4,var_81,-0.25817248225212097,0.25817248225212097,-1,False,24,True
LR-SELECTED-AP,4,var_82,0.07592524588108063,0.07592524588108063,1,False,24,True
LR-SELECTED-AP,4,var_83,-0.06356102228164673,0.06356102228164673,-1,False,24,True
LR-SELECTED-AP,4,var_84,0.03726136311888695,0.03726136311888695,1,False,24,True
LR-SELECTED-AP,4,var_85,-0.06058428809046745,0.06058428809046745,-1,False,24,True
LR-SELECTED-AP,4,var_86,-0.11465785652399063,0.11465785652399063,-1,False,24,True
LR-SELECTED-AP,4,var_87,-0.10664306581020355,0.10664306581020355,-1,False,24,True
LR-SELECTED-AP,4,var_88,-0.07137653976678848,0.07137653976678848,-1,False,24,True
LR-SELECTED-AP,4,var_89,0.13927769660949707,0.13927769660949707,1,False,24,True
LR-SELECTED-AP,4,var_90,0.09772994369268417,0.09772994369268417,1,False,24,True
LR-SELECTED-AP,4,var_91,0.12052636593580246,0.12052636593580246,1,False,24,True
LR-SELECTED-AP,4,var_92,-0.1469915509223938,0.1469915509223938,-1,False,24,True
LR-SELECTED-AP,4,var_93,-0.10537046194076538,0.10537046194076538,-1,False,24,True
LR-SELECTED-AP,4,var_94,0.16370603442192078,0.16370603442192078,1,False,24,True
LR-SELECTED-AP,4,var_95,0.12828290462493896,0.12828290462493896,1,False,24,True
LR-SELECTED-AP,4,var_96,0.001454159035347402,0.001454159035347402,1,False,24,True
LR-SELECTED-AP,4,var_97,0.050804346799850464,0.050804346799850464,1,False,24,True
LR-SELECTED-AP,4,var_98,-0.01790502853691578,0.01790502853691578,-1,False,24,True
LR-SELECTED-AP,4,var_99,0.19509980082511902,0.19509980082511902,1,False,24,True
LR-SELECTED-AP,4,var_100,0.008905511349439621,0.008905511349439621,1,False,24,True
LR-SELECTED-AP,4,var_101,-0.029448840767145157,0.029448840767145157,-1,False,24,True
LR-SELECTED-AP,4,var_102,-0.05718563124537468,0.05718563124537468,-1,False,24,True
LR-SELECTED-AP,4,var_103,-0.0013228356838226318,0.0013228356838226318,-1,False,24,True
LR-SELECTED-AP,4,var_104,-0.08632579445838928,0.08632579445838928,-1,False,24,True
LR-SELECTED-AP,4,var_105,0.07504991441965103,0.07504991441965103,1,False,24,True
LR-SELECTED-AP,4,var_106,0.11171597987413406,0.11171597987413406,1,False,24,True
LR-SELECTED-AP,4,var_107,-0.14463764429092407,0.14463764429092407,-1,False,24,True
LR-SELECTED-AP,4,var_108,-0.14138269424438477,0.14138269424438477,-1,False,24,True
LR-SELECTED-AP,4,var_109,-0.16744256019592285,0.16744256019592285,-1,False,24,True
LR-SELECTED-AP,4,var_110,0.20856919884681702,0.20856919884681702,1,False,24,True
LR-SELECTED-AP,4,var_111,0.08576098829507828,0.08576098829507828,1,False,24,True
LR-SELECTED-AP,4,var_112,0.07302512228488922,0.07302512228488922,1,False,24,True
LR-SELECTED-AP,4,var_113,-0.05327996611595154,0.05327996611595154,-1,False,24,True
LR-SELECTED-AP,4,var_114,-0.07514575868844986,0.07514575868844986,-1,False,24,True
LR-SELECTED-AP,4,var_115,-0.16281923651695251,0.16281923651695251,-1,False,24,True
LR-SELECTED-AP,4,var_116,-0.06299128383398056,0.06299128383398056,-1,False,24,True
LR-SELECTED-AP,4,var_117,0.0037738962564617395,0.0037738962564617395,1,False,24,True
LR-SELECTED-AP,4,var_118,0.14401599764823914,0.14401599764823914,1,False,24,True
LR-SELECTED-AP,4,var_119,0.09026305377483368,0.09026305377483368,1,False,24,True
LR-SELECTED-AP,4,var_120,-0.03951801359653473,0.03951801359653473,-1,False,24,True
LR-SELECTED-AP,4,var_121,-0.12185937166213989,0.12185937166213989,-1,False,24,True
LR-SELECTED-AP,4,var_122,-0.1380089819431305,0.1380089819431305,-1,False,24,True
LR-SELECTED-AP,4,var_123,-0.12073025852441788,0.12073025852441788,-1,False,24,True
LR-SELECTED-AP,4,var_124,0.014078976586461067,0.014078976586461067,1,False,24,True
LR-SELECTED-AP,4,var_125,0.08837869018316269,0.08837869018316269,1,False,24,True
LR-SELECTED-AP,4,var_126,0.012886692769825459,0.012886692769825459,1,False,24,True
LR-SELECTED-AP,4,var_127,-0.1255308985710144,0.1255308985710144,-1,False,24,True
LR-SELECTED-AP,4,var_128,0.08834043145179749,0.08834043145179749,1,False,24,True
LR-SELECTED-AP,4,var_129,-0.028294794261455536,0.028294794261455536,-1,False,24,True
LR-SELECTED-AP,4,var_130,0.1101880744099617,0.1101880744099617,1,False,24,True
LR-SELECTED-AP,4,var_131,-0.0988190770149231,0.0988190770149231,-1,False,24,True
LR-SELECTED-AP,4,var_132,-0.09945216029882431,0.09945216029882431,-1,False,24,True
LR-SELECTED-AP,4,var_133,0.17411428689956665,0.17411428689956665,1,False,24,True
LR-SELECTED-AP,4,var_134,0.0595041885972023,0.0595041885972023,1,False,24,True
LR-SELECTED-AP,4,var_135,0.0884389653801918,0.0884389653801918,1,False,24,True
LR-SELECTED-AP,4,var_136,-0.021319525316357613,0.021319525316357613,-1,False,24,True
LR-SELECTED-AP,4,var_137,0.08547107130289078,0.08547107130289078,1,False,24,True
LR-SELECTED-AP,4,var_138,0.054368678480386734,0.054368678480386734,1,False,24,True
LR-SELECTED-AP,4,var_139,-0.23866194486618042,0.23866194486618042,-1,False,24,True
LR-SELECTED-AP,4,var_140,0.05325958505272865,0.05325958505272865,1,False,24,True
LR-SELECTED-AP,4,var_141,-0.10761382430791855,0.10761382430791855,-1,False,24,True
LR-SELECTED-AP,4,var_142,-0.06013963371515274,0.06013963371515274,-1,False,24,True
LR-SELECTED-AP,4,var_143,-0.036127761006355286,0.036127761006355286,-1,False,24,True
LR-SELECTED-AP,4,var_144,0.06697611510753632,0.06697611510753632,1,False,24,True
LR-SELECTED-AP,4,var_145,0.09604179859161377,0.09604179859161377,1,False,24,True
LR-SELECTED-AP,4,var_146,-0.20668956637382507,0.20668956637382507,-1,False,24,True
LR-SELECTED-AP,4,var_147,0.13054728507995605,0.13054728507995605,1,False,24,True
LR-SELECTED-AP,4,var_148,-0.17425155639648438,0.17425155639648438,-1,False,24,True
LR-SELECTED-AP,4,var_149,-0.15803614258766174,0.15803614258766174,-1,False,24,True
LR-SELECTED-AP,4,var_150,-0.0939735397696495,0.0939735397696495,-1,False,24,True
LR-SELECTED-AP,4,var_151,0.08649154007434845,0.08649154007434845,1,False,24,True
LR-SELECTED-AP,4,var_152,-0.037708502262830734,0.037708502262830734,-1,False,24,True
LR-SELECTED-AP,4,var_153,-0.014176038093864918,0.014176038093864918,-1,False,24,True
LR-SELECTED-AP,4,var_154,-0.1523396074771881,0.1523396074771881,-1,False,24,True
LR-SELECTED-AP,4,var_155,0.1366628110408783,0.1366628110408783,1,False,24,True
LR-SELECTED-AP,4,var_156,-0.06503377109766006,0.06503377109766006,-1,False,24,True
LR-SELECTED-AP,4,var_157,0.0949566438794136,0.0949566438794136,1,False,24,True
LR-SELECTED-AP,4,var_158,-0.013969264924526215,0.013969264924526215,-1,False,24,True
LR-SELECTED-AP,4,var_159,0.05109025537967682,0.05109025537967682,1,False,24,True
LR-SELECTED-AP,4,var_160,-0.009933221153914928,0.009933221153914928,-1,False,24,True
LR-SELECTED-AP,4,var_161,0.018866321071982384,0.018866321071982384,1,False,24,True
LR-SELECTED-AP,4,var_162,0.11537159979343414,0.11537159979343414,1,False,24,True
LR-SELECTED-AP,4,var_163,0.1019267663359642,0.1019267663359642,1,False,24,True
LR-SELECTED-AP,4,var_164,0.1358090341091156,0.1358090341091156,1,False,24,True
LR-SELECTED-AP,4,var_165,-0.1655413806438446,0.1655413806438446,-1,False,24,True
LR-SELECTED-AP,4,var_166,-0.17426010966300964,0.17426010966300964,-1,False,24,True
LR-SELECTED-AP,4,var_167,0.09341348707675934,0.09341348707675934,1,False,24,True
LR-SELECTED-AP,4,var_168,0.04764837399125099,0.04764837399125099,1,False,24,True
LR-SELECTED-AP,4,var_169,-0.1590462625026703,0.1590462625026703,-1,False,24,True
LR-SELECTED-AP,4,var_170,0.15823185443878174,0.15823185443878174,1,False,24,True
LR-SELECTED-AP,4,var_171,0.061103373765945435,0.061103373765945435,1,False,24,True
LR-SELECTED-AP,4,var_172,-0.1209447905421257,0.1209447905421257,-1,False,24,True
LR-SELECTED-AP,4,var_173,0.14284789562225342,0.14284789562225342,1,False,24,True
LR-SELECTED-AP,4,var_174,-0.19623219966888428,0.19623219966888428,-1,False,24,True
LR-SELECTED-AP,4,var_175,0.08213325589895248,0.08213325589895248,1,False,24,True
LR-SELECTED-AP,4,var_176,0.03920677304267883,0.03920677304267883,1,False,24,True
LR-SELECTED-AP,4,var_177,-0.11553861945867538,0.11553861945867538,-1,False,24,True
LR-SELECTED-AP,4,var_178,-0.05903834477066994,0.05903834477066994,-1,False,24,True
LR-SELECTED-AP,4,var_179,0.1540335714817047,0.1540335714817047,1,False,24,True
LR-SELECTED-AP,4,var_180,0.0998987928032875,0.0998987928032875,1,False,24,True
LR-SELECTED-AP,4,var_181,0.04874398931860924,0.04874398931860924,1,False,24,True
LR-SELECTED-AP,4,var_182,-0.04288473352789879,0.04288473352789879,-1,False,24,True
LR-SELECTED-AP,4,var_183,-0.007013196125626564,0.007013196125626564,-1,False,24,True
LR-SELECTED-AP,4,var_184,0.1485057771205902,0.1485057771205902,1,False,24,True
LR-SELECTED-AP,4,var_185,0.0025619834195822477,0.0025619834195822477,1,False,24,True
LR-SELECTED-AP,4,var_186,-0.08798869699239731,0.08798869699239731,-1,False,24,True
LR-SELECTED-AP,4,var_187,0.04863007366657257,0.04863007366657257,1,False,24,True
LR-SELECTED-AP,4,var_188,-0.12564164400100708,0.12564164400100708,-1,False,24,True
LR-SELECTED-AP,4,var_189,0.011696817353367805,0.011696817353367805,1,False,24,True
LR-SELECTED-AP,4,var_190,0.18976810574531555,0.18976810574531555,1,False,24,True
LR-SELECTED-AP,4,var_191,0.14930108189582825,0.14930108189582825,1,False,24,True
LR-SELECTED-AP,4,var_192,-0.13905301690101624,0.13905301690101624,-1,False,24,True
LR-SELECTED-AP,4,var_193,-0.061059512197971344,0.061059512197971344,-1,False,24,True
LR-SELECTED-AP,4,var_194,-0.07112549245357513,0.07112549245357513,-1,False,24,True
LR-SELECTED-AP,4,var_195,0.09998699277639389,0.09998699277639389,1,False,24,True
LR-SELECTED-AP,4,var_196,0.07511599361896515,0.07511599361896515,1,False,24,True
LR-SELECTED-AP,4,var_197,-0.12252801656723022,0.12252801656723022,-1,False,24,True
LR-SELECTED-AP,4,var_198,-0.18014949560165405,0.18014949560165405,-1,False,24,True
LR-SELECTED-AP,4,var_199,0.0889587253332138,0.0889587253332138,1,False,24,True
LR-SELECTED-AP,5,var_0,0.16305243968963623,0.16305243968963623,1,False,22,True
LR-SELECTED-AP,5,var_1,0.15709266066551208,0.15709266066551208,1,False,22,True
LR-SELECTED-AP,5,var_2,0.16381698846817017,0.16381698846817017,1,False,22,True
LR-SELECTED-AP,5,var_3,0.033018238842487335,0.033018238842487335,1,False,22,True
LR-SELECTED-AP,5,var_4,0.030826935544610023,0.030826935544610023,1,False,22,True
LR-SELECTED-AP,5,var_5,0.11560477316379547,0.11560477316379547,1,False,22,True
LR-SELECTED-AP,5,var_6,0.22578397393226624,0.22578397393226624,1,False,22,True
LR-SELECTED-AP,5,var_7,-0.014358249492943287,0.014358249492943287,-1,False,22,True
LR-SELECTED-AP,5,var_8,0.06447859853506088,0.06447859853506088,1,False,22,True
LR-SELECTED-AP,5,var_9,-0.139204204082489,0.139204204082489,-1,False,22,True
LR-SELECTED-AP,5,var_10,-0.006724485196173191,0.006724485196173191,-1,False,22,True
LR-SELECTED-AP,5,var_11,0.07884817570447922,0.07884817570447922,1,False,22,True
LR-SELECTED-AP,5,var_12,-0.22105878591537476,0.22105878591537476,-1,False,22,True
LR-SELECTED-AP,5,var_13,-0.17754998803138733,0.17754998803138733,-1,False,22,True
LR-SELECTED-AP,5,var_14,-0.018193449825048447,0.018193449825048447,-1,False,22,True
LR-SELECTED-AP,5,var_15,0.06388413906097412,0.06388413906097412,1,False,22,True
LR-SELECTED-AP,5,var_16,0.011315999552607536,0.011315999552607536,1,False,22,True
LR-SELECTED-AP,5,var_17,0.0,0.0,0,True,22,True
LR-SELECTED-AP,5,var_18,0.12290661036968231,0.12290661036968231,1,False,22,True
LR-SELECTED-AP,5,var_19,0.03853742405772209,0.03853742405772209,1,False,22,True
LR-SELECTED-AP,5,var_20,-0.06517229229211807,0.06517229229211807,-1,False,22,True
LR-SELECTED-AP,5,var_21,-0.1998182237148285,0.1998182237148285,-1,False,22,True
LR-SELECTED-AP,5,var_22,0.19655108451843262,0.19655108451843262,1,False,22,True
LR-SELECTED-AP,5,var_23,-0.09467830508947372,0.09467830508947372,-1,False,22,True
LR-SELECTED-AP,5,var_24,0.08027981966733932,0.08027981966733932,1,False,22,True
LR-SELECTED-AP,5,var_25,0.06061859056353569,0.06061859056353569,1,False,22,True
LR-SELECTED-AP,5,var_26,0.19924771785736084,0.19924771785736084,1,False,22,True
LR-SELECTED-AP,5,var_27,-0.006334507837891579,0.006334507837891579,-1,False,22,True
LR-SELECTED-AP,5,var_28,-0.0753798633813858,0.0753798633813858,-1,False,22,True
LR-SELECTED-AP,5,var_29,0.009944530203938484,0.009944530203938484,1,False,22,True
LR-SELECTED-AP,5,var_30,0.0,0.0,0,True,22,True
LR-SELECTED-AP,5,var_31,-0.08287669718265533,0.08287669718265533,-1,False,22,True
LR-SELECTED-AP,5,var_32,0.10021545737981796,0.10021545737981796,1,False,22,True
LR-SELECTED-AP,5,var_33,-0.16264328360557556,0.16264328360557556,-1,False,22,True
LR-SELECTED-AP,5,var_34,-0.19064512848854065,0.19064512848854065,-1,False,22,True
LR-SELECTED-AP,5,var_35,0.11724032461643219,0.11724032461643219,1,False,22,True
LR-SELECTED-AP,5,var_36,-0.13425347208976746,0.13425347208976746,-1,False,22,True
LR-SELECTED-AP,5,var_37,0.021066512912511826,0.021066512912511826,1,False,22,True
LR-SELECTED-AP,5,var_38,0.012091167271137238,0.012091167271137238,1,False,22,True
LR-SELECTED-AP,5,var_39,-0.028544191271066666,0.028544191271066666,-1,False,22,True
LR-SELECTED-AP,5,var_40,0.17111742496490479,0.17111742496490479,1,False,22,True
LR-SELECTED-AP,5,var_41,0.005340656265616417,0.005340656265616417,1,False,22,True
LR-SELECTED-AP,5,var_42,-0.03672059252858162,0.03672059252858162,-1,False,22,True
LR-SELECTED-AP,5,var_43,-0.0996643602848053,0.0996643602848053,-1,False,22,True
LR-SELECTED-AP,5,var_44,-0.17043259739875793,0.17043259739875793,-1,False,22,True
LR-SELECTED-AP,5,var_45,-0.07006603479385376,0.07006603479385376,-1,False,22,True
LR-SELECTED-AP,5,var_46,0.017463337630033493,0.017463337630033493,1,False,22,True
LR-SELECTED-AP,5,var_47,0.03431250900030136,0.03431250900030136,1,False,22,True
LR-SELECTED-AP,5,var_48,0.10101080685853958,0.10101080685853958,1,False,22,True
LR-SELECTED-AP,5,var_49,0.08813559263944626,0.08813559263944626,1,False,22,True
LR-SELECTED-AP,5,var_50,-0.04238261282444,0.04238261282444,-1,False,22,True
LR-SELECTED-AP,5,var_51,0.06679636240005493,0.06679636240005493,1,False,22,True
LR-SELECTED-AP,5,var_52,0.09071672707796097,0.09071672707796097,1,False,22,True
LR-SELECTED-AP,5,var_53,0.21422883868217468,0.21422883868217468,1,False,22,True
LR-SELECTED-AP,5,var_54,-0.05011919140815735,0.05011919140815735,-1,False,22,True
LR-SELECTED-AP,5,var_55,0.061211928725242615,0.061211928725242615,1,False,22,True
LR-SELECTED-AP,5,var_56,-0.10022404044866562,0.10022404044866562,-1,False,22,True
LR-SELECTED-AP,5,var_57,-0.05080690234899521,0.05080690234899521,-1,False,22,True
LR-SELECTED-AP,5,var_58,-0.07548841834068298,0.07548841834068298,-1,False,22,True
LR-SELECTED-AP,5,var_59,-0.0392535962164402,0.0392535962164402,-1,False,22,True
LR-SELECTED-AP,5,var_60,0.03322179988026619,0.03322179988026619,1,False,22,True
LR-SELECTED-AP,5,var_61,0.023656081408262253,0.023656081408262253,1,False,22,True
LR-SELECTED-AP,5,var_62,0.050996117293834686,0.050996117293834686,1,False,22,True
LR-SELECTED-AP,5,var_63,-0.055980004370212555,0.055980004370212555,-1,False,22,True
LR-SELECTED-AP,5,var_64,-0.04610811918973923,0.04610811918973923,-1,False,22,True
LR-SELECTED-AP,5,var_65,0.03287026658654213,0.03287026658654213,1,False,22,True
LR-SELECTED-AP,5,var_66,0.06542592495679855,0.06542592495679855,1,False,22,True
LR-SELECTED-AP,5,var_67,0.15285077691078186,0.15285077691078186,1,False,22,True
LR-SELECTED-AP,5,var_68,-0.04258943349123001,0.04258943349123001,-1,False,22,True
LR-SELECTED-AP,5,var_69,0.01849968172609806,0.01849968172609806,1,False,22,True
LR-SELECTED-AP,5,var_70,0.08811873197555542,0.08811873197555542,1,False,22,True
LR-SELECTED-AP,5,var_71,0.1119878813624382,0.1119878813624382,1,False,22,True
LR-SELECTED-AP,5,var_72,-0.04540875181555748,0.04540875181555748,-1,False,22,True
LR-SELECTED-AP,5,var_73,-0.0215203445404768,0.0215203445404768,-1,False,22,True
LR-SELECTED-AP,5,var_74,0.060883648693561554,0.060883648693561554,1,False,22,True
LR-SELECTED-AP,5,var_75,-0.1280832588672638,0.1280832588672638,-1,False,22,True
LR-SELECTED-AP,5,var_76,-0.20631155371665955,0.20631155371665955,-1,False,22,True
LR-SELECTED-AP,5,var_77,-0.058653149753808975,0.058653149753808975,-1,False,22,True
LR-SELECTED-AP,5,var_78,0.15844333171844482,0.15844333171844482,1,False,22,True
LR-SELECTED-AP,5,var_79,0.016092561185359955,0.016092561185359955,1,False,22,True
LR-SELECTED-AP,5,var_80,-0.17908549308776855,0.17908549308776855,-1,False,22,True
LR-SELECTED-AP,5,var_81,-0.25427064299583435,0.25427064299583435,-1,False,22,True
LR-SELECTED-AP,5,var_82,0.07688941806554794,0.07688941806554794,1,False,22,True
LR-SELECTED-AP,5,var_83,-0.07016873359680176,0.07016873359680176,-1,False,22,True
LR-SELECTED-AP,5,var_84,0.029729530215263367,0.029729530215263367,1,False,22,True
LR-SELECTED-AP,5,var_85,-0.0782981589436531,0.0782981589436531,-1,False,22,True
LR-SELECTED-AP,5,var_86,-0.1169629767537117,0.1169629767537117,-1,False,22,True
LR-SELECTED-AP,5,var_87,-0.11625240743160248,0.11625240743160248,-1,False,22,True
LR-SELECTED-AP,5,var_88,-0.07246571779251099,0.07246571779251099,-1,False,22,True
LR-SELECTED-AP,5,var_89,0.13861083984375,0.13861083984375,1,False,22,True
LR-SELECTED-AP,5,var_90,0.08485712110996246,0.08485712110996246,1,False,22,True
LR-SELECTED-AP,5,var_91,0.11845523118972778,0.11845523118972778,1,False,22,True
LR-SELECTED-AP,5,var_92,-0.145681232213974,0.145681232213974,-1,False,22,True
LR-SELECTED-AP,5,var_93,-0.11157768219709396,0.11157768219709396,-1,False,22,True
LR-SELECTED-AP,5,var_94,0.16117817163467407,0.16117817163467407,1,False,22,True
LR-SELECTED-AP,5,var_95,0.11983474344015121,0.11983474344015121,1,False,22,True
LR-SELECTED-AP,5,var_96,0.005972269456833601,0.005972269456833601,1,False,22,True
LR-SELECTED-AP,5,var_97,0.04518376290798187,0.04518376290798187,1,False,22,True
LR-SELECTED-AP,5,var_98,-0.013991663232445717,0.013991663232445717,-1,False,22,True
LR-SELECTED-AP,5,var_99,0.19243761897087097,0.19243761897087097,1,False,22,True
LR-SELECTED-AP,5,var_100,0.0008558351546525955,0.0008558351546525955,1,False,22,True
LR-SELECTED-AP,5,var_101,-0.03155256062746048,0.03155256062746048,-1,False,22,True
LR-SELECTED-AP,5,var_102,-0.07002005726099014,0.07002005726099014,-1,False,22,True
LR-SELECTED-AP,5,var_103,-0.005657589994370937,0.005657589994370937,-1,False,22,True
LR-SELECTED-AP,5,var_104,-0.08133918046951294,0.08133918046951294,-1,False,22,True
LR-SELECTED-AP,5,var_105,0.07635064423084259,0.07635064423084259,1,False,22,True
LR-SELECTED-AP,5,var_106,0.10130593180656433,0.10130593180656433,1,False,22,True
LR-SELECTED-AP,5,var_107,-0.12392327189445496,0.12392327189445496,-1,False,22,True
LR-SELECTED-AP,5,var_108,-0.13090646266937256,0.13090646266937256,-1,False,22,True
LR-SELECTED-AP,5,var_109,-0.16522809863090515,0.16522809863090515,-1,False,22,True
LR-SELECTED-AP,5,var_110,0.2118779718875885,0.2118779718875885,1,False,22,True
LR-SELECTED-AP,5,var_111,0.08161547780036926,0.08161547780036926,1,False,22,True
LR-SELECTED-AP,5,var_112,0.07406897097826004,0.07406897097826004,1,False,22,True
LR-SELECTED-AP,5,var_113,-0.04508368670940399,0.04508368670940399,-1,False,22,True
LR-SELECTED-AP,5,var_114,-0.08384227752685547,0.08384227752685547,-1,False,22,True
LR-SELECTED-AP,5,var_115,-0.15148329734802246,0.15148329734802246,-1,False,22,True
LR-SELECTED-AP,5,var_116,-0.07747713476419449,0.07747713476419449,-1,False,22,True
LR-SELECTED-AP,5,var_117,0.0005590315558947623,0.0005590315558947623,1,False,22,True
LR-SELECTED-AP,5,var_118,0.1365841031074524,0.1365841031074524,1,False,22,True
LR-SELECTED-AP,5,var_119,0.0925619974732399,0.0925619974732399,1,False,22,True
LR-SELECTED-AP,5,var_120,-0.02937178499996662,0.02937178499996662,-1,False,22,True
LR-SELECTED-AP,5,var_121,-0.1247698962688446,0.1247698962688446,-1,False,22,True
LR-SELECTED-AP,5,var_122,-0.13766270875930786,0.13766270875930786,-1,False,22,True
LR-SELECTED-AP,5,var_123,-0.117378368973732,0.117378368973732,-1,False,22,True
LR-SELECTED-AP,5,var_124,0.022530874237418175,0.022530874237418175,1,False,22,True
LR-SELECTED-AP,5,var_125,0.09536097943782806,0.09536097943782806,1,False,22,True
LR-SELECTED-AP,5,var_126,0.013804513029754162,0.013804513029754162,1,False,22,True
LR-SELECTED-AP,5,var_127,-0.13155606389045715,0.13155606389045715,-1,False,22,True
LR-SELECTED-AP,5,var_128,0.08945311605930328,0.08945311605930328,1,False,22,True
LR-SELECTED-AP,5,var_129,-0.014885247685015202,0.014885247685015202,-1,False,22,True
LR-SELECTED-AP,5,var_130,0.10915328562259674,0.10915328562259674,1,False,22,True
LR-SELECTED-AP,5,var_131,-0.10806971043348312,0.10806971043348312,-1,False,22,True
LR-SELECTED-AP,5,var_132,-0.08418974280357361,0.08418974280357361,-1,False,22,True
LR-SELECTED-AP,5,var_133,0.16590014100074768,0.16590014100074768,1,False,22,True
LR-SELECTED-AP,5,var_134,0.06361949443817139,0.06361949443817139,1,False,22,True
LR-SELECTED-AP,5,var_135,0.06875912100076675,0.06875912100076675,1,False,22,True
LR-SELECTED-AP,5,var_136,-0.01783771626651287,0.01783771626651287,-1,False,22,True
LR-SELECTED-AP,5,var_137,0.09070491790771484,0.09070491790771484,1,False,22,True
LR-SELECTED-AP,5,var_138,0.06034580245614052,0.06034580245614052,1,False,22,True
LR-SELECTED-AP,5,var_139,-0.24609124660491943,0.24609124660491943,-1,False,22,True
LR-SELECTED-AP,5,var_140,0.05851059779524803,0.05851059779524803,1,False,22,True
LR-SELECTED-AP,5,var_141,-0.10058222711086273,0.10058222711086273,-1,False,22,True
LR-SELECTED-AP,5,var_142,-0.0702669695019722,0.0702669695019722,-1,False,22,True
LR-SELECTED-AP,5,var_143,-0.03800683096051216,0.03800683096051216,-1,False,22,True
LR-SELECTED-AP,5,var_144,0.06014459207653999,0.06014459207653999,1,False,22,True
LR-SELECTED-AP,5,var_145,0.1009194403886795,0.1009194403886795,1,False,22,True
LR-SELECTED-AP,5,var_146,-0.20917865633964539,0.20917865633964539,-1,False,22,True
LR-SELECTED-AP,5,var_147,0.1298578679561615,0.1298578679561615,1,False,22,True
LR-SELECTED-AP,5,var_148,-0.16844135522842407,0.16844135522842407,-1,False,22,True
LR-SELECTED-AP,5,var_149,-0.14680257439613342,0.14680257439613342,-1,False,22,True
LR-SELECTED-AP,5,var_150,-0.09356849640607834,0.09356849640607834,-1,False,22,True
LR-SELECTED-AP,5,var_151,0.08295394480228424,0.08295394480228424,1,False,22,True
LR-SELECTED-AP,5,var_152,-0.03673453629016876,0.03673453629016876,-1,False,22,True
LR-SELECTED-AP,5,var_153,-0.020015034824609756,0.020015034824609756,-1,False,22,True
LR-SELECTED-AP,5,var_154,-0.15687879920005798,0.15687879920005798,-1,False,22,True
LR-SELECTED-AP,5,var_155,0.13561582565307617,0.13561582565307617,1,False,22,True
LR-SELECTED-AP,5,var_156,-0.06882673501968384,0.06882673501968384,-1,False,22,True
LR-SELECTED-AP,5,var_157,0.11425234377384186,0.11425234377384186,1,False,22,True
LR-SELECTED-AP,5,var_158,-0.014507264830172062,0.014507264830172062,-1,False,22,True
LR-SELECTED-AP,5,var_159,0.046583082526922226,0.046583082526922226,1,False,22,True
LR-SELECTED-AP,5,var_160,-0.007781085558235645,0.007781085558235645,-1,False,22,True
LR-SELECTED-AP,5,var_161,0.013737284578382969,0.013737284578382969,1,False,22,True
LR-SELECTED-AP,5,var_162,0.11162789911031723,0.11162789911031723,1,False,22,True
LR-SELECTED-AP,5,var_163,0.09576967358589172,0.09576967358589172,1,False,22,True
LR-SELECTED-AP,5,var_164,0.13528412580490112,0.13528412580490112,1,False,22,True
LR-SELECTED-AP,5,var_165,-0.1615545153617859,0.1615545153617859,-1,False,22,True
LR-SELECTED-AP,5,var_166,-0.187122642993927,0.187122642993927,-1,False,22,True
LR-SELECTED-AP,5,var_167,0.0897090807557106,0.0897090807557106,1,False,22,True
LR-SELECTED-AP,5,var_168,0.039537712931632996,0.039537712931632996,1,False,22,True
LR-SELECTED-AP,5,var_169,-0.14183390140533447,0.14183390140533447,-1,False,22,True
LR-SELECTED-AP,5,var_170,0.15694010257720947,0.15694010257720947,1,False,22,True
LR-SELECTED-AP,5,var_171,0.050283949822187424,0.050283949822187424,1,False,22,True
LR-SELECTED-AP,5,var_172,-0.1174754649400711,0.1174754649400711,-1,False,22,True
LR-SELECTED-AP,5,var_173,0.14527806639671326,0.14527806639671326,1,False,22,True
LR-SELECTED-AP,5,var_174,-0.18876054883003235,0.18876054883003235,-1,False,22,True
LR-SELECTED-AP,5,var_175,0.07703903317451477,0.07703903317451477,1,False,22,True
LR-SELECTED-AP,5,var_176,0.03280418738722801,0.03280418738722801,1,False,22,True
LR-SELECTED-AP,5,var_177,-0.1229017898440361,0.1229017898440361,-1,False,22,True
LR-SELECTED-AP,5,var_178,-0.05917125567793846,0.05917125567793846,-1,False,22,True
LR-SELECTED-AP,5,var_179,0.16429081559181213,0.16429081559181213,1,False,22,True
LR-SELECTED-AP,5,var_180,0.10945916920900345,0.10945916920900345,1,False,22,True
LR-SELECTED-AP,5,var_181,0.05255097523331642,0.05255097523331642,1,False,22,True
LR-SELECTED-AP,5,var_182,-0.04130714386701584,0.04130714386701584,-1,False,22,True
LR-SELECTED-AP,5,var_183,-0.008015017956495285,0.008015017956495285,-1,False,22,True
LR-SELECTED-AP,5,var_184,0.15978163480758667,0.15978163480758667,1,False,22,True
LR-SELECTED-AP,5,var_185,0.0,0.0,0,True,22,True
LR-SELECTED-AP,5,var_186,-0.09839721769094467,0.09839721769094467,-1,False,22,True
LR-SELECTED-AP,5,var_187,0.053904175758361816,0.053904175758361816,1,False,22,True
LR-SELECTED-AP,5,var_188,-0.1252957284450531,0.1252957284450531,-1,False,22,True
LR-SELECTED-AP,5,var_189,0.020782703533768654,0.020782703533768654,1,False,22,True
LR-SELECTED-AP,5,var_190,0.19252803921699524,0.19252803921699524,1,False,22,True
LR-SELECTED-AP,5,var_191,0.141851544380188,0.141851544380188,1,False,22,True
LR-SELECTED-AP,5,var_192,-0.14367228746414185,0.14367228746414185,-1,False,22,True
LR-SELECTED-AP,5,var_193,-0.05679904669523239,0.05679904669523239,-1,False,22,True
LR-SELECTED-AP,5,var_194,-0.07462679594755173,0.07462679594755173,-1,False,22,True
LR-SELECTED-AP,5,var_195,0.09919210523366928,0.09919210523366928,1,False,22,True
LR-SELECTED-AP,5,var_196,0.0637052059173584,0.0637052059173584,1,False,22,True
LR-SELECTED-AP,5,var_197,-0.11713803559541702,0.11713803559541702,-1,False,22,True
LR-SELECTED-AP,5,var_198,-0.1657874882221222,0.1657874882221222,-1,False,22,True
LR-SELECTED-AP,5,var_199,0.08481231331825256,0.08481231331825256,1,False,22,True
LR-SELECTED-BALANCED,1,var_0,0.15331648290157318,0.15331648290157318,1,False,31,True
LR-SELECTED-BALANCED,1,var_1,0.1595688760280609,0.1595688760280609,1,False,31,True
LR-SELECTED-BALANCED,1,var_2,0.1682644784450531,0.1682644784450531,1,False,31,True
LR-SELECTED-BALANCED,1,var_3,0.03244592249393463,0.03244592249393463,1,False,31,True
LR-SELECTED-BALANCED,1,var_4,0.04374784976243973,0.04374784976243973,1,False,31,True
LR-SELECTED-BALANCED,1,var_5,0.10330204665660858,0.10330204665660858,1,False,31,True
LR-SELECTED-BALANCED,1,var_6,0.20991787314414978,0.20991787314414978,1,False,31,True
LR-SELECTED-BALANCED,1,var_7,-0.021404091268777847,0.021404091268777847,-1,False,31,True
LR-SELECTED-BALANCED,1,var_8,0.06417077034711838,0.06417077034711838,1,False,31,True
LR-SELECTED-BALANCED,1,var_9,-0.13236473500728607,0.13236473500728607,-1,False,31,True
LR-SELECTED-BALANCED,1,var_10,-0.005251345690339804,0.005251345690339804,-1,False,31,True
LR-SELECTED-BALANCED,1,var_11,0.08569060266017914,0.08569060266017914,1,False,31,True
LR-SELECTED-BALANCED,1,var_12,-0.20987190306186676,0.20987190306186676,-1,False,31,True
LR-SELECTED-BALANCED,1,var_13,-0.17189468443393707,0.17189468443393707,-1,False,31,True
LR-SELECTED-BALANCED,1,var_14,-0.008812504820525646,0.008812504820525646,-1,False,31,True
LR-SELECTED-BALANCED,1,var_15,0.06200496852397919,0.06200496852397919,1,False,31,True
LR-SELECTED-BALANCED,1,var_16,0.013631192035973072,0.013631192035973072,1,False,31,True
LR-SELECTED-BALANCED,1,var_17,0.01510422583669424,0.01510422583669424,1,False,31,True
LR-SELECTED-BALANCED,1,var_18,0.13244850933551788,0.13244850933551788,1,False,31,True
LR-SELECTED-BALANCED,1,var_19,0.024501647800207138,0.024501647800207138,1,False,31,True
LR-SELECTED-BALANCED,1,var_20,-0.06713707000017166,0.06713707000017166,-1,False,31,True
LR-SELECTED-BALANCED,1,var_21,-0.18110370635986328,0.18110370635986328,-1,False,31,True
LR-SELECTED-BALANCED,1,var_22,0.19131071865558624,0.19131071865558624,1,False,31,True
LR-SELECTED-BALANCED,1,var_23,-0.09645260870456696,0.09645260870456696,-1,False,31,True
LR-SELECTED-BALANCED,1,var_24,0.08401986211538315,0.08401986211538315,1,False,31,True
LR-SELECTED-BALANCED,1,var_25,0.04607171565294266,0.04607171565294266,1,False,31,True
LR-SELECTED-BALANCED,1,var_26,0.19815661013126373,0.19815661013126373,1,False,31,True
LR-SELECTED-BALANCED,1,var_27,-0.009520482271909714,0.009520482271909714,-1,False,31,True
LR-SELECTED-BALANCED,1,var_28,-0.07347317785024643,0.07347317785024643,-1,False,31,True
LR-SELECTED-BALANCED,1,var_29,0.020938508212566376,0.020938508212566376,1,False,31,True
LR-SELECTED-BALANCED,1,var_30,0.0011285392101854086,0.0011285392101854086,1,False,31,True
LR-SELECTED-BALANCED,1,var_31,-0.09539675712585449,0.09539675712585449,-1,False,31,True
LR-SELECTED-BALANCED,1,var_32,0.09625592827796936,0.09625592827796936,1,False,31,True
LR-SELECTED-BALANCED,1,var_33,-0.14436273276805878,0.14436273276805878,-1,False,31,True
LR-SELECTED-BALANCED,1,var_34,-0.17796045541763306,0.17796045541763306,-1,False,31,True
LR-SELECTED-BALANCED,1,var_35,0.10924806445837021,0.10924806445837021,1,False,31,True
LR-SELECTED-BALANCED,1,var_36,-0.12705476582050323,0.12705476582050323,-1,False,31,True
LR-SELECTED-BALANCED,1,var_37,0.03012496791779995,0.03012496791779995,1,False,31,True
LR-SELECTED-BALANCED,1,var_38,0.01763099990785122,0.01763099990785122,1,False,31,True
LR-SELECTED-BALANCED,1,var_39,-0.010846389457583427,0.010846389457583427,-1,False,31,True
LR-SELECTED-BALANCED,1,var_40,0.16762718558311462,0.16762718558311462,1,False,31,True
LR-SELECTED-BALANCED,1,var_41,-0.009529296308755875,0.009529296308755875,-1,False,31,True
LR-SELECTED-BALANCED,1,var_42,-0.031217675656080246,0.031217675656080246,-1,False,31,True
LR-SELECTED-BALANCED,1,var_43,-0.09251703321933746,0.09251703321933746,-1,False,31,True
LR-SELECTED-BALANCED,1,var_44,-0.15975847840309143,0.15975847840309143,-1,False,31,True
LR-SELECTED-BALANCED,1,var_45,-0.0804973766207695,0.0804973766207695,-1,False,31,True
LR-SELECTED-BALANCED,1,var_46,0.004573595244437456,0.004573595244437456,1,False,31,True
LR-SELECTED-BALANCED,1,var_47,0.028647013008594513,0.028647013008594513,1,False,31,True
LR-SELECTED-BALANCED,1,var_48,0.10667262226343155,0.10667262226343155,1,False,31,True
LR-SELECTED-BALANCED,1,var_49,0.10652012377977371,0.10652012377977371,1,False,31,True
LR-SELECTED-BALANCED,1,var_50,-0.05736608803272247,0.05736608803272247,-1,False,31,True
LR-SELECTED-BALANCED,1,var_51,0.07265402376651764,0.07265402376651764,1,False,31,True
LR-SELECTED-BALANCED,1,var_52,0.08726806938648224,0.08726806938648224,1,False,31,True
LR-SELECTED-BALANCED,1,var_53,0.2075008749961853,0.2075008749961853,1,False,31,True
LR-SELECTED-BALANCED,1,var_54,-0.04226275533437729,0.04226275533437729,-1,False,31,True
LR-SELECTED-BALANCED,1,var_55,0.05540190637111664,0.05540190637111664,1,False,31,True
LR-SELECTED-BALANCED,1,var_56,-0.10301763564348221,0.10301763564348221,-1,False,31,True
LR-SELECTED-BALANCED,1,var_57,-0.056776076555252075,0.056776076555252075,-1,False,31,True
LR-SELECTED-BALANCED,1,var_58,-0.09734384715557098,0.09734384715557098,-1,False,31,True
LR-SELECTED-BALANCED,1,var_59,-0.03402082994580269,0.03402082994580269,-1,False,31,True
LR-SELECTED-BALANCED,1,var_60,0.0388847216963768,0.0388847216963768,1,False,31,True
LR-SELECTED-BALANCED,1,var_61,0.03251219168305397,0.03251219168305397,1,False,31,True
LR-SELECTED-BALANCED,1,var_62,0.05307159945368767,0.05307159945368767,1,False,31,True
LR-SELECTED-BALANCED,1,var_63,-0.04487564414739609,0.04487564414739609,-1,False,31,True
LR-SELECTED-BALANCED,1,var_64,-0.055778175592422485,0.055778175592422485,-1,False,31,True
LR-SELECTED-BALANCED,1,var_65,0.04777449741959572,0.04777449741959572,1,False,31,True
LR-SELECTED-BALANCED,1,var_66,0.0735618993639946,0.0735618993639946,1,False,31,True
LR-SELECTED-BALANCED,1,var_67,0.14017659425735474,0.14017659425735474,1,False,31,True
LR-SELECTED-BALANCED,1,var_68,-0.05138364061713219,0.05138364061713219,-1,False,31,True
LR-SELECTED-BALANCED,1,var_69,0.017633704468607903,0.017633704468607903,1,False,31,True
LR-SELECTED-BALANCED,1,var_70,0.10011951625347137,0.10011951625347137,1,False,31,True
LR-SELECTED-BALANCED,1,var_71,0.11588569730520248,0.11588569730520248,1,False,31,True
LR-SELECTED-BALANCED,1,var_72,-0.04443413019180298,0.04443413019180298,-1,False,31,True
LR-SELECTED-BALANCED,1,var_73,-0.023820696398615837,0.023820696398615837,-1,False,31,True
LR-SELECTED-BALANCED,1,var_74,0.05902210623025894,0.05902210623025894,1,False,31,True
LR-SELECTED-BALANCED,1,var_75,-0.13223986327648163,0.13223986327648163,-1,False,31,True
LR-SELECTED-BALANCED,1,var_76,-0.21221812069416046,0.21221812069416046,-1,False,31,True
LR-SELECTED-BALANCED,1,var_77,-0.04578258469700813,0.04578258469700813,-1,False,31,True
LR-SELECTED-BALANCED,1,var_78,0.15792502462863922,0.15792502462863922,1,False,31,True
LR-SELECTED-BALANCED,1,var_79,0.013249191455543041,0.013249191455543041,1,False,31,True
LR-SELECTED-BALANCED,1,var_80,-0.17336657643318176,0.17336657643318176,-1,False,31,True
LR-SELECTED-BALANCED,1,var_81,-0.24898184835910797,0.24898184835910797,-1,False,31,True
LR-SELECTED-BALANCED,1,var_82,0.07771909236907959,0.07771909236907959,1,False,31,True
LR-SELECTED-BALANCED,1,var_83,-0.05923952907323837,0.05923952907323837,-1,False,31,True
LR-SELECTED-BALANCED,1,var_84,0.032664477825164795,0.032664477825164795,1,False,31,True
LR-SELECTED-BALANCED,1,var_85,-0.05237826704978943,0.05237826704978943,-1,False,31,True
LR-SELECTED-BALANCED,1,var_86,-0.12179341912269592,0.12179341912269592,-1,False,31,True
LR-SELECTED-BALANCED,1,var_87,-0.10755859315395355,0.10755859315395355,-1,False,31,True
LR-SELECTED-BALANCED,1,var_88,-0.06394261121749878,0.06394261121749878,-1,False,31,True
LR-SELECTED-BALANCED,1,var_89,0.13409583270549774,0.13409583270549774,1,False,31,True
LR-SELECTED-BALANCED,1,var_90,0.09836733341217041,0.09836733341217041,1,False,31,True
LR-SELECTED-BALANCED,1,var_91,0.11936332285404205,0.11936332285404205,1,False,31,True
LR-SELECTED-BALANCED,1,var_92,-0.14802567660808563,0.14802567660808563,-1,False,31,True
LR-SELECTED-BALANCED,1,var_93,-0.11113116890192032,0.11113116890192032,-1,False,31,True
LR-SELECTED-BALANCED,1,var_94,0.15715628862380981,0.15715628862380981,1,False,31,True
LR-SELECTED-BALANCED,1,var_95,0.128685861825943,0.128685861825943,1,False,31,True
LR-SELECTED-BALANCED,1,var_96,-0.0003427558986004442,0.0003427558986004442,-1,False,31,True
LR-SELECTED-BALANCED,1,var_97,0.0569104366004467,0.0569104366004467,1,False,31,True
LR-SELECTED-BALANCED,1,var_98,-0.008059401996433735,0.008059401996433735,-1,False,31,True
LR-SELECTED-BALANCED,1,var_99,0.1982312947511673,0.1982312947511673,1,False,31,True
LR-SELECTED-BALANCED,1,var_100,-0.008954858407378197,0.008954858407378197,-1,False,31,True
LR-SELECTED-BALANCED,1,var_101,-0.012210749089717865,0.012210749089717865,-1,False,31,True
LR-SELECTED-BALANCED,1,var_102,-0.06026289239525795,0.06026289239525795,-1,False,31,True
LR-SELECTED-BALANCED,1,var_103,-2.8749924240401015e-05,2.8749924240401015e-05,-1,False,31,True
LR-SELECTED-BALANCED,1,var_104,-0.08260630816221237,0.08260630816221237,-1,False,31,True
LR-SELECTED-BALANCED,1,var_105,0.08330868184566498,0.08330868184566498,1,False,31,True
LR-SELECTED-BALANCED,1,var_106,0.10809838771820068,0.10809838771820068,1,False,31,True
LR-SELECTED-BALANCED,1,var_107,-0.1310887485742569,0.1310887485742569,-1,False,31,True
LR-SELECTED-BALANCED,1,var_108,-0.12766806781291962,0.12766806781291962,-1,False,31,True
LR-SELECTED-BALANCED,1,var_109,-0.15138764679431915,0.15138764679431915,-1,False,31,True
LR-SELECTED-BALANCED,1,var_110,0.20823340117931366,0.20823340117931366,1,False,31,True
LR-SELECTED-BALANCED,1,var_111,0.0852169543504715,0.0852169543504715,1,False,31,True
LR-SELECTED-BALANCED,1,var_112,0.06567630916833878,0.06567630916833878,1,False,31,True
LR-SELECTED-BALANCED,1,var_113,-0.052174508571624756,0.052174508571624756,-1,False,31,True
LR-SELECTED-BALANCED,1,var_114,-0.0806775912642479,0.0806775912642479,-1,False,31,True
LR-SELECTED-BALANCED,1,var_115,-0.158070906996727,0.158070906996727,-1,False,31,True
LR-SELECTED-BALANCED,1,var_116,-0.08394154906272888,0.08394154906272888,-1,False,31,True
LR-SELECTED-BALANCED,1,var_117,0.01604662835597992,0.01604662835597992,1,False,31,True
LR-SELECTED-BALANCED,1,var_118,0.13690827786922455,0.13690827786922455,1,False,31,True
LR-SELECTED-BALANCED,1,var_119,0.09040908515453339,0.09040908515453339,1,False,31,True
LR-SELECTED-BALANCED,1,var_120,-0.03382732346653938,0.03382732346653938,-1,False,31,True
LR-SELECTED-BALANCED,1,var_121,-0.1294429749250412,0.1294429749250412,-1,False,31,True
LR-SELECTED-BALANCED,1,var_122,-0.12893164157867432,0.12893164157867432,-1,False,31,True
LR-SELECTED-BALANCED,1,var_123,-0.10985679179430008,0.10985679179430008,-1,False,31,True
LR-SELECTED-BALANCED,1,var_124,0.023621320724487305,0.023621320724487305,1,False,31,True
LR-SELECTED-BALANCED,1,var_125,0.09483254700899124,0.09483254700899124,1,False,31,True
LR-SELECTED-BALANCED,1,var_126,-0.0007179476669989526,0.0007179476669989526,-1,False,31,True
LR-SELECTED-BALANCED,1,var_127,-0.1281019151210785,0.1281019151210785,-1,False,31,True
LR-SELECTED-BALANCED,1,var_128,0.09431491792201996,0.09431491792201996,1,False,31,True
LR-SELECTED-BALANCED,1,var_129,-0.030712734907865524,0.030712734907865524,-1,False,31,True
LR-SELECTED-BALANCED,1,var_130,0.09886878728866577,0.09886878728866577,1,False,31,True
LR-SELECTED-BALANCED,1,var_131,-0.09220490604639053,0.09220490604639053,-1,False,31,True
LR-SELECTED-BALANCED,1,var_132,-0.08705683797597885,0.08705683797597885,-1,False,31,True
LR-SELECTED-BALANCED,1,var_133,0.16331395506858826,0.16331395506858826,1,False,31,True
LR-SELECTED-BALANCED,1,var_134,0.05338401719927788,0.05338401719927788,1,False,31,True
LR-SELECTED-BALANCED,1,var_135,0.09322059899568558,0.09322059899568558,1,False,31,True
LR-SELECTED-BALANCED,1,var_136,-0.0076266746036708355,0.0076266746036708355,-1,False,31,True
LR-SELECTED-BALANCED,1,var_137,0.09425221383571625,0.09425221383571625,1,False,31,True
LR-SELECTED-BALANCED,1,var_138,0.06394807249307632,0.06394807249307632,1,False,31,True
LR-SELECTED-BALANCED,1,var_139,-0.22439585626125336,0.22439585626125336,-1,False,31,True
LR-SELECTED-BALANCED,1,var_140,0.05762987956404686,0.05762987956404686,1,False,31,True
LR-SELECTED-BALANCED,1,var_141,-0.09763556718826294,0.09763556718826294,-1,False,31,True
LR-SELECTED-BALANCED,1,var_142,-0.05841957777738571,0.05841957777738571,-1,False,31,True
LR-SELECTED-BALANCED,1,var_143,-0.03167720139026642,0.03167720139026642,-1,False,31,True
LR-SELECTED-BALANCED,1,var_144,0.07151784747838974,0.07151784747838974,1,False,31,True
LR-SELECTED-BALANCED,1,var_145,0.10474572330713272,0.10474572330713272,1,False,31,True
LR-SELECTED-BALANCED,1,var_146,-0.19495369493961334,0.19495369493961334,-1,False,31,True
LR-SELECTED-BALANCED,1,var_147,0.13420017063617706,0.13420017063617706,1,False,31,True
LR-SELECTED-BALANCED,1,var_148,-0.1552215814590454,0.1552215814590454,-1,False,31,True
LR-SELECTED-BALANCED,1,var_149,-0.1479838490486145,0.1479838490486145,-1,False,31,True
LR-SELECTED-BALANCED,1,var_150,-0.10088030248880386,0.10088030248880386,-1,False,31,True
LR-SELECTED-BALANCED,1,var_151,0.08774352073669434,0.08774352073669434,1,False,31,True
LR-SELECTED-BALANCED,1,var_152,-0.05020090565085411,0.05020090565085411,-1,False,31,True
LR-SELECTED-BALANCED,1,var_153,-0.021037759259343147,0.021037759259343147,-1,False,31,True
LR-SELECTED-BALANCED,1,var_154,-0.14821618795394897,0.14821618795394897,-1,False,31,True
LR-SELECTED-BALANCED,1,var_155,0.1277870535850525,0.1277870535850525,1,False,31,True
LR-SELECTED-BALANCED,1,var_156,-0.06267770379781723,0.06267770379781723,-1,False,31,True
LR-SELECTED-BALANCED,1,var_157,0.10377397388219833,0.10377397388219833,1,False,31,True
LR-SELECTED-BALANCED,1,var_158,-0.014085611328482628,0.014085611328482628,-1,False,31,True
LR-SELECTED-BALANCED,1,var_159,0.03445322439074516,0.03445322439074516,1,False,31,True
LR-SELECTED-BALANCED,1,var_160,-0.00873445626348257,0.00873445626348257,-1,False,31,True
LR-SELECTED-BALANCED,1,var_161,0.01540144719183445,0.01540144719183445,1,False,31,True
LR-SELECTED-BALANCED,1,var_162,0.11156599968671799,0.11156599968671799,1,False,31,True
LR-SELECTED-BALANCED,1,var_163,0.10687233507633209,0.10687233507633209,1,False,31,True
LR-SELECTED-BALANCED,1,var_164,0.1231268122792244,0.1231268122792244,1,False,31,True
LR-SELECTED-BALANCED,1,var_165,-0.1606731414794922,0.1606731414794922,-1,False,31,True
LR-SELECTED-BALANCED,1,var_166,-0.1617298126220703,0.1617298126220703,-1,False,31,True
LR-SELECTED-BALANCED,1,var_167,0.08877180516719818,0.08877180516719818,1,False,31,True
LR-SELECTED-BALANCED,1,var_168,0.04241544380784035,0.04241544380784035,1,False,31,True
LR-SELECTED-BALANCED,1,var_169,-0.15286792814731598,0.15286792814731598,-1,False,31,True
LR-SELECTED-BALANCED,1,var_170,0.1577633172273636,0.1577633172273636,1,False,31,True
LR-SELECTED-BALANCED,1,var_171,0.03833024576306343,0.03833024576306343,1,False,31,True
LR-SELECTED-BALANCED,1,var_172,-0.13653093576431274,0.13653093576431274,-1,False,31,True
LR-SELECTED-BALANCED,1,var_173,0.13869723677635193,0.13869723677635193,1,False,31,True
LR-SELECTED-BALANCED,1,var_174,-0.2026733011007309,0.2026733011007309,-1,False,31,True
LR-SELECTED-BALANCED,1,var_175,0.07498682290315628,0.07498682290315628,1,False,31,True
LR-SELECTED-BALANCED,1,var_176,0.03160794824361801,0.03160794824361801,1,False,31,True
LR-SELECTED-BALANCED,1,var_177,-0.13415642082691193,0.13415642082691193,-1,False,31,True
LR-SELECTED-BALANCED,1,var_178,-0.056966766715049744,0.056966766715049744,-1,False,31,True
LR-SELECTED-BALANCED,1,var_179,0.14864784479141235,0.14864784479141235,1,False,31,True
LR-SELECTED-BALANCED,1,var_180,0.09915231168270111,0.09915231168270111,1,False,31,True
LR-SELECTED-BALANCED,1,var_181,0.03849915787577629,0.03849915787577629,1,False,31,True
LR-SELECTED-BALANCED,1,var_182,-0.03355884552001953,0.03355884552001953,-1,False,31,True
LR-SELECTED-BALANCED,1,var_183,-0.01586892083287239,0.01586892083287239,-1,False,31,True
LR-SELECTED-BALANCED,1,var_184,0.16270580887794495,0.16270580887794495,1,False,31,True
LR-SELECTED-BALANCED,1,var_185,-0.005026089958846569,0.005026089958846569,-1,False,31,True
LR-SELECTED-BALANCED,1,var_186,-0.0829857736825943,0.0829857736825943,-1,False,31,True
LR-SELECTED-BALANCED,1,var_187,0.049765922129154205,0.049765922129154205,1,False,31,True
LR-SELECTED-BALANCED,1,var_188,-0.12250564247369766,0.12250564247369766,-1,False,31,True
LR-SELECTED-BALANCED,1,var_189,0.02127314731478691,0.02127314731478691,1,False,31,True
LR-SELECTED-BALANCED,1,var_190,0.1800166219472885,0.1800166219472885,1,False,31,True
LR-SELECTED-BALANCED,1,var_191,0.14719709753990173,0.14719709753990173,1,False,31,True
LR-SELECTED-BALANCED,1,var_192,-0.13190557062625885,0.13190557062625885,-1,False,31,True
LR-SELECTED-BALANCED,1,var_193,-0.050435636192560196,0.050435636192560196,-1,False,31,True
LR-SELECTED-BALANCED,1,var_194,-0.07474386692047119,0.07474386692047119,-1,False,31,True
LR-SELECTED-BALANCED,1,var_195,0.0893988236784935,0.0893988236784935,1,False,31,True
LR-SELECTED-BALANCED,1,var_196,0.0813833549618721,0.0813833549618721,1,False,31,True
LR-SELECTED-BALANCED,1,var_197,-0.10391256958246231,0.10391256958246231,-1,False,31,True
LR-SELECTED-BALANCED,1,var_198,-0.1732843518257141,0.1732843518257141,-1,False,31,True
LR-SELECTED-BALANCED,1,var_199,0.09171616286039352,0.09171616286039352,1,False,31,True
LR-SELECTED-BALANCED,2,var_0,0.16004544496536255,0.16004544496536255,1,False,32,True
LR-SELECTED-BALANCED,2,var_1,0.168578639626503,0.168578639626503,1,False,32,True
LR-SELECTED-BALANCED,2,var_2,0.1585676074028015,0.1585676074028015,1,False,32,True
LR-SELECTED-BALANCED,2,var_3,0.040180981159210205,0.040180981159210205,1,False,32,True
LR-SELECTED-BALANCED,2,var_4,0.03858916088938713,0.03858916088938713,1,False,32,True
LR-SELECTED-BALANCED,2,var_5,0.09639561921358109,0.09639561921358109,1,False,32,True
LR-SELECTED-BALANCED,2,var_6,0.21956875920295715,0.21956875920295715,1,False,32,True
LR-SELECTED-BALANCED,2,var_7,-0.024562638252973557,0.024562638252973557,-1,False,32,True
LR-SELECTED-BALANCED,2,var_8,0.06966299563646317,0.06966299563646317,1,False,32,True
LR-SELECTED-BALANCED,2,var_9,-0.133400097489357,0.133400097489357,-1,False,32,True
LR-SELECTED-BALANCED,2,var_10,0.001845858059823513,0.001845858059823513,1,False,32,True
LR-SELECTED-BALANCED,2,var_11,0.07827175408601761,0.07827175408601761,1,False,32,True
LR-SELECTED-BALANCED,2,var_12,-0.21855825185775757,0.21855825185775757,-1,False,32,True
LR-SELECTED-BALANCED,2,var_13,-0.18115754425525665,0.18115754425525665,-1,False,32,True
LR-SELECTED-BALANCED,2,var_14,-0.010620900429785252,0.010620900429785252,-1,False,32,True
LR-SELECTED-BALANCED,2,var_15,0.04847089201211929,0.04847089201211929,1,False,32,True
LR-SELECTED-BALANCED,2,var_16,0.018045183271169662,0.018045183271169662,1,False,32,True
LR-SELECTED-BALANCED,2,var_17,-0.001131041906774044,0.001131041906774044,-1,False,32,True
LR-SELECTED-BALANCED,2,var_18,0.12730133533477783,0.12730133533477783,1,False,32,True
LR-SELECTED-BALANCED,2,var_19,0.035728033632040024,0.035728033632040024,1,False,32,True
LR-SELECTED-BALANCED,2,var_20,-0.07305994629859924,0.07305994629859924,-1,False,32,True
LR-SELECTED-BALANCED,2,var_21,-0.16938821971416473,0.16938821971416473,-1,False,32,True
LR-SELECTED-BALANCED,2,var_22,0.1931450515985489,0.1931450515985489,1,False,32,True
LR-SELECTED-BALANCED,2,var_23,-0.09014202654361725,0.09014202654361725,-1,False,32,True
LR-SELECTED-BALANCED,2,var_24,0.08905871957540512,0.08905871957540512,1,False,32,True
LR-SELECTED-BALANCED,2,var_25,0.053758393973112106,0.053758393973112106,1,False,32,True
LR-SELECTED-BALANCED,2,var_26,0.19060659408569336,0.19060659408569336,1,False,32,True
LR-SELECTED-BALANCED,2,var_27,-0.00344808679074049,0.00344808679074049,-1,False,32,True
LR-SELECTED-BALANCED,2,var_28,-0.07175236195325851,0.07175236195325851,-1,False,32,True
LR-SELECTED-BALANCED,2,var_29,0.02282744087278843,0.02282744087278843,1,False,32,True
LR-SELECTED-BALANCED,2,var_30,-0.004948741756379604,0.004948741756379604,-1,False,32,True
LR-SELECTED-BALANCED,2,var_31,-0.10647767782211304,0.10647767782211304,-1,False,32,True
LR-SELECTED-BALANCED,2,var_32,0.0944470688700676,0.0944470688700676,1,False,32,True
LR-SELECTED-BALANCED,2,var_33,-0.14910520613193512,0.14910520613193512,-1,False,32,True
LR-SELECTED-BALANCED,2,var_34,-0.17807066440582275,0.17807066440582275,-1,False,32,True
LR-SELECTED-BALANCED,2,var_35,0.1198679655790329,0.1198679655790329,1,False,32,True
LR-SELECTED-BALANCED,2,var_36,-0.12880577147006989,0.12880577147006989,-1,False,32,True
LR-SELECTED-BALANCED,2,var_37,0.0332077220082283,0.0332077220082283,1,False,32,True
LR-SELECTED-BALANCED,2,var_38,0.009915044531226158,0.009915044531226158,1,False,32,True
LR-SELECTED-BALANCED,2,var_39,-0.00992937944829464,0.00992937944829464,-1,False,32,True
LR-SELECTED-BALANCED,2,var_40,0.15660884976387024,0.15660884976387024,1,False,32,True
LR-SELECTED-BALANCED,2,var_41,-0.020085040479898453,0.020085040479898453,-1,False,32,True
LR-SELECTED-BALANCED,2,var_42,-0.041432302445173264,0.041432302445173264,-1,False,32,True
LR-SELECTED-BALANCED,2,var_43,-0.09093594551086426,0.09093594551086426,-1,False,32,True
LR-SELECTED-BALANCED,2,var_44,-0.1574215441942215,0.1574215441942215,-1,False,32,True
LR-SELECTED-BALANCED,2,var_45,-0.08006524294614792,0.08006524294614792,-1,False,32,True
LR-SELECTED-BALANCED,2,var_46,0.0016051705460995436,0.0016051705460995436,1,False,32,True
LR-SELECTED-BALANCED,2,var_47,0.029848884791135788,0.029848884791135788,1,False,32,True
LR-SELECTED-BALANCED,2,var_48,0.11356723308563232,0.11356723308563232,1,False,32,True
LR-SELECTED-BALANCED,2,var_49,0.11219150573015213,0.11219150573015213,1,False,32,True
LR-SELECTED-BALANCED,2,var_50,-0.04467372968792915,0.04467372968792915,-1,False,32,True
LR-SELECTED-BALANCED,2,var_51,0.0764269009232521,0.0764269009232521,1,False,32,True
LR-SELECTED-BALANCED,2,var_52,0.09695781022310257,0.09695781022310257,1,False,32,True
LR-SELECTED-BALANCED,2,var_53,0.20102307200431824,0.20102307200431824,1,False,32,True
LR-SELECTED-BALANCED,2,var_54,-0.04457133635878563,0.04457133635878563,-1,False,32,True
LR-SELECTED-BALANCED,2,var_55,0.054319117218256,0.054319117218256,1,False,32,True
LR-SELECTED-BALANCED,2,var_56,-0.10586220771074295,0.10586220771074295,-1,False,32,True
LR-SELECTED-BALANCED,2,var_57,-0.07652632147073746,0.07652632147073746,-1,False,32,True
LR-SELECTED-BALANCED,2,var_58,-0.08737343549728394,0.08737343549728394,-1,False,32,True
LR-SELECTED-BALANCED,2,var_59,-0.041432369500398636,0.041432369500398636,-1,False,32,True
LR-SELECTED-BALANCED,2,var_60,0.03224676474928856,0.03224676474928856,1,False,32,True
LR-SELECTED-BALANCED,2,var_61,0.040000494569540024,0.040000494569540024,1,False,32,True
LR-SELECTED-BALANCED,2,var_62,0.05737804248929024,0.05737804248929024,1,False,32,True
LR-SELECTED-BALANCED,2,var_63,-0.04058588668704033,0.04058588668704033,-1,False,32,True
LR-SELECTED-BALANCED,2,var_64,-0.04037009924650192,0.04037009924650192,-1,False,32,True
LR-SELECTED-BALANCED,2,var_65,0.047011736780405045,0.047011736780405045,1,False,32,True
LR-SELECTED-BALANCED,2,var_66,0.07635585218667984,0.07635585218667984,1,False,32,True
LR-SELECTED-BALANCED,2,var_67,0.14592833817005157,0.14592833817005157,1,False,32,True
LR-SELECTED-BALANCED,2,var_68,-0.03558887913823128,0.03558887913823128,-1,False,32,True
LR-SELECTED-BALANCED,2,var_69,0.03211609274148941,0.03211609274148941,1,False,32,True
LR-SELECTED-BALANCED,2,var_70,0.09265335649251938,0.09265335649251938,1,False,32,True
LR-SELECTED-BALANCED,2,var_71,0.10919852554798126,0.10919852554798126,1,False,32,True
LR-SELECTED-BALANCED,2,var_72,-0.043332017958164215,0.043332017958164215,-1,False,32,True
LR-SELECTED-BALANCED,2,var_73,-0.02676701731979847,0.02676701731979847,-1,False,32,True
LR-SELECTED-BALANCED,2,var_74,0.05626114457845688,0.05626114457845688,1,False,32,True
LR-SELECTED-BALANCED,2,var_75,-0.1323845237493515,0.1323845237493515,-1,False,32,True
LR-SELECTED-BALANCED,2,var_76,-0.20638985931873322,0.20638985931873322,-1,False,32,True
LR-SELECTED-BALANCED,2,var_77,-0.05122246965765953,0.05122246965765953,-1,False,32,True
LR-SELECTED-BALANCED,2,var_78,0.15605305135250092,0.15605305135250092,1,False,32,True
LR-SELECTED-BALANCED,2,var_79,0.013674547895789146,0.013674547895789146,1,False,32,True
LR-SELECTED-BALANCED,2,var_80,-0.17728039622306824,0.17728039622306824,-1,False,32,True
LR-SELECTED-BALANCED,2,var_81,-0.2389390617609024,0.2389390617609024,-1,False,32,True
LR-SELECTED-BALANCED,2,var_82,0.0773102268576622,0.0773102268576622,1,False,32,True
LR-SELECTED-BALANCED,2,var_83,-0.07193754613399506,0.07193754613399506,-1,False,32,True
LR-SELECTED-BALANCED,2,var_84,0.03828941285610199,0.03828941285610199,1,False,32,True
LR-SELECTED-BALANCED,2,var_85,-0.055932722985744476,0.055932722985744476,-1,False,32,True
LR-SELECTED-BALANCED,2,var_86,-0.11945437639951706,0.11945437639951706,-1,False,32,True
LR-SELECTED-BALANCED,2,var_87,-0.11371343582868576,0.11371343582868576,-1,False,32,True
LR-SELECTED-BALANCED,2,var_88,-0.05323836952447891,0.05323836952447891,-1,False,32,True
LR-SELECTED-BALANCED,2,var_89,0.1321079581975937,0.1321079581975937,1,False,32,True
LR-SELECTED-BALANCED,2,var_90,0.09988517314195633,0.09988517314195633,1,False,32,True
LR-SELECTED-BALANCED,2,var_91,0.11180959641933441,0.11180959641933441,1,False,32,True
LR-SELECTED-BALANCED,2,var_92,-0.14179727435112,0.14179727435112,-1,False,32,True
LR-SELECTED-BALANCED,2,var_93,-0.09349553287029266,0.09349553287029266,-1,False,32,True
LR-SELECTED-BALANCED,2,var_94,0.15164941549301147,0.15164941549301147,1,False,32,True
LR-SELECTED-BALANCED,2,var_95,0.1279604583978653,0.1279604583978653,1,False,32,True
LR-SELECTED-BALANCED,2,var_96,0.007414326537400484,0.007414326537400484,1,False,32,True
LR-SELECTED-BALANCED,2,var_97,0.05625815689563751,0.05625815689563751,1,False,32,True
LR-SELECTED-BALANCED,2,var_98,-0.005423556547611952,0.005423556547611952,-1,False,32,True
LR-SELECTED-BALANCED,2,var_99,0.18318793177604675,0.18318793177604675,1,False,32,True
LR-SELECTED-BALANCED,2,var_100,0.0067298999056220055,0.0067298999056220055,1,False,32,True
LR-SELECTED-BALANCED,2,var_101,-0.024278227239847183,0.024278227239847183,-1,False,32,True
LR-SELECTED-BALANCED,2,var_102,-0.056563280522823334,0.056563280522823334,-1,False,32,True
LR-SELECTED-BALANCED,2,var_103,-0.003248749300837517,0.003248749300837517,-1,False,32,True
LR-SELECTED-BALANCED,2,var_104,-0.08194154500961304,0.08194154500961304,-1,False,32,True
LR-SELECTED-BALANCED,2,var_105,0.08901182562112808,0.08901182562112808,1,False,32,True
LR-SELECTED-BALANCED,2,var_106,0.1031537726521492,0.1031537726521492,1,False,32,True
LR-SELECTED-BALANCED,2,var_107,-0.13881154358386993,0.13881154358386993,-1,False,32,True
LR-SELECTED-BALANCED,2,var_108,-0.13048017024993896,0.13048017024993896,-1,False,32,True
LR-SELECTED-BALANCED,2,var_109,-0.1578560173511505,0.1578560173511505,-1,False,32,True
LR-SELECTED-BALANCED,2,var_110,0.19868461787700653,0.19868461787700653,1,False,32,True
LR-SELECTED-BALANCED,2,var_111,0.09071259945631027,0.09071259945631027,1,False,32,True
LR-SELECTED-BALANCED,2,var_112,0.07175441831350327,0.07175441831350327,1,False,32,True
LR-SELECTED-BALANCED,2,var_113,-0.05552313104271889,0.05552313104271889,-1,False,32,True
LR-SELECTED-BALANCED,2,var_114,-0.07859663665294647,0.07859663665294647,-1,False,32,True
LR-SELECTED-BALANCED,2,var_115,-0.15814392268657684,0.15814392268657684,-1,False,32,True
LR-SELECTED-BALANCED,2,var_116,-0.08152492344379425,0.08152492344379425,-1,False,32,True
LR-SELECTED-BALANCED,2,var_117,0.006218864116817713,0.006218864116817713,1,False,32,True
LR-SELECTED-BALANCED,2,var_118,0.14038442075252533,0.14038442075252533,1,False,32,True
LR-SELECTED-BALANCED,2,var_119,0.08449546247720718,0.08449546247720718,1,False,32,True
LR-SELECTED-BALANCED,2,var_120,-0.036422841250896454,0.036422841250896454,-1,False,32,True
LR-SELECTED-BALANCED,2,var_121,-0.13827086985111237,0.13827086985111237,-1,False,32,True
LR-SELECTED-BALANCED,2,var_122,-0.1293780505657196,0.1293780505657196,-1,False,32,True
LR-SELECTED-BALANCED,2,var_123,-0.10954031348228455,0.10954031348228455,-1,False,32,True
LR-SELECTED-BALANCED,2,var_124,0.014971288852393627,0.014971288852393627,1,False,32,True
LR-SELECTED-BALANCED,2,var_125,0.09029260277748108,0.09029260277748108,1,False,32,True
LR-SELECTED-BALANCED,2,var_126,0.00878915749490261,0.00878915749490261,1,False,32,True
LR-SELECTED-BALANCED,2,var_127,-0.1440722495317459,0.1440722495317459,-1,False,32,True
LR-SELECTED-BALANCED,2,var_128,0.08978857100009918,0.08978857100009918,1,False,32,True
LR-SELECTED-BALANCED,2,var_129,-0.017565356567502022,0.017565356567502022,-1,False,32,True
LR-SELECTED-BALANCED,2,var_130,0.10076854377985,0.10076854377985,1,False,32,True
LR-SELECTED-BALANCED,2,var_131,-0.09767073392868042,0.09767073392868042,-1,False,32,True
LR-SELECTED-BALANCED,2,var_132,-0.0868263840675354,0.0868263840675354,-1,False,32,True
LR-SELECTED-BALANCED,2,var_133,0.17152290046215057,0.17152290046215057,1,False,32,True
LR-SELECTED-BALANCED,2,var_134,0.05542817711830139,0.05542817711830139,1,False,32,True
LR-SELECTED-BALANCED,2,var_135,0.09219692647457123,0.09219692647457123,1,False,32,True
LR-SELECTED-BALANCED,2,var_136,-0.015086219646036625,0.015086219646036625,-1,False,32,True
LR-SELECTED-BALANCED,2,var_137,0.09734398126602173,0.09734398126602173,1,False,32,True
LR-SELECTED-BALANCED,2,var_138,0.052042633295059204,0.052042633295059204,1,False,32,True
LR-SELECTED-BALANCED,2,var_139,-0.22572480142116547,0.22572480142116547,-1,False,32,True
LR-SELECTED-BALANCED,2,var_140,0.06392578780651093,0.06392578780651093,1,False,32,True
LR-SELECTED-BALANCED,2,var_141,-0.08952366560697556,0.08952366560697556,-1,False,32,True
LR-SELECTED-BALANCED,2,var_142,-0.07304442673921585,0.07304442673921585,-1,False,32,True
LR-SELECTED-BALANCED,2,var_143,-0.03482437506318092,0.03482437506318092,-1,False,32,True
LR-SELECTED-BALANCED,2,var_144,0.08009159564971924,0.08009159564971924,1,False,32,True
LR-SELECTED-BALANCED,2,var_145,0.10183606296777725,0.10183606296777725,1,False,32,True
LR-SELECTED-BALANCED,2,var_146,-0.1986614167690277,0.1986614167690277,-1,False,32,True
LR-SELECTED-BALANCED,2,var_147,0.1153305396437645,0.1153305396437645,1,False,32,True
LR-SELECTED-BALANCED,2,var_148,-0.15523886680603027,0.15523886680603027,-1,False,32,True
LR-SELECTED-BALANCED,2,var_149,-0.1352521777153015,0.1352521777153015,-1,False,32,True
LR-SELECTED-BALANCED,2,var_150,-0.0936717763543129,0.0936717763543129,-1,False,32,True
LR-SELECTED-BALANCED,2,var_151,0.0833541676402092,0.0833541676402092,1,False,32,True
LR-SELECTED-BALANCED,2,var_152,-0.03714095801115036,0.03714095801115036,-1,False,32,True
LR-SELECTED-BALANCED,2,var_153,-0.018382159993052483,0.018382159993052483,-1,False,32,True
LR-SELECTED-BALANCED,2,var_154,-0.14916077256202698,0.14916077256202698,-1,False,32,True
LR-SELECTED-BALANCED,2,var_155,0.1287192404270172,0.1287192404270172,1,False,32,True
LR-SELECTED-BALANCED,2,var_156,-0.06293671578168869,0.06293671578168869,-1,False,32,True
LR-SELECTED-BALANCED,2,var_157,0.08683983236551285,0.08683983236551285,1,False,32,True
LR-SELECTED-BALANCED,2,var_158,-0.0029153339564800262,0.0029153339564800262,-1,False,32,True
LR-SELECTED-BALANCED,2,var_159,0.04675566405057907,0.04675566405057907,1,False,32,True
LR-SELECTED-BALANCED,2,var_160,-0.00012489646906033158,0.00012489646906033158,-1,False,32,True
LR-SELECTED-BALANCED,2,var_161,0.014276176691055298,0.014276176691055298,1,False,32,True
LR-SELECTED-BALANCED,2,var_162,0.09834042936563492,0.09834042936563492,1,False,32,True
LR-SELECTED-BALANCED,2,var_163,0.09400095045566559,0.09400095045566559,1,False,32,True
LR-SELECTED-BALANCED,2,var_164,0.12305071204900742,0.12305071204900742,1,False,32,True
LR-SELECTED-BALANCED,2,var_165,-0.17878292500972748,0.17878292500972748,-1,False,32,True
LR-SELECTED-BALANCED,2,var_166,-0.16816534101963043,0.16816534101963043,-1,False,32,True
LR-SELECTED-BALANCED,2,var_167,0.08610914647579193,0.08610914647579193,1,False,32,True
LR-SELECTED-BALANCED,2,var_168,0.06689944118261337,0.06689944118261337,1,False,32,True
LR-SELECTED-BALANCED,2,var_169,-0.1540454626083374,0.1540454626083374,-1,False,32,True
LR-SELECTED-BALANCED,2,var_170,0.15194563567638397,0.15194563567638397,1,False,32,True
LR-SELECTED-BALANCED,2,var_171,0.042250193655490875,0.042250193655490875,1,False,32,True
LR-SELECTED-BALANCED,2,var_172,-0.13351978361606598,0.13351978361606598,-1,False,32,True
LR-SELECTED-BALANCED,2,var_173,0.1372227668762207,0.1372227668762207,1,False,32,True
LR-SELECTED-BALANCED,2,var_174,-0.20066502690315247,0.20066502690315247,-1,False,32,True
LR-SELECTED-BALANCED,2,var_175,0.09131547808647156,0.09131547808647156,1,False,32,True
LR-SELECTED-BALANCED,2,var_176,0.03987635672092438,0.03987635672092438,1,False,32,True
LR-SELECTED-BALANCED,2,var_177,-0.13371340930461884,0.13371340930461884,-1,False,32,True
LR-SELECTED-BALANCED,2,var_178,-0.048695407807826996,0.048695407807826996,-1,False,32,True
LR-SELECTED-BALANCED,2,var_179,0.15325015783309937,0.15325015783309937,1,False,32,True
LR-SELECTED-BALANCED,2,var_180,0.09080727398395538,0.09080727398395538,1,False,32,True
LR-SELECTED-BALANCED,2,var_181,0.04939727112650871,0.04939727112650871,1,False,32,True
LR-SELECTED-BALANCED,2,var_182,-0.029885370284318924,0.029885370284318924,-1,False,32,True
LR-SELECTED-BALANCED,2,var_183,-0.01574360579252243,0.01574360579252243,-1,False,32,True
LR-SELECTED-BALANCED,2,var_184,0.1618623584508896,0.1618623584508896,1,False,32,True
LR-SELECTED-BALANCED,2,var_185,-0.00041318879812024534,0.00041318879812024534,-1,False,32,True
LR-SELECTED-BALANCED,2,var_186,-0.09129106998443604,0.09129106998443604,-1,False,32,True
LR-SELECTED-BALANCED,2,var_187,0.04342244192957878,0.04342244192957878,1,False,32,True
LR-SELECTED-BALANCED,2,var_188,-0.11978980898857117,0.11978980898857117,-1,False,32,True
LR-SELECTED-BALANCED,2,var_189,0.021647334098815918,0.021647334098815918,1,False,32,True
LR-SELECTED-BALANCED,2,var_190,0.18291810154914856,0.18291810154914856,1,False,32,True
LR-SELECTED-BALANCED,2,var_191,0.15001408755779266,0.15001408755779266,1,False,32,True
LR-SELECTED-BALANCED,2,var_192,-0.15460412204265594,0.15460412204265594,-1,False,32,True
LR-SELECTED-BALANCED,2,var_193,-0.06601475179195404,0.06601475179195404,-1,False,32,True
LR-SELECTED-BALANCED,2,var_194,-0.07067864388227463,0.07067864388227463,-1,False,32,True
LR-SELECTED-BALANCED,2,var_195,0.07998654246330261,0.07998654246330261,1,False,32,True
LR-SELECTED-BALANCED,2,var_196,0.062352269887924194,0.062352269887924194,1,False,32,True
LR-SELECTED-BALANCED,2,var_197,-0.11203079670667648,0.11203079670667648,-1,False,32,True
LR-SELECTED-BALANCED,2,var_198,-0.16059717535972595,0.16059717535972595,-1,False,32,True
LR-SELECTED-BALANCED,2,var_199,0.09681665152311325,0.09681665152311325,1,False,32,True
LR-SELECTED-BALANCED,3,var_0,0.15837866067886353,0.15837866067886353,1,False,31,True
LR-SELECTED-BALANCED,3,var_1,0.1560938060283661,0.1560938060283661,1,False,31,True
LR-SELECTED-BALANCED,3,var_2,0.1681206375360489,0.1681206375360489,1,False,31,True
LR-SELECTED-BALANCED,3,var_3,0.033391110599040985,0.033391110599040985,1,False,31,True
LR-SELECTED-BALANCED,3,var_4,0.04014357924461365,0.04014357924461365,1,False,31,True
LR-SELECTED-BALANCED,3,var_5,0.10769808292388916,0.10769808292388916,1,False,31,True
LR-SELECTED-BALANCED,3,var_6,0.20754820108413696,0.20754820108413696,1,False,31,True
LR-SELECTED-BALANCED,3,var_7,-0.024766424670815468,0.024766424670815468,-1,False,31,True
LR-SELECTED-BALANCED,3,var_8,0.05729798600077629,0.05729798600077629,1,False,31,True
LR-SELECTED-BALANCED,3,var_9,-0.128005251288414,0.128005251288414,-1,False,31,True
LR-SELECTED-BALANCED,3,var_10,-8.211592648876831e-05,8.211592648876831e-05,-1,False,31,True
LR-SELECTED-BALANCED,3,var_11,0.07328325510025024,0.07328325510025024,1,False,31,True
LR-SELECTED-BALANCED,3,var_12,-0.20023342967033386,0.20023342967033386,-1,False,31,True
LR-SELECTED-BALANCED,3,var_13,-0.17480336129665375,0.17480336129665375,-1,False,31,True
LR-SELECTED-BALANCED,3,var_14,-0.015613148920238018,0.015613148920238018,-1,False,31,True
LR-SELECTED-BALANCED,3,var_15,0.055541086941957474,0.055541086941957474,1,False,31,True
LR-SELECTED-BALANCED,3,var_16,0.013767500407993793,0.013767500407993793,1,False,31,True
LR-SELECTED-BALANCED,3,var_17,0.003907810430973768,0.003907810430973768,1,False,31,True
LR-SELECTED-BALANCED,3,var_18,0.13211479783058167,0.13211479783058167,1,False,31,True
LR-SELECTED-BALANCED,3,var_19,0.023740867152810097,0.023740867152810097,1,False,31,True
LR-SELECTED-BALANCED,3,var_20,-0.06353215873241425,0.06353215873241425,-1,False,31,True
LR-SELECTED-BALANCED,3,var_21,-0.17491771280765533,0.17491771280765533,-1,False,31,True
LR-SELECTED-BALANCED,3,var_22,0.19227810204029083,0.19227810204029083,1,False,31,True
LR-SELECTED-BALANCED,3,var_23,-0.09150022268295288,0.09150022268295288,-1,False,31,True
LR-SELECTED-BALANCED,3,var_24,0.08505385369062424,0.08505385369062424,1,False,31,True
LR-SELECTED-BALANCED,3,var_25,0.05617506802082062,0.05617506802082062,1,False,31,True
LR-SELECTED-BALANCED,3,var_26,0.19143357872962952,0.19143357872962952,1,False,31,True
LR-SELECTED-BALANCED,3,var_27,-0.009174094535410404,0.009174094535410404,-1,False,31,True
LR-SELECTED-BALANCED,3,var_28,-0.07352632284164429,0.07352632284164429,-1,False,31,True
LR-SELECTED-BALANCED,3,var_29,0.02919422648847103,0.02919422648847103,1,False,31,True
LR-SELECTED-BALANCED,3,var_30,0.0014210331719368696,0.0014210331719368696,1,False,31,True
LR-SELECTED-BALANCED,3,var_31,-0.09174906462430954,0.09174906462430954,-1,False,31,True
LR-SELECTED-BALANCED,3,var_32,0.09365685284137726,0.09365685284137726,1,False,31,True
LR-SELECTED-BALANCED,3,var_33,-0.1548806130886078,0.1548806130886078,-1,False,31,True
LR-SELECTED-BALANCED,3,var_34,-0.18344902992248535,0.18344902992248535,-1,False,31,True
LR-SELECTED-BALANCED,3,var_35,0.11980821937322617,0.11980821937322617,1,False,31,True
LR-SELECTED-BALANCED,3,var_36,-0.12585493922233582,0.12585493922233582,-1,False,31,True
LR-SELECTED-BALANCED,3,var_37,0.0225115567445755,0.0225115567445755,1,False,31,True
LR-SELECTED-BALANCED,3,var_38,0.014291923493146896,0.014291923493146896,1,False,31,True
LR-SELECTED-BALANCED,3,var_39,-0.012120711617171764,0.012120711617171764,-1,False,31,True
LR-SELECTED-BALANCED,3,var_40,0.16552114486694336,0.16552114486694336,1,False,31,True
LR-SELECTED-BALANCED,3,var_41,-0.01867467537522316,0.01867467537522316,-1,False,31,True
LR-SELECTED-BALANCED,3,var_42,-0.03547677770256996,0.03547677770256996,-1,False,31,True
LR-SELECTED-BALANCED,3,var_43,-0.08897248655557632,0.08897248655557632,-1,False,31,True
LR-SELECTED-BALANCED,3,var_44,-0.151521235704422,0.151521235704422,-1,False,31,True
LR-SELECTED-BALANCED,3,var_45,-0.07921934127807617,0.07921934127807617,-1,False,31,True
LR-SELECTED-BALANCED,3,var_46,0.01206973847001791,0.01206973847001791,1,False,31,True
LR-SELECTED-BALANCED,3,var_47,0.01995755545794964,0.01995755545794964,1,False,31,True
LR-SELECTED-BALANCED,3,var_48,0.11132176220417023,0.11132176220417023,1,False,31,True
LR-SELECTED-BALANCED,3,var_49,0.10391117632389069,0.10391117632389069,1,False,31,True
LR-SELECTED-BALANCED,3,var_50,-0.049005549401044846,0.049005549401044846,-1,False,31,True
LR-SELECTED-BALANCED,3,var_51,0.07871686667203903,0.07871686667203903,1,False,31,True
LR-SELECTED-BALANCED,3,var_52,0.09307803958654404,0.09307803958654404,1,False,31,True
LR-SELECTED-BALANCED,3,var_53,0.20839326083660126,0.20839326083660126,1,False,31,True
LR-SELECTED-BALANCED,3,var_54,-0.05583977699279785,0.05583977699279785,-1,False,31,True
LR-SELECTED-BALANCED,3,var_55,0.053503673523664474,0.053503673523664474,1,False,31,True
LR-SELECTED-BALANCED,3,var_56,-0.0999213233590126,0.0999213233590126,-1,False,31,True
LR-SELECTED-BALANCED,3,var_57,-0.05166604369878769,0.05166604369878769,-1,False,31,True
LR-SELECTED-BALANCED,3,var_58,-0.08625756204128265,0.08625756204128265,-1,False,31,True
LR-SELECTED-BALANCED,3,var_59,-0.05070268362760544,0.05070268362760544,-1,False,31,True
LR-SELECTED-BALANCED,3,var_60,0.026659633964300156,0.026659633964300156,1,False,31,True
LR-SELECTED-BALANCED,3,var_61,0.05132165551185608,0.05132165551185608,1,False,31,True
LR-SELECTED-BALANCED,3,var_62,0.0754123255610466,0.0754123255610466,1,False,31,True
LR-SELECTED-BALANCED,3,var_63,-0.05979685112833977,0.05979685112833977,-1,False,31,True
LR-SELECTED-BALANCED,3,var_64,-0.0444076806306839,0.0444076806306839,-1,False,31,True
LR-SELECTED-BALANCED,3,var_65,0.03479216247797012,0.03479216247797012,1,False,31,True
LR-SELECTED-BALANCED,3,var_66,0.07587006688117981,0.07587006688117981,1,False,31,True
LR-SELECTED-BALANCED,3,var_67,0.14347882568836212,0.14347882568836212,1,False,31,True
LR-SELECTED-BALANCED,3,var_68,-0.0475877970457077,0.0475877970457077,-1,False,31,True
LR-SELECTED-BALANCED,3,var_69,0.019795650616288185,0.019795650616288185,1,False,31,True
LR-SELECTED-BALANCED,3,var_70,0.10751678794622421,0.10751678794622421,1,False,31,True
LR-SELECTED-BALANCED,3,var_71,0.10717933624982834,0.10717933624982834,1,False,31,True
LR-SELECTED-BALANCED,3,var_72,-0.042018741369247437,0.042018741369247437,-1,False,31,True
LR-SELECTED-BALANCED,3,var_73,-0.022656651213765144,0.022656651213765144,-1,False,31,True
LR-SELECTED-BALANCED,3,var_74,0.06205500289797783,0.06205500289797783,1,False,31,True
LR-SELECTED-BALANCED,3,var_75,-0.12374390661716461,0.12374390661716461,-1,False,31,True
LR-SELECTED-BALANCED,3,var_76,-0.20760506391525269,0.20760506391525269,-1,False,31,True
LR-SELECTED-BALANCED,3,var_77,-0.0557575561106205,0.0557575561106205,-1,False,31,True
LR-SELECTED-BALANCED,3,var_78,0.1598895788192749,0.1598895788192749,1,False,31,True
LR-SELECTED-BALANCED,3,var_79,0.0028428540099412203,0.0028428540099412203,1,False,31,True
LR-SELECTED-BALANCED,3,var_80,-0.16603651642799377,0.16603651642799377,-1,False,31,True
LR-SELECTED-BALANCED,3,var_81,-0.24463647603988647,0.24463647603988647,-1,False,31,True
LR-SELECTED-BALANCED,3,var_82,0.0733732283115387,0.0733732283115387,1,False,31,True
LR-SELECTED-BALANCED,3,var_83,-0.07159024477005005,0.07159024477005005,-1,False,31,True
LR-SELECTED-BALANCED,3,var_84,0.036223407834768295,0.036223407834768295,1,False,31,True
LR-SELECTED-BALANCED,3,var_85,-0.06740156561136246,0.06740156561136246,-1,False,31,True
LR-SELECTED-BALANCED,3,var_86,-0.12606896460056305,0.12606896460056305,-1,False,31,True
LR-SELECTED-BALANCED,3,var_87,-0.1139061450958252,0.1139061450958252,-1,False,31,True
LR-SELECTED-BALANCED,3,var_88,-0.0665825605392456,0.0665825605392456,-1,False,31,True
LR-SELECTED-BALANCED,3,var_89,0.12346851080656052,0.12346851080656052,1,False,31,True
LR-SELECTED-BALANCED,3,var_90,0.09660369157791138,0.09660369157791138,1,False,31,True
LR-SELECTED-BALANCED,3,var_91,0.11516312509775162,0.11516312509775162,1,False,31,True
LR-SELECTED-BALANCED,3,var_92,-0.1450645923614502,0.1450645923614502,-1,False,31,True
LR-SELECTED-BALANCED,3,var_93,-0.10103849321603775,0.10103849321603775,-1,False,31,True
LR-SELECTED-BALANCED,3,var_94,0.16149896383285522,0.16149896383285522,1,False,31,True
LR-SELECTED-BALANCED,3,var_95,0.11757373064756393,0.11757373064756393,1,False,31,True
LR-SELECTED-BALANCED,3,var_96,0.0063767870888113976,0.0063767870888113976,1,False,31,True
LR-SELECTED-BALANCED,3,var_97,0.061437252908945084,0.061437252908945084,1,False,31,True
LR-SELECTED-BALANCED,3,var_98,-0.00957532785832882,0.00957532785832882,-1,False,31,True
LR-SELECTED-BALANCED,3,var_99,0.18189382553100586,0.18189382553100586,1,False,31,True
LR-SELECTED-BALANCED,3,var_100,-0.0029673087410628796,0.0029673087410628796,-1,False,31,True
LR-SELECTED-BALANCED,3,var_101,-0.028864748775959015,0.028864748775959015,-1,False,31,True
LR-SELECTED-BALANCED,3,var_102,-0.06152156740427017,0.06152156740427017,-1,False,31,True
LR-SELECTED-BALANCED,3,var_103,0.011695877648890018,0.011695877648890018,1,False,31,True
LR-SELECTED-BALANCED,3,var_104,-0.08685348927974701,0.08685348927974701,-1,False,31,True
LR-SELECTED-BALANCED,3,var_105,0.0916806161403656,0.0916806161403656,1,False,31,True
LR-SELECTED-BALANCED,3,var_106,0.09998785704374313,0.09998785704374313,1,False,31,True
LR-SELECTED-BALANCED,3,var_107,-0.1345241665840149,0.1345241665840149,-1,False,31,True
LR-SELECTED-BALANCED,3,var_108,-0.12591557204723358,0.12591557204723358,-1,False,31,True
LR-SELECTED-BALANCED,3,var_109,-0.15029016137123108,0.15029016137123108,-1,False,31,True
LR-SELECTED-BALANCED,3,var_110,0.19943322241306305,0.19943322241306305,1,False,31,True
LR-SELECTED-BALANCED,3,var_111,0.08536838740110397,0.08536838740110397,1,False,31,True
LR-SELECTED-BALANCED,3,var_112,0.07713661342859268,0.07713661342859268,1,False,31,True
LR-SELECTED-BALANCED,3,var_113,-0.05096309632062912,0.05096309632062912,-1,False,31,True
LR-SELECTED-BALANCED,3,var_114,-0.07504867762327194,0.07504867762327194,-1,False,31,True
LR-SELECTED-BALANCED,3,var_115,-0.16122128069400787,0.16122128069400787,-1,False,31,True
LR-SELECTED-BALANCED,3,var_116,-0.0776480957865715,0.0776480957865715,-1,False,31,True
LR-SELECTED-BALANCED,3,var_117,-0.0005901057156734169,0.0005901057156734169,-1,False,31,True
LR-SELECTED-BALANCED,3,var_118,0.1365828663110733,0.1365828663110733,1,False,31,True
LR-SELECTED-BALANCED,3,var_119,0.09986621886491776,0.09986621886491776,1,False,31,True
LR-SELECTED-BALANCED,3,var_120,-0.036084409803152084,0.036084409803152084,-1,False,31,True
LR-SELECTED-BALANCED,3,var_121,-0.12918628752231598,0.12918628752231598,-1,False,31,True
LR-SELECTED-BALANCED,3,var_122,-0.13791079819202423,0.13791079819202423,-1,False,31,True
LR-SELECTED-BALANCED,3,var_123,-0.10922902822494507,0.10922902822494507,-1,False,31,True
LR-SELECTED-BALANCED,3,var_124,0.0336332805454731,0.0336332805454731,1,False,31,True
LR-SELECTED-BALANCED,3,var_125,0.08130568265914917,0.08130568265914917,1,False,31,True
LR-SELECTED-BALANCED,3,var_126,0.007365562953054905,0.007365562953054905,1,False,31,True
LR-SELECTED-BALANCED,3,var_127,-0.11730119585990906,0.11730119585990906,-1,False,31,True
LR-SELECTED-BALANCED,3,var_128,0.0846121534705162,0.0846121534705162,1,False,31,True
LR-SELECTED-BALANCED,3,var_129,-0.018052972853183746,0.018052972853183746,-1,False,31,True
LR-SELECTED-BALANCED,3,var_130,0.10613945126533508,0.10613945126533508,1,False,31,True
LR-SELECTED-BALANCED,3,var_131,-0.10549962520599365,0.10549962520599365,-1,False,31,True
LR-SELECTED-BALANCED,3,var_132,-0.09312884509563446,0.09312884509563446,-1,False,31,True
LR-SELECTED-BALANCED,3,var_133,0.1639314591884613,0.1639314591884613,1,False,31,True
LR-SELECTED-BALANCED,3,var_134,0.047728605568408966,0.047728605568408966,1,False,31,True
LR-SELECTED-BALANCED,3,var_135,0.09420544654130936,0.09420544654130936,1,False,31,True
LR-SELECTED-BALANCED,3,var_136,-0.01213812455534935,0.01213812455534935,-1,False,31,True
LR-SELECTED-BALANCED,3,var_137,0.09403017908334732,0.09403017908334732,1,False,31,True
LR-SELECTED-BALANCED,3,var_138,0.04787585511803627,0.04787585511803627,1,False,31,True
LR-SELECTED-BALANCED,3,var_139,-0.22528336942195892,0.22528336942195892,-1,False,31,True
LR-SELECTED-BALANCED,3,var_140,0.05843263119459152,0.05843263119459152,1,False,31,True
LR-SELECTED-BALANCED,3,var_141,-0.09795815497636795,0.09795815497636795,-1,False,31,True
LR-SELECTED-BALANCED,3,var_142,-0.06638126075267792,0.06638126075267792,-1,False,31,True
LR-SELECTED-BALANCED,3,var_143,-0.029611920937895775,0.029611920937895775,-1,False,31,True
LR-SELECTED-BALANCED,3,var_144,0.0777856707572937,0.0777856707572937,1,False,31,True
LR-SELECTED-BALANCED,3,var_145,0.11800651252269745,0.11800651252269745,1,False,31,True
LR-SELECTED-BALANCED,3,var_146,-0.19126640260219574,0.19126640260219574,-1,False,31,True
LR-SELECTED-BALANCED,3,var_147,0.12143624573945999,0.12143624573945999,1,False,31,True
LR-SELECTED-BALANCED,3,var_148,-0.15650643408298492,0.15650643408298492,-1,False,31,True
LR-SELECTED-BALANCED,3,var_149,-0.13589131832122803,0.13589131832122803,-1,False,31,True
LR-SELECTED-BALANCED,3,var_150,-0.10276142507791519,0.10276142507791519,-1,False,31,True
LR-SELECTED-BALANCED,3,var_151,0.09576979279518127,0.09576979279518127,1,False,31,True
LR-SELECTED-BALANCED,3,var_152,-0.03908080607652664,0.03908080607652664,-1,False,31,True
LR-SELECTED-BALANCED,3,var_153,-0.02507883310317993,0.02507883310317993,-1,False,31,True
LR-SELECTED-BALANCED,3,var_154,-0.1496056318283081,0.1496056318283081,-1,False,31,True
LR-SELECTED-BALANCED,3,var_155,0.11883696913719177,0.11883696913719177,1,False,31,True
LR-SELECTED-BALANCED,3,var_156,-0.06909506767988205,0.06909506767988205,-1,False,31,True
LR-SELECTED-BALANCED,3,var_157,0.09567859023809433,0.09567859023809433,1,False,31,True
LR-SELECTED-BALANCED,3,var_158,0.006727499887347221,0.006727499887347221,1,False,31,True
LR-SELECTED-BALANCED,3,var_159,0.038386303931474686,0.038386303931474686,1,False,31,True
LR-SELECTED-BALANCED,3,var_160,-0.01094902865588665,0.01094902865588665,-1,False,31,True
LR-SELECTED-BALANCED,3,var_161,0.005539076402783394,0.005539076402783394,1,False,31,True
LR-SELECTED-BALANCED,3,var_162,0.10531831532716751,0.10531831532716751,1,False,31,True
LR-SELECTED-BALANCED,3,var_163,0.0944974347949028,0.0944974347949028,1,False,31,True
LR-SELECTED-BALANCED,3,var_164,0.12153356522321701,0.12153356522321701,1,False,31,True
LR-SELECTED-BALANCED,3,var_165,-0.16766393184661865,0.16766393184661865,-1,False,31,True
LR-SELECTED-BALANCED,3,var_166,-0.17088696360588074,0.17088696360588074,-1,False,31,True
LR-SELECTED-BALANCED,3,var_167,0.0895349383354187,0.0895349383354187,1,False,31,True
LR-SELECTED-BALANCED,3,var_168,0.03719913959503174,0.03719913959503174,1,False,31,True
LR-SELECTED-BALANCED,3,var_169,-0.15188416838645935,0.15188416838645935,-1,False,31,True
LR-SELECTED-BALANCED,3,var_170,0.15649236738681793,0.15649236738681793,1,False,31,True
LR-SELECTED-BALANCED,3,var_171,0.03759300336241722,0.03759300336241722,1,False,31,True
LR-SELECTED-BALANCED,3,var_172,-0.13221056759357452,0.13221056759357452,-1,False,31,True
LR-SELECTED-BALANCED,3,var_173,0.13692721724510193,0.13692721724510193,1,False,31,True
LR-SELECTED-BALANCED,3,var_174,-0.19351345300674438,0.19351345300674438,-1,False,31,True
LR-SELECTED-BALANCED,3,var_175,0.07918195426464081,0.07918195426464081,1,False,31,True
LR-SELECTED-BALANCED,3,var_176,0.03657900542020798,0.03657900542020798,1,False,31,True
LR-SELECTED-BALANCED,3,var_177,-0.12527289986610413,0.12527289986610413,-1,False,31,True
LR-SELECTED-BALANCED,3,var_178,-0.05548775568604469,0.05548775568604469,-1,False,31,True
LR-SELECTED-BALANCED,3,var_179,0.14565888047218323,0.14565888047218323,1,False,31,True
LR-SELECTED-BALANCED,3,var_180,0.09612861275672913,0.09612861275672913,1,False,31,True
LR-SELECTED-BALANCED,3,var_181,0.041486699134111404,0.041486699134111404,1,False,31,True
LR-SELECTED-BALANCED,3,var_182,-0.03471121937036514,0.03471121937036514,-1,False,31,True
LR-SELECTED-BALANCED,3,var_183,-0.009536256082355976,0.009536256082355976,-1,False,31,True
LR-SELECTED-BALANCED,3,var_184,0.15236039459705353,0.15236039459705353,1,False,31,True
LR-SELECTED-BALANCED,3,var_185,0.0009878583950921893,0.0009878583950921893,1,False,31,True
LR-SELECTED-BALANCED,3,var_186,-0.08834584802389145,0.08834584802389145,-1,False,31,True
LR-SELECTED-BALANCED,3,var_187,0.04437795653939247,0.04437795653939247,1,False,31,True
LR-SELECTED-BALANCED,3,var_188,-0.10697215050458908,0.10697215050458908,-1,False,31,True
LR-SELECTED-BALANCED,3,var_189,0.029272044077515602,0.029272044077515602,1,False,31,True
LR-SELECTED-BALANCED,3,var_190,0.1834915280342102,0.1834915280342102,1,False,31,True
LR-SELECTED-BALANCED,3,var_191,0.14793407917022705,0.14793407917022705,1,False,31,True
LR-SELECTED-BALANCED,3,var_192,-0.1371460258960724,0.1371460258960724,-1,False,31,True
LR-SELECTED-BALANCED,3,var_193,-0.061720676720142365,0.061720676720142365,-1,False,31,True
LR-SELECTED-BALANCED,3,var_194,-0.06496276706457138,0.06496276706457138,-1,False,31,True
LR-SELECTED-BALANCED,3,var_195,0.09456285089254379,0.09456285089254379,1,False,31,True
LR-SELECTED-BALANCED,3,var_196,0.0717659443616867,0.0717659443616867,1,False,31,True
LR-SELECTED-BALANCED,3,var_197,-0.1144743263721466,0.1144743263721466,-1,False,31,True
LR-SELECTED-BALANCED,3,var_198,-0.15835238993167877,0.15835238993167877,-1,False,31,True
LR-SELECTED-BALANCED,3,var_199,0.0931621715426445,0.0931621715426445,1,False,31,True
LR-SELECTED-BALANCED,4,var_0,0.1584891825914383,0.1584891825914383,1,False,32,True
LR-SELECTED-BALANCED,4,var_1,0.17677432298660278,0.17677432298660278,1,False,32,True
LR-SELECTED-BALANCED,4,var_2,0.17395763099193573,0.17395763099193573,1,False,32,True
LR-SELECTED-BALANCED,4,var_3,0.030016537755727768,0.030016537755727768,1,False,32,True
LR-SELECTED-BALANCED,4,var_4,0.040686123073101044,0.040686123073101044,1,False,32,True
LR-SELECTED-BALANCED,4,var_5,0.1124461367726326,0.1124461367726326,1,False,32,True
LR-SELECTED-BALANCED,4,var_6,0.2237427830696106,0.2237427830696106,1,False,32,True
LR-SELECTED-BALANCED,4,var_7,-0.02238701842725277,0.02238701842725277,-1,False,32,True
LR-SELECTED-BALANCED,4,var_8,0.05606864020228386,0.05606864020228386,1,False,32,True
LR-SELECTED-BALANCED,4,var_9,-0.13845576345920563,0.13845576345920563,-1,False,32,True
LR-SELECTED-BALANCED,4,var_10,-0.0034797759726643562,0.0034797759726643562,-1,False,32,True
LR-SELECTED-BALANCED,4,var_11,0.07645655423402786,0.07645655423402786,1,False,32,True
LR-SELECTED-BALANCED,4,var_12,-0.20548714697360992,0.20548714697360992,-1,False,32,True
LR-SELECTED-BALANCED,4,var_13,-0.17505019903182983,0.17505019903182983,-1,False,32,True
LR-SELECTED-BALANCED,4,var_14,-0.010586069896817207,0.010586069896817207,-1,False,32,True
LR-SELECTED-BALANCED,4,var_15,0.052671514451503754,0.052671514451503754,1,False,32,True
LR-SELECTED-BALANCED,4,var_16,0.015179736539721489,0.015179736539721489,1,False,32,True
LR-SELECTED-BALANCED,4,var_17,0.0028243602719157934,0.0028243602719157934,1,False,32,True
LR-SELECTED-BALANCED,4,var_18,0.13703955709934235,0.13703955709934235,1,False,32,True
LR-SELECTED-BALANCED,4,var_19,0.035468827933073044,0.035468827933073044,1,False,32,True
LR-SELECTED-BALANCED,4,var_20,-0.06945044547319412,0.06945044547319412,-1,False,32,True
LR-SELECTED-BALANCED,4,var_21,-0.1815659999847412,0.1815659999847412,-1,False,32,True
LR-SELECTED-BALANCED,4,var_22,0.1936391443014145,0.1936391443014145,1,False,32,True
LR-SELECTED-BALANCED,4,var_23,-0.08397963643074036,0.08397963643074036,-1,False,32,True
LR-SELECTED-BALANCED,4,var_24,0.07572575658559799,0.07572575658559799,1,False,32,True
LR-SELECTED-BALANCED,4,var_25,0.058239225298166275,0.058239225298166275,1,False,32,True
LR-SELECTED-BALANCED,4,var_26,0.19403204321861267,0.19403204321861267,1,False,32,True
LR-SELECTED-BALANCED,4,var_27,-0.004506773315370083,0.004506773315370083,-1,False,32,True
LR-SELECTED-BALANCED,4,var_28,-0.08674074709415436,0.08674074709415436,-1,False,32,True
LR-SELECTED-BALANCED,4,var_29,0.02260737307369709,0.02260737307369709,1,False,32,True
LR-SELECTED-BALANCED,4,var_30,0.00018855264352168888,0.00018855264352168888,1,False,32,True
LR-SELECTED-BALANCED,4,var_31,-0.09660325944423676,0.09660325944423676,-1,False,32,True
LR-SELECTED-BALANCED,4,var_32,0.0951390191912651,0.0951390191912651,1,False,32,True
LR-SELECTED-BALANCED,4,var_33,-0.1484554409980774,0.1484554409980774,-1,False,32,True
LR-SELECTED-BALANCED,4,var_34,-0.1761942207813263,0.1761942207813263,-1,False,32,True
LR-SELECTED-BALANCED,4,var_35,0.11449616402387619,0.11449616402387619,1,False,32,True
LR-SELECTED-BALANCED,4,var_36,-0.12029162049293518,0.12029162049293518,-1,False,32,True
LR-SELECTED-BALANCED,4,var_37,0.0337187759578228,0.0337187759578228,1,False,32,True
LR-SELECTED-BALANCED,4,var_38,0.017658833414316177,0.017658833414316177,1,False,32,True
LR-SELECTED-BALANCED,4,var_39,-0.007379228249192238,0.007379228249192238,-1,False,32,True
LR-SELECTED-BALANCED,4,var_40,0.15124832093715668,0.15124832093715668,1,False,32,True
LR-SELECTED-BALANCED,4,var_41,-0.012267066165804863,0.012267066165804863,-1,False,32,True
LR-SELECTED-BALANCED,4,var_42,-0.026676421985030174,0.026676421985030174,-1,False,32,True
LR-SELECTED-BALANCED,4,var_43,-0.08744631707668304,0.08744631707668304,-1,False,32,True
LR-SELECTED-BALANCED,4,var_44,-0.14917047321796417,0.14917047321796417,-1,False,32,True
LR-SELECTED-BALANCED,4,var_45,-0.08131948113441467,0.08131948113441467,-1,False,32,True
LR-SELECTED-BALANCED,4,var_46,0.005213155411183834,0.005213155411183834,1,False,32,True
LR-SELECTED-BALANCED,4,var_47,0.02500787377357483,0.02500787377357483,1,False,32,True
LR-SELECTED-BALANCED,4,var_48,0.10255647450685501,0.10255647450685501,1,False,32,True
LR-SELECTED-BALANCED,4,var_49,0.10641445964574814,0.10641445964574814,1,False,32,True
LR-SELECTED-BALANCED,4,var_50,-0.0496426597237587,0.0496426597237587,-1,False,32,True
LR-SELECTED-BALANCED,4,var_51,0.07804212719202042,0.07804212719202042,1,False,32,True
LR-SELECTED-BALANCED,4,var_52,0.09237203001976013,0.09237203001976013,1,False,32,True
LR-SELECTED-BALANCED,4,var_53,0.20775355398654938,0.20775355398654938,1,False,32,True
LR-SELECTED-BALANCED,4,var_54,-0.04973871260881424,0.04973871260881424,-1,False,32,True
LR-SELECTED-BALANCED,4,var_55,0.05603153258562088,0.05603153258562088,1,False,32,True
LR-SELECTED-BALANCED,4,var_56,-0.10750088095664978,0.10750088095664978,-1,False,32,True
LR-SELECTED-BALANCED,4,var_57,-0.053307656198740005,0.053307656198740005,-1,False,32,True
LR-SELECTED-BALANCED,4,var_58,-0.08694537729024887,0.08694537729024887,-1,False,32,True
LR-SELECTED-BALANCED,4,var_59,-0.03963855654001236,0.03963855654001236,-1,False,32,True
LR-SELECTED-BALANCED,4,var_60,0.03243785724043846,0.03243785724043846,1,False,32,True
LR-SELECTED-BALANCED,4,var_61,0.029253752902150154,0.029253752902150154,1,False,32,True
LR-SELECTED-BALANCED,4,var_62,0.05879448726773262,0.05879448726773262,1,False,32,True
LR-SELECTED-BALANCED,4,var_63,-0.0439898855984211,0.0439898855984211,-1,False,32,True
LR-SELECTED-BALANCED,4,var_64,-0.04198189079761505,0.04198189079761505,-1,False,32,True
LR-SELECTED-BALANCED,4,var_65,0.04078226536512375,0.04078226536512375,1,False,32,True
LR-SELECTED-BALANCED,4,var_66,0.07739852368831635,0.07739852368831635,1,False,32,True
LR-SELECTED-BALANCED,4,var_67,0.1525355577468872,0.1525355577468872,1,False,32,True
LR-SELECTED-BALANCED,4,var_68,-0.044236235320568085,0.044236235320568085,-1,False,32,True
LR-SELECTED-BALANCED,4,var_69,0.01914183981716633,0.01914183981716633,1,False,32,True
LR-SELECTED-BALANCED,4,var_70,0.10280456393957138,0.10280456393957138,1,False,32,True
LR-SELECTED-BALANCED,4,var_71,0.10843760520219803,0.10843760520219803,1,False,32,True
LR-SELECTED-BALANCED,4,var_72,-0.046710070222616196,0.046710070222616196,-1,False,32,True
LR-SELECTED-BALANCED,4,var_73,-0.024905288591980934,0.024905288591980934,-1,False,32,True
LR-SELECTED-BALANCED,4,var_74,0.056879203766584396,0.056879203766584396,1,False,32,True
LR-SELECTED-BALANCED,4,var_75,-0.12017088383436203,0.12017088383436203,-1,False,32,True
LR-SELECTED-BALANCED,4,var_76,-0.19693955779075623,0.19693955779075623,-1,False,32,True
LR-SELECTED-BALANCED,4,var_77,-0.04591077193617821,0.04591077193617821,-1,False,32,True
LR-SELECTED-BALANCED,4,var_78,0.16550922393798828,0.16550922393798828,1,False,32,True
LR-SELECTED-BALANCED,4,var_79,0.015745392069220543,0.015745392069220543,1,False,32,True
LR-SELECTED-BALANCED,4,var_80,-0.17260630428791046,0.17260630428791046,-1,False,32,True
LR-SELECTED-BALANCED,4,var_81,-0.2389359176158905,0.2389359176158905,-1,False,32,True
LR-SELECTED-BALANCED,4,var_82,0.07323446124792099,0.07323446124792099,1,False,32,True
LR-SELECTED-BALANCED,4,var_83,-0.06656637787818909,0.06656637787818909,-1,False,32,True
LR-SELECTED-BALANCED,4,var_84,0.03739094361662865,0.03739094361662865,1,False,32,True
LR-SELECTED-BALANCED,4,var_85,-0.058257635682821274,0.058257635682821274,-1,False,32,True
LR-SELECTED-BALANCED,4,var_86,-0.11480150371789932,0.11480150371789932,-1,False,32,True
LR-SELECTED-BALANCED,4,var_87,-0.10917269438505173,0.10917269438505173,-1,False,32,True
LR-SELECTED-BALANCED,4,var_88,-0.06936034560203552,0.06936034560203552,-1,False,32,True
LR-SELECTED-BALANCED,4,var_89,0.1389356255531311,0.1389356255531311,1,False,32,True
LR-SELECTED-BALANCED,4,var_90,0.09789229184389114,0.09789229184389114,1,False,32,True
LR-SELECTED-BALANCED,4,var_91,0.121758371591568,0.121758371591568,1,False,32,True
LR-SELECTED-BALANCED,4,var_92,-0.14277195930480957,0.14277195930480957,-1,False,32,True
LR-SELECTED-BALANCED,4,var_93,-0.0974193885922432,0.0974193885922432,-1,False,32,True
LR-SELECTED-BALANCED,4,var_94,0.16248618066310883,0.16248618066310883,1,False,32,True
LR-SELECTED-BALANCED,4,var_95,0.12841448187828064,0.12841448187828064,1,False,32,True
LR-SELECTED-BALANCED,4,var_96,-0.0001854615256888792,0.0001854615256888792,-1,False,32,True
LR-SELECTED-BALANCED,4,var_97,0.06059453263878822,0.06059453263878822,1,False,32,True
LR-SELECTED-BALANCED,4,var_98,-0.014575567096471786,0.014575567096471786,-1,False,32,True
LR-SELECTED-BALANCED,4,var_99,0.19255457818508148,0.19255457818508148,1,False,32,True
LR-SELECTED-BALANCED,4,var_100,0.006713300012052059,0.006713300012052059,1,False,32,True
LR-SELECTED-BALANCED,4,var_101,-0.023262662813067436,0.023262662813067436,-1,False,32,True
LR-SELECTED-BALANCED,4,var_102,-0.055776841938495636,0.055776841938495636,-1,False,32,True
LR-SELECTED-BALANCED,4,var_103,0.00219533103518188,0.00219533103518188,1,False,32,True
LR-SELECTED-BALANCED,4,var_104,-0.08950451016426086,0.08950451016426086,-1,False,32,True
LR-SELECTED-BALANCED,4,var_105,0.07802780717611313,0.07802780717611313,1,False,32,True
LR-SELECTED-BALANCED,4,var_106,0.10308573395013809,0.10308573395013809,1,False,32,True
LR-SELECTED-BALANCED,4,var_107,-0.14003223180770874,0.14003223180770874,-1,False,32,True
LR-SELECTED-BALANCED,4,var_108,-0.1396304965019226,0.1396304965019226,-1,False,32,True
LR-SELECTED-BALANCED,4,var_109,-0.1609460860490799,0.1609460860490799,-1,False,32,True
LR-SELECTED-BALANCED,4,var_110,0.20488080382347107,0.20488080382347107,1,False,32,True
LR-SELECTED-BALANCED,4,var_111,0.08696673810482025,0.08696673810482025,1,False,32,True
LR-SELECTED-BALANCED,4,var_112,0.07861805707216263,0.07861805707216263,1,False,32,True
LR-SELECTED-BALANCED,4,var_113,-0.05601147934794426,0.05601147934794426,-1,False,32,True
LR-SELECTED-BALANCED,4,var_114,-0.07739312946796417,0.07739312946796417,-1,False,32,True
LR-SELECTED-BALANCED,4,var_115,-0.15898868441581726,0.15898868441581726,-1,False,32,True
LR-SELECTED-BALANCED,4,var_116,-0.0577416718006134,0.0577416718006134,-1,False,32,True
LR-SELECTED-BALANCED,4,var_117,0.0050935931503772736,0.0050935931503772736,1,False,32,True
LR-SELECTED-BALANCED,4,var_118,0.14374428987503052,0.14374428987503052,1,False,32,True
LR-SELECTED-BALANCED,4,var_119,0.09024371206760406,0.09024371206760406,1,False,32,True
LR-SELECTED-BALANCED,4,var_120,-0.043760430067777634,0.043760430067777634,-1,False,32,True
LR-SELECTED-BALANCED,4,var_121,-0.12550029158592224,0.12550029158592224,-1,False,32,True
LR-SELECTED-BALANCED,4,var_122,-0.1313604712486267,0.1313604712486267,-1,False,32,True
LR-SELECTED-BALANCED,4,var_123,-0.1106792613863945,0.1106792613863945,-1,False,32,True
LR-SELECTED-BALANCED,4,var_124,0.018452538177371025,0.018452538177371025,1,False,32,True
LR-SELECTED-BALANCED,4,var_125,0.08402995765209198,0.08402995765209198,1,False,32,True
LR-SELECTED-BALANCED,4,var_126,0.018559768795967102,0.018559768795967102,1,False,32,True
LR-SELECTED-BALANCED,4,var_127,-0.12089448422193527,0.12089448422193527,-1,False,32,True
LR-SELECTED-BALANCED,4,var_128,0.08369859308004379,0.08369859308004379,1,False,32,True
LR-SELECTED-BALANCED,4,var_129,-0.035788606852293015,0.035788606852293015,-1,False,32,True
LR-SELECTED-BALANCED,4,var_130,0.10832761228084564,0.10832761228084564,1,False,32,True
LR-SELECTED-BALANCED,4,var_131,-0.09834030270576477,0.09834030270576477,-1,False,32,True
LR-SELECTED-BALANCED,4,var_132,-0.1052987277507782,0.1052987277507782,-1,False,32,True
LR-SELECTED-BALANCED,4,var_133,0.16882897913455963,0.16882897913455963,1,False,32,True
LR-SELECTED-BALANCED,4,var_134,0.056927114725112915,0.056927114725112915,1,False,32,True
LR-SELECTED-BALANCED,4,var_135,0.09816507995128632,0.09816507995128632,1,False,32,True
LR-SELECTED-BALANCED,4,var_136,-0.02366754412651062,0.02366754412651062,-1,False,32,True
LR-SELECTED-BALANCED,4,var_137,0.09245043247938156,0.09245043247938156,1,False,32,True
LR-SELECTED-BALANCED,4,var_138,0.05410158634185791,0.05410158634185791,1,False,32,True
LR-SELECTED-BALANCED,4,var_139,-0.23154497146606445,0.23154497146606445,-1,False,32,True
LR-SELECTED-BALANCED,4,var_140,0.05419144406914711,0.05419144406914711,1,False,32,True
LR-SELECTED-BALANCED,4,var_141,-0.10830391198396683,0.10830391198396683,-1,False,32,True
LR-SELECTED-BALANCED,4,var_142,-0.0682152733206749,0.0682152733206749,-1,False,32,True
LR-SELECTED-BALANCED,4,var_143,-0.030947420746088028,0.030947420746088028,-1,False,32,True
LR-SELECTED-BALANCED,4,var_144,0.07421983033418655,0.07421983033418655,1,False,32,True
LR-SELECTED-BALANCED,4,var_145,0.09939797222614288,0.09939797222614288,1,False,32,True
LR-SELECTED-BALANCED,4,var_146,-0.20213285088539124,0.20213285088539124,-1,False,32,True
LR-SELECTED-BALANCED,4,var_147,0.12918561697006226,0.12918561697006226,1,False,32,True
LR-SELECTED-BALANCED,4,var_148,-0.16344529390335083,0.16344529390335083,-1,False,32,True
LR-SELECTED-BALANCED,4,var_149,-0.15445229411125183,0.15445229411125183,-1,False,32,True
LR-SELECTED-BALANCED,4,var_150,-0.10226685553789139,0.10226685553789139,-1,False,32,True
LR-SELECTED-BALANCED,4,var_151,0.08519204705953598,0.08519204705953598,1,False,32,True
LR-SELECTED-BALANCED,4,var_152,-0.04463186115026474,0.04463186115026474,-1,False,32,True
LR-SELECTED-BALANCED,4,var_153,-0.01751595549285412,0.01751595549285412,-1,False,32,True
LR-SELECTED-BALANCED,4,var_154,-0.147195965051651,0.147195965051651,-1,False,32,True
LR-SELECTED-BALANCED,4,var_155,0.12444590777158737,0.12444590777158737,1,False,32,True
LR-SELECTED-BALANCED,4,var_156,-0.06351818144321442,0.06351818144321442,-1,False,32,True
LR-SELECTED-BALANCED,4,var_157,0.08663801848888397,0.08663801848888397,1,False,32,True
LR-SELECTED-BALANCED,4,var_158,-0.009333753027021885,0.009333753027021885,-1,False,32,True
LR-SELECTED-BALANCED,4,var_159,0.049536071717739105,0.049536071717739105,1,False,32,True
LR-SELECTED-BALANCED,4,var_160,-0.009628680534660816,0.009628680534660816,-1,False,32,True
LR-SELECTED-BALANCED,4,var_161,0.014065883122384548,0.014065883122384548,1,False,32,True
LR-SELECTED-BALANCED,4,var_162,0.11368392407894135,0.11368392407894135,1,False,32,True
LR-SELECTED-BALANCED,4,var_163,0.10720695555210114,0.10720695555210114,1,False,32,True
LR-SELECTED-BALANCED,4,var_164,0.11801038682460785,0.11801038682460785,1,False,32,True
LR-SELECTED-BALANCED,4,var_165,-0.1694106012582779,0.1694106012582779,-1,False,32,True
LR-SELECTED-BALANCED,4,var_166,-0.1664673089981079,0.1664673089981079,-1,False,32,True
LR-SELECTED-BALANCED,4,var_167,0.09011480212211609,0.09011480212211609,1,False,32,True
LR-SELECTED-BALANCED,4,var_168,0.04660305753350258,0.04660305753350258,1,False,32,True
LR-SELECTED-BALANCED,4,var_169,-0.15736287832260132,0.15736287832260132,-1,False,32,True
LR-SELECTED-BALANCED,4,var_170,0.15520165860652924,0.15520165860652924,1,False,32,True
LR-SELECTED-BALANCED,4,var_171,0.055834848433732986,0.055834848433732986,1,False,32,True
LR-SELECTED-BALANCED,4,var_172,-0.12697069346904755,0.12697069346904755,-1,False,32,True
LR-SELECTED-BALANCED,4,var_173,0.13885925710201263,0.13885925710201263,1,False,32,True
LR-SELECTED-BALANCED,4,var_174,-0.1898299902677536,0.1898299902677536,-1,False,32,True
LR-SELECTED-BALANCED,4,var_175,0.08719998598098755,0.08719998598098755,1,False,32,True
LR-SELECTED-BALANCED,4,var_176,0.04123620688915253,0.04123620688915253,1,False,32,True
LR-SELECTED-BALANCED,4,var_177,-0.11758466809988022,0.11758466809988022,-1,False,32,True
LR-SELECTED-BALANCED,4,var_178,-0.049898162484169006,0.049898162484169006,-1,False,32,True
LR-SELECTED-BALANCED,4,var_179,0.14275389909744263,0.14275389909744263,1,False,32,True
LR-SELECTED-BALANCED,4,var_180,0.09541020542383194,0.09541020542383194,1,False,32,True
LR-SELECTED-BALANCED,4,var_181,0.03814943507313728,0.03814943507313728,1,False,32,True
LR-SELECTED-BALANCED,4,var_182,-0.03668671473860741,0.03668671473860741,-1,False,32,True
LR-SELECTED-BALANCED,4,var_183,-0.014617012813687325,0.014617012813687325,-1,False,32,True
LR-SELECTED-BALANCED,4,var_184,0.1466316431760788,0.1466316431760788,1,False,32,True
LR-SELECTED-BALANCED,4,var_185,0.0052285827696323395,0.0052285827696323395,1,False,32,True
LR-SELECTED-BALANCED,4,var_186,-0.08576752245426178,0.08576752245426178,-1,False,32,True
LR-SELECTED-BALANCED,4,var_187,0.05330627039074898,0.05330627039074898,1,False,32,True
LR-SELECTED-BALANCED,4,var_188,-0.12032175809144974,0.12032175809144974,-1,False,32,True
LR-SELECTED-BALANCED,4,var_189,0.002653080504387617,0.002653080504387617,1,False,32,True
LR-SELECTED-BALANCED,4,var_190,0.18195682764053345,0.18195682764053345,1,False,32,True
LR-SELECTED-BALANCED,4,var_191,0.14510712027549744,0.14510712027549744,1,False,32,True
LR-SELECTED-BALANCED,4,var_192,-0.1382390260696411,0.1382390260696411,-1,False,32,True
LR-SELECTED-BALANCED,4,var_193,-0.06044568866491318,0.06044568866491318,-1,False,32,True
LR-SELECTED-BALANCED,4,var_194,-0.06748895347118378,0.06748895347118378,-1,False,32,True
LR-SELECTED-BALANCED,4,var_195,0.09880159050226212,0.09880159050226212,1,False,32,True
LR-SELECTED-BALANCED,4,var_196,0.07188203185796738,0.07188203185796738,1,False,32,True
LR-SELECTED-BALANCED,4,var_197,-0.1205420196056366,0.1205420196056366,-1,False,32,True
LR-SELECTED-BALANCED,4,var_198,-0.1726919710636139,0.1726919710636139,-1,False,32,True
LR-SELECTED-BALANCED,4,var_199,0.08984532952308655,0.08984532952308655,1,False,32,True
LR-SELECTED-BALANCED,5,var_0,0.15380577743053436,0.15380577743053436,1,False,31,True
LR-SELECTED-BALANCED,5,var_1,0.1642659455537796,0.1642659455537796,1,False,31,True
LR-SELECTED-BALANCED,5,var_2,0.15627184510231018,0.15627184510231018,1,False,31,True
LR-SELECTED-BALANCED,5,var_3,0.03335881233215332,0.03335881233215332,1,False,31,True
LR-SELECTED-BALANCED,5,var_4,0.03330666571855545,0.03330666571855545,1,False,31,True
LR-SELECTED-BALANCED,5,var_5,0.12245000153779984,0.12245000153779984,1,False,31,True
LR-SELECTED-BALANCED,5,var_6,0.21691469848155975,0.21691469848155975,1,False,31,True
LR-SELECTED-BALANCED,5,var_7,-0.025495009496808052,0.025495009496808052,-1,False,31,True
LR-SELECTED-BALANCED,5,var_8,0.06398431956768036,0.06398431956768036,1,False,31,True
LR-SELECTED-BALANCED,5,var_9,-0.13349871337413788,0.13349871337413788,-1,False,31,True
LR-SELECTED-BALANCED,5,var_10,-0.010590379126369953,0.010590379126369953,-1,False,31,True
LR-SELECTED-BALANCED,5,var_11,0.08624671399593353,0.08624671399593353,1,False,31,True
LR-SELECTED-BALANCED,5,var_12,-0.21033897995948792,0.21033897995948792,-1,False,31,True
LR-SELECTED-BALANCED,5,var_13,-0.1719067394733429,0.1719067394733429,-1,False,31,True
LR-SELECTED-BALANCED,5,var_14,-0.011786884628236294,0.011786884628236294,-1,False,31,True
LR-SELECTED-BALANCED,5,var_15,0.06274554133415222,0.06274554133415222,1,False,31,True
LR-SELECTED-BALANCED,5,var_16,0.006419312674552202,0.006419312674552202,1,False,31,True
LR-SELECTED-BALANCED,5,var_17,0.0022077385801821947,0.0022077385801821947,1,False,31,True
LR-SELECTED-BALANCED,5,var_18,0.11904029548168182,0.11904029548168182,1,False,31,True
LR-SELECTED-BALANCED,5,var_19,0.03484155982732773,0.03484155982732773,1,False,31,True
LR-SELECTED-BALANCED,5,var_20,-0.06677208840847015,0.06677208840847015,-1,False,31,True
LR-SELECTED-BALANCED,5,var_21,-0.19160501658916473,0.19160501658916473,-1,False,31,True
LR-SELECTED-BALANCED,5,var_22,0.18729335069656372,0.18729335069656372,1,False,31,True
LR-SELECTED-BALANCED,5,var_23,-0.096713587641716,0.096713587641716,-1,False,31,True
LR-SELECTED-BALANCED,5,var_24,0.08005684614181519,0.08005684614181519,1,False,31,True
LR-SELECTED-BALANCED,5,var_25,0.0649971142411232,0.0649971142411232,1,False,31,True
LR-SELECTED-BALANCED,5,var_26,0.19503770768642426,0.19503770768642426,1,False,31,True
LR-SELECTED-BALANCED,5,var_27,-0.005484350025653839,0.005484350025653839,-1,False,31,True
LR-SELECTED-BALANCED,5,var_28,-0.07301828265190125,0.07301828265190125,-1,False,31,True
LR-SELECTED-BALANCED,5,var_29,0.013610194437205791,0.013610194437205791,1,False,31,True
LR-SELECTED-BALANCED,5,var_30,0.001724479952827096,0.001724479952827096,1,False,31,True
LR-SELECTED-BALANCED,5,var_31,-0.08715140074491501,0.08715140074491501,-1,False,31,True
LR-SELECTED-BALANCED,5,var_32,0.10106686502695084,0.10106686502695084,1,False,31,True
LR-SELECTED-BALANCED,5,var_33,-0.16531865298748016,0.16531865298748016,-1,False,31,True
LR-SELECTED-BALANCED,5,var_34,-0.18559041619300842,0.18559041619300842,-1,False,31,True
LR-SELECTED-BALANCED,5,var_35,0.10745147615671158,0.10745147615671158,1,False,31,True
LR-SELECTED-BALANCED,5,var_36,-0.13151490688323975,0.13151490688323975,-1,False,31,True
LR-SELECTED-BALANCED,5,var_37,0.017814289778470993,0.017814289778470993,1,False,31,True
LR-SELECTED-BALANCED,5,var_38,0.01710246503353119,0.01710246503353119,1,False,31,True
LR-SELECTED-BALANCED,5,var_39,-0.027722174301743507,0.027722174301743507,-1,False,31,True
LR-SELECTED-BALANCED,5,var_40,0.16680854558944702,0.16680854558944702,1,False,31,True
LR-SELECTED-BALANCED,5,var_41,-0.005718734581023455,0.005718734581023455,-1,False,31,True
LR-SELECTED-BALANCED,5,var_42,-0.04412013292312622,0.04412013292312622,-1,False,31,True
LR-SELECTED-BALANCED,5,var_43,-0.09740620106458664,0.09740620106458664,-1,False,31,True
LR-SELECTED-BALANCED,5,var_44,-0.15948815643787384,0.15948815643787384,-1,False,31,True
LR-SELECTED-BALANCED,5,var_45,-0.07049655169248581,0.07049655169248581,-1,False,31,True
LR-SELECTED-BALANCED,5,var_46,0.014403543435037136,0.014403543435037136,1,False,31,True
LR-SELECTED-BALANCED,5,var_47,0.027974775061011314,0.027974775061011314,1,False,31,True
LR-SELECTED-BALANCED,5,var_48,0.10507594794034958,0.10507594794034958,1,False,31,True
LR-SELECTED-BALANCED,5,var_49,0.09471802413463593,0.09471802413463593,1,False,31,True
LR-SELECTED-BALANCED,5,var_50,-0.04774768278002739,0.04774768278002739,-1,False,31,True
LR-SELECTED-BALANCED,5,var_51,0.07990904152393341,0.07990904152393341,1,False,31,True
LR-SELECTED-BALANCED,5,var_52,0.09450998157262802,0.09450998157262802,1,False,31,True
LR-SELECTED-BALANCED,5,var_53,0.20918989181518555,0.20918989181518555,1,False,31,True
LR-SELECTED-BALANCED,5,var_54,-0.040920671075582504,0.040920671075582504,-1,False,31,True
LR-SELECTED-BALANCED,5,var_55,0.0637534037232399,0.0637534037232399,1,False,31,True
LR-SELECTED-BALANCED,5,var_56,-0.09430171549320221,0.09430171549320221,-1,False,31,True
LR-SELECTED-BALANCED,5,var_57,-0.056061916053295135,0.056061916053295135,-1,False,31,True
LR-SELECTED-BALANCED,5,var_58,-0.08050069212913513,0.08050069212913513,-1,False,31,True
LR-SELECTED-BALANCED,5,var_59,-0.046603452414274216,0.046603452414274216,-1,False,31,True
LR-SELECTED-BALANCED,5,var_60,0.03831548988819122,0.03831548988819122,1,False,31,True
LR-SELECTED-BALANCED,5,var_61,0.027912817895412445,0.027912817895412445,1,False,31,True
LR-SELECTED-BALANCED,5,var_62,0.0561467781662941,0.0561467781662941,1,False,31,True
LR-SELECTED-BALANCED,5,var_63,-0.05034592002630234,0.05034592002630234,-1,False,31,True
LR-SELECTED-BALANCED,5,var_64,-0.04501306265592575,0.04501306265592575,-1,False,31,True
LR-SELECTED-BALANCED,5,var_65,0.03439406678080559,0.03439406678080559,1,False,31,True
LR-SELECTED-BALANCED,5,var_66,0.07087396830320358,0.07087396830320358,1,False,31,True
LR-SELECTED-BALANCED,5,var_67,0.1517985314130783,0.1517985314130783,1,False,31,True
LR-SELECTED-BALANCED,5,var_68,-0.04812689498066902,0.04812689498066902,-1,False,31,True
LR-SELECTED-BALANCED,5,var_69,0.026955192908644676,0.026955192908644676,1,False,31,True
LR-SELECTED-BALANCED,5,var_70,0.0875038206577301,0.0875038206577301,1,False,31,True
LR-SELECTED-BALANCED,5,var_71,0.10778108984231949,0.10778108984231949,1,False,31,True
LR-SELECTED-BALANCED,5,var_72,-0.05390670523047447,0.05390670523047447,-1,False,31,True
LR-SELECTED-BALANCED,5,var_73,-0.017215151339769363,0.017215151339769363,-1,False,31,True
LR-SELECTED-BALANCED,5,var_74,0.06071048974990845,0.06071048974990845,1,False,31,True
LR-SELECTED-BALANCED,5,var_75,-0.1276761293411255,0.1276761293411255,-1,False,31,True
LR-SELECTED-BALANCED,5,var_76,-0.19707466661930084,0.19707466661930084,-1,False,31,True
LR-SELECTED-BALANCED,5,var_77,-0.054640959948301315,0.054640959948301315,-1,False,31,True
LR-SELECTED-BALANCED,5,var_78,0.15884071588516235,0.15884071588516235,1,False,31,True
LR-SELECTED-BALANCED,5,var_79,0.012371894903481007,0.012371894903481007,1,False,31,True
LR-SELECTED-BALANCED,5,var_80,-0.17319579422473907,0.17319579422473907,-1,False,31,True
LR-SELECTED-BALANCED,5,var_81,-0.23616579174995422,0.23616579174995422,-1,False,31,True
LR-SELECTED-BALANCED,5,var_82,0.07472141832113266,0.07472141832113266,1,False,31,True
LR-SELECTED-BALANCED,5,var_83,-0.07351663708686829,0.07351663708686829,-1,False,31,True
LR-SELECTED-BALANCED,5,var_84,0.03263140469789505,0.03263140469789505,1,False,31,True
LR-SELECTED-BALANCED,5,var_85,-0.07705394923686981,0.07705394923686981,-1,False,31,True
LR-SELECTED-BALANCED,5,var_86,-0.12031395733356476,0.12031395733356476,-1,False,31,True
LR-SELECTED-BALANCED,5,var_87,-0.11845548450946808,0.11845548450946808,-1,False,31,True
LR-SELECTED-BALANCED,5,var_88,-0.06786345690488815,0.06786345690488815,-1,False,31,True
LR-SELECTED-BALANCED,5,var_89,0.13462236523628235,0.13462236523628235,1,False,31,True
LR-SELECTED-BALANCED,5,var_90,0.0888085588812828,0.0888085588812828,1,False,31,True
LR-SELECTED-BALANCED,5,var_91,0.12173726409673691,0.12173726409673691,1,False,31,True
LR-SELECTED-BALANCED,5,var_92,-0.1375032216310501,0.1375032216310501,-1,False,31,True
LR-SELECTED-BALANCED,5,var_93,-0.10525520890951157,0.10525520890951157,-1,False,31,True
LR-SELECTED-BALANCED,5,var_94,0.15953081846237183,0.15953081846237183,1,False,31,True
LR-SELECTED-BALANCED,5,var_95,0.11669274419546127,0.11669274419546127,1,False,31,True
LR-SELECTED-BALANCED,5,var_96,0.0014788166154175997,0.0014788166154175997,1,False,31,True
LR-SELECTED-BALANCED,5,var_97,0.05652743577957153,0.05652743577957153,1,False,31,True
LR-SELECTED-BALANCED,5,var_98,-0.017116287723183632,0.017116287723183632,-1,False,31,True
LR-SELECTED-BALANCED,5,var_99,0.18454912304878235,0.18454912304878235,1,False,31,True
LR-SELECTED-BALANCED,5,var_100,-0.00378015567548573,0.00378015567548573,-1,False,31,True
LR-SELECTED-BALANCED,5,var_101,-0.024068767204880714,0.024068767204880714,-1,False,31,True
LR-SELECTED-BALANCED,5,var_102,-0.07111676037311554,0.07111676037311554,-1,False,31,True
LR-SELECTED-BALANCED,5,var_103,-0.002413301495835185,0.002413301495835185,-1,False,31,True
LR-SELECTED-BALANCED,5,var_104,-0.08575480431318283,0.08575480431318283,-1,False,31,True
LR-SELECTED-BALANCED,5,var_105,0.0766456201672554,0.0766456201672554,1,False,31,True
LR-SELECTED-BALANCED,5,var_106,0.09656567871570587,0.09656567871570587,1,False,31,True
LR-SELECTED-BALANCED,5,var_107,-0.12431347370147705,0.12431347370147705,-1,False,31,True
LR-SELECTED-BALANCED,5,var_108,-0.1265755146741867,0.1265755146741867,-1,False,31,True
LR-SELECTED-BALANCED,5,var_109,-0.1605052500963211,0.1605052500963211,-1,False,31,True
LR-SELECTED-BALANCED,5,var_110,0.20909465849399567,0.20909465849399567,1,False,31,True
LR-SELECTED-BALANCED,5,var_111,0.08706951886415482,0.08706951886415482,1,False,31,True
LR-SELECTED-BALANCED,5,var_112,0.07942505925893784,0.07942505925893784,1,False,31,True
LR-SELECTED-BALANCED,5,var_113,-0.04812438040971756,0.04812438040971756,-1,False,31,True
LR-SELECTED-BALANCED,5,var_114,-0.08465078473091125,0.08465078473091125,-1,False,31,True
LR-SELECTED-BALANCED,5,var_115,-0.14814525842666626,0.14814525842666626,-1,False,31,True
LR-SELECTED-BALANCED,5,var_116,-0.07578402757644653,0.07578402757644653,-1,False,31,True
LR-SELECTED-BALANCED,5,var_117,-0.00043188215931877494,0.00043188215931877494,-1,False,31,True
LR-SELECTED-BALANCED,5,var_118,0.13648395240306854,0.13648395240306854,1,False,31,True
LR-SELECTED-BALANCED,5,var_119,0.0994647741317749,0.0994647741317749,1,False,31,True
LR-SELECTED-BALANCED,5,var_120,-0.038631364703178406,0.038631364703178406,-1,False,31,True
LR-SELECTED-BALANCED,5,var_121,-0.1275131106376648,0.1275131106376648,-1,False,31,True
LR-SELECTED-BALANCED,5,var_122,-0.13434575498104095,0.13434575498104095,-1,False,31,True
LR-SELECTED-BALANCED,5,var_123,-0.10617005079984665,0.10617005079984665,-1,False,31,True
LR-SELECTED-BALANCED,5,var_124,0.02103269286453724,0.02103269286453724,1,False,31,True
LR-SELECTED-BALANCED,5,var_125,0.09306396543979645,0.09306396543979645,1,False,31,True
LR-SELECTED-BALANCED,5,var_126,0.019163932651281357,0.019163932651281357,1,False,31,True
LR-SELECTED-BALANCED,5,var_127,-0.12675590813159943,0.12675590813159943,-1,False,31,True
LR-SELECTED-BALANCED,5,var_128,0.08996157348155975,0.08996157348155975,1,False,31,True
LR-SELECTED-BALANCED,5,var_129,-0.02326864004135132,0.02326864004135132,-1,False,31,True
LR-SELECTED-BALANCED,5,var_130,0.10628774017095566,0.10628774017095566,1,False,31,True
LR-SELECTED-BALANCED,5,var_131,-0.11042245477437973,0.11042245477437973,-1,False,31,True
LR-SELECTED-BALANCED,5,var_132,-0.08621343225240707,0.08621343225240707,-1,False,31,True
LR-SELECTED-BALANCED,5,var_133,0.1618298441171646,0.1618298441171646,1,False,31,True
LR-SELECTED-BALANCED,5,var_134,0.059939976781606674,0.059939976781606674,1,False,31,True
LR-SELECTED-BALANCED,5,var_135,0.07589691877365112,0.07589691877365112,1,False,31,True
LR-SELECTED-BALANCED,5,var_136,-0.01760767214000225,0.01760767214000225,-1,False,31,True
LR-SELECTED-BALANCED,5,var_137,0.09337765723466873,0.09337765723466873,1,False,31,True
LR-SELECTED-BALANCED,5,var_138,0.060050465166568756,0.060050465166568756,1,False,31,True
LR-SELECTED-BALANCED,5,var_139,-0.23265919089317322,0.23265919089317322,-1,False,31,True
LR-SELECTED-BALANCED,5,var_140,0.054801009595394135,0.054801009595394135,1,False,31,True
LR-SELECTED-BALANCED,5,var_141,-0.10128127783536911,0.10128127783536911,-1,False,31,True
LR-SELECTED-BALANCED,5,var_142,-0.0768899917602539,0.0768899917602539,-1,False,31,True
LR-SELECTED-BALANCED,5,var_143,-0.025076545774936676,0.025076545774936676,-1,False,31,True
LR-SELECTED-BALANCED,5,var_144,0.06549514085054398,0.06549514085054398,1,False,31,True
LR-SELECTED-BALANCED,5,var_145,0.10457497835159302,0.10457497835159302,1,False,31,True
LR-SELECTED-BALANCED,5,var_146,-0.20474690198898315,0.20474690198898315,-1,False,31,True
LR-SELECTED-BALANCED,5,var_147,0.13651634752750397,0.13651634752750397,1,False,31,True
LR-SELECTED-BALANCED,5,var_148,-0.15563684701919556,0.15563684701919556,-1,False,31,True
LR-SELECTED-BALANCED,5,var_149,-0.14460614323616028,0.14460614323616028,-1,False,31,True
LR-SELECTED-BALANCED,5,var_150,-0.10219834744930267,0.10219834744930267,-1,False,31,True
LR-SELECTED-BALANCED,5,var_151,0.08426304906606674,0.08426304906606674,1,False,31,True
LR-SELECTED-BALANCED,5,var_152,-0.042363859713077545,0.042363859713077545,-1,False,31,True
LR-SELECTED-BALANCED,5,var_153,-0.02558741346001625,0.02558741346001625,-1,False,31,True
LR-SELECTED-BALANCED,5,var_154,-0.1511673629283905,0.1511673629283905,-1,False,31,True
LR-SELECTED-BALANCED,5,var_155,0.12639209628105164,0.12639209628105164,1,False,31,True
LR-SELECTED-BALANCED,5,var_156,-0.07002820074558258,0.07002820074558258,-1,False,31,True
LR-SELECTED-BALANCED,5,var_157,0.10895494371652603,0.10895494371652603,1,False,31,True
LR-SELECTED-BALANCED,5,var_158,-0.009139538742601871,0.009139538742601871,-1,False,31,True
LR-SELECTED-BALANCED,5,var_159,0.04354504495859146,0.04354504495859146,1,False,31,True
LR-SELECTED-BALANCED,5,var_160,-0.007080853916704655,0.007080853916704655,-1,False,31,True
LR-SELECTED-BALANCED,5,var_161,0.008945327252149582,0.008945327252149582,1,False,31,True
LR-SELECTED-BALANCED,5,var_162,0.11139494925737381,0.11139494925737381,1,False,31,True
LR-SELECTED-BALANCED,5,var_163,0.10085149854421616,0.10085149854421616,1,False,31,True
LR-SELECTED-BALANCED,5,var_164,0.12469141185283661,0.12469141185283661,1,False,31,True
LR-SELECTED-BALANCED,5,var_165,-0.16477571427822113,0.16477571427822113,-1,False,31,True
LR-SELECTED-BALANCED,5,var_166,-0.18413668870925903,0.18413668870925903,-1,False,31,True
LR-SELECTED-BALANCED,5,var_167,0.09162092953920364,0.09162092953920364,1,False,31,True
LR-SELECTED-BALANCED,5,var_168,0.03775172308087349,0.03775172308087349,1,False,31,True
LR-SELECTED-BALANCED,5,var_169,-0.13728448748588562,0.13728448748588562,-1,False,31,True
LR-SELECTED-BALANCED,5,var_170,0.15959282219409943,0.15959282219409943,1,False,31,True
LR-SELECTED-BALANCED,5,var_171,0.04517228901386261,0.04517228901386261,1,False,31,True
LR-SELECTED-BALANCED,5,var_172,-0.127549409866333,0.127549409866333,-1,False,31,True
LR-SELECTED-BALANCED,5,var_173,0.14488568902015686,0.14488568902015686,1,False,31,True
LR-SELECTED-BALANCED,5,var_174,-0.18313750624656677,0.18313750624656677,-1,False,31,True
LR-SELECTED-BALANCED,5,var_175,0.07972674071788788,0.07972674071788788,1,False,31,True
LR-SELECTED-BALANCED,5,var_176,0.036381322890520096,0.036381322890520096,1,False,31,True
LR-SELECTED-BALANCED,5,var_177,-0.1222710832953453,0.1222710832953453,-1,False,31,True
LR-SELECTED-BALANCED,5,var_178,-0.05474762246012688,0.05474762246012688,-1,False,31,True
LR-SELECTED-BALANCED,5,var_179,0.14824633300304413,0.14824633300304413,1,False,31,True
LR-SELECTED-BALANCED,5,var_180,0.10242821276187897,0.10242821276187897,1,False,31,True
LR-SELECTED-BALANCED,5,var_181,0.04097821190953255,0.04097821190953255,1,False,31,True
LR-SELECTED-BALANCED,5,var_182,-0.034899771213531494,0.034899771213531494,-1,False,31,True
LR-SELECTED-BALANCED,5,var_183,-0.015776796266436577,0.015776796266436577,-1,False,31,True
LR-SELECTED-BALANCED,5,var_184,0.15669013559818268,0.15669013559818268,1,False,31,True
LR-SELECTED-BALANCED,5,var_185,0.0069538261741399765,0.0069538261741399765,1,False,31,True
LR-SELECTED-BALANCED,5,var_186,-0.09605000168085098,0.09605000168085098,-1,False,31,True
LR-SELECTED-BALANCED,5,var_187,0.057528164237737656,0.057528164237737656,1,False,31,True
LR-SELECTED-BALANCED,5,var_188,-0.12026651203632355,0.12026651203632355,-1,False,31,True
LR-SELECTED-BALANCED,5,var_189,0.017268231138586998,0.017268231138586998,1,False,31,True
LR-SELECTED-BALANCED,5,var_190,0.18404564261436462,0.18404564261436462,1,False,31,True
LR-SELECTED-BALANCED,5,var_191,0.14068222045898438,0.14068222045898438,1,False,31,True
LR-SELECTED-BALANCED,5,var_192,-0.14769551157951355,0.14769551157951355,-1,False,31,True
LR-SELECTED-BALANCED,5,var_193,-0.05275255814194679,0.05275255814194679,-1,False,31,True
LR-SELECTED-BALANCED,5,var_194,-0.06789802759885788,0.06789802759885788,-1,False,31,True
LR-SELECTED-BALANCED,5,var_195,0.10285316407680511,0.10285316407680511,1,False,31,True
LR-SELECTED-BALANCED,5,var_196,0.056597307324409485,0.056597307324409485,1,False,31,True
LR-SELECTED-BALANCED,5,var_197,-0.1177084669470787,0.1177084669470787,-1,False,31,True
LR-SELECTED-BALANCED,5,var_198,-0.15557138621807098,0.15557138621807098,-1,False,31,True
LR-SELECTED-BALANCED,5,var_199,0.08673696964979172,0.08673696964979172,1,False,31,True
LR-L1-WEAK-REG,1,var_0,0.15950998663902283,0.15950998663902283,1,False,22,True
LR-L1-WEAK-REG,1,var_1,0.15842796862125397,0.15842796862125397,1,False,22,True
LR-L1-WEAK-REG,1,var_2,0.1754908561706543,0.1754908561706543,1,False,22,True
LR-L1-WEAK-REG,1,var_3,0.037218328565359116,0.037218328565359116,1,False,22,True
LR-L1-WEAK-REG,1,var_4,0.04178806021809578,0.04178806021809578,1,False,22,True
LR-L1-WEAK-REG,1,var_5,0.09916794300079346,0.09916794300079346,1,False,22,True
LR-L1-WEAK-REG,1,var_6,0.22040800750255585,0.22040800750255585,1,False,22,True
LR-L1-WEAK-REG,1,var_7,-0.0071690138429403305,0.0071690138429403305,-1,False,22,True
LR-L1-WEAK-REG,1,var_8,0.06646382063627243,0.06646382063627243,1,False,22,True
LR-L1-WEAK-REG,1,var_9,-0.13305240869522095,0.13305240869522095,-1,False,22,True
LR-L1-WEAK-REG,1,var_10,-0.009715963155031204,0.009715963155031204,-1,False,22,True
LR-L1-WEAK-REG,1,var_11,0.08165786415338516,0.08165786415338516,1,False,22,True
LR-L1-WEAK-REG,1,var_12,-0.21831455826759338,0.21831455826759338,-1,False,22,True
LR-L1-WEAK-REG,1,var_13,-0.1798112988471985,0.1798112988471985,-1,False,22,True
LR-L1-WEAK-REG,1,var_14,-0.015517003834247589,0.015517003834247589,-1,False,22,True
LR-L1-WEAK-REG,1,var_15,0.064060278236866,0.064060278236866,1,False,22,True
LR-L1-WEAK-REG,1,var_16,0.01308682095259428,0.01308682095259428,1,False,22,True
LR-L1-WEAK-REG,1,var_17,0.007635583635419607,0.007635583635419607,1,False,22,True
LR-L1-WEAK-REG,1,var_18,0.1337212175130844,0.1337212175130844,1,False,22,True
LR-L1-WEAK-REG,1,var_19,0.02909010462462902,0.02909010462462902,1,False,22,True
LR-L1-WEAK-REG,1,var_20,-0.05760704353451729,0.05760704353451729,-1,False,22,True
LR-L1-WEAK-REG,1,var_21,-0.19287057220935822,0.19287057220935822,-1,False,22,True
LR-L1-WEAK-REG,1,var_22,0.1996837705373764,0.1996837705373764,1,False,22,True
LR-L1-WEAK-REG,1,var_23,-0.09443710744380951,0.09443710744380951,-1,False,22,True
LR-L1-WEAK-REG,1,var_24,0.08985742926597595,0.08985742926597595,1,False,22,True
LR-L1-WEAK-REG,1,var_25,0.041754767298698425,0.041754767298698425,1,False,22,True
LR-L1-WEAK-REG,1,var_26,0.21002118289470673,0.21002118289470673,1,False,22,True
LR-L1-WEAK-REG,1,var_27,-0.010669900104403496,0.010669900104403496,-1,False,22,True
LR-L1-WEAK-REG,1,var_28,-0.07615112513303757,0.07615112513303757,-1,False,22,True
LR-L1-WEAK-REG,1,var_29,0.016061948612332344,0.016061948612332344,1,False,22,True
LR-L1-WEAK-REG,1,var_30,-9.989771933760494e-05,9.989771933760494e-05,-1,False,22,True
LR-L1-WEAK-REG,1,var_31,-0.0849786102771759,0.0849786102771759,-1,False,22,True
LR-L1-WEAK-REG,1,var_32,0.1015070304274559,0.1015070304274559,1,False,22,True
LR-L1-WEAK-REG,1,var_33,-0.1500677913427353,0.1500677913427353,-1,False,22,True
LR-L1-WEAK-REG,1,var_34,-0.18328998982906342,0.18328998982906342,-1,False,22,True
LR-L1-WEAK-REG,1,var_35,0.11647742986679077,0.11647742986679077,1,False,22,True
LR-L1-WEAK-REG,1,var_36,-0.12474559247493744,0.12474559247493744,-1,False,22,True
LR-L1-WEAK-REG,1,var_37,0.03069428540766239,0.03069428540766239,1,False,22,True
LR-L1-WEAK-REG,1,var_38,0.010870656929910183,0.010870656929910183,1,False,22,True
LR-L1-WEAK-REG,1,var_39,-0.02052123285830021,0.02052123285830021,-1,False,22,True
LR-L1-WEAK-REG,1,var_40,0.17541709542274475,0.17541709542274475,1,False,22,True
LR-L1-WEAK-REG,1,var_41,0.0023746115621179342,0.0023746115621179342,1,False,22,True
LR-L1-WEAK-REG,1,var_42,-0.029898736625909805,0.029898736625909805,-1,False,22,True
LR-L1-WEAK-REG,1,var_43,-0.09781582653522491,0.09781582653522491,-1,False,22,True
LR-L1-WEAK-REG,1,var_44,-0.17039687931537628,0.17039687931537628,-1,False,22,True
LR-L1-WEAK-REG,1,var_45,-0.07737310230731964,0.07737310230731964,-1,False,22,True
LR-L1-WEAK-REG,1,var_46,0.008538313210010529,0.008538313210010529,1,False,22,True
LR-L1-WEAK-REG,1,var_47,0.03371842950582504,0.03371842950582504,1,False,22,True
LR-L1-WEAK-REG,1,var_48,0.10315261036157608,0.10315261036157608,1,False,22,True
LR-L1-WEAK-REG,1,var_49,0.10323156416416168,0.10323156416416168,1,False,22,True
LR-L1-WEAK-REG,1,var_50,-0.05232822522521019,0.05232822522521019,-1,False,22,True
LR-L1-WEAK-REG,1,var_51,0.06444400548934937,0.06444400548934937,1,False,22,True
LR-L1-WEAK-REG,1,var_52,0.0822482705116272,0.0822482705116272,1,False,22,True
LR-L1-WEAK-REG,1,var_53,0.21708141267299652,0.21708141267299652,1,False,22,True
LR-L1-WEAK-REG,1,var_54,-0.04829491302371025,0.04829491302371025,-1,False,22,True
LR-L1-WEAK-REG,1,var_55,0.05601627379655838,0.05601627379655838,1,False,22,True
LR-L1-WEAK-REG,1,var_56,-0.10601701587438583,0.10601701587438583,-1,False,22,True
LR-L1-WEAK-REG,1,var_57,-0.0531548336148262,0.0531548336148262,-1,False,22,True
LR-L1-WEAK-REG,1,var_58,-0.09144139289855957,0.09144139289855957,-1,False,22,True
LR-L1-WEAK-REG,1,var_59,-0.03255877643823624,0.03255877643823624,-1,False,22,True
LR-L1-WEAK-REG,1,var_60,0.0329129584133625,0.0329129584133625,1,False,22,True
LR-L1-WEAK-REG,1,var_61,0.028396910056471825,0.028396910056471825,1,False,22,True
LR-L1-WEAK-REG,1,var_62,0.04871233552694321,0.04871233552694321,1,False,22,True
LR-L1-WEAK-REG,1,var_63,-0.043513666838407516,0.043513666838407516,-1,False,22,True
LR-L1-WEAK-REG,1,var_64,-0.06130914017558098,0.06130914017558098,-1,False,22,True
LR-L1-WEAK-REG,1,var_65,0.04567953199148178,0.04567953199148178,1,False,22,True
LR-L1-WEAK-REG,1,var_66,0.07004538923501968,0.07004538923501968,1,False,22,True
LR-L1-WEAK-REG,1,var_67,0.1433851569890976,0.1433851569890976,1,False,22,True
LR-L1-WEAK-REG,1,var_68,-0.047709669917821884,0.047709669917821884,-1,False,22,True
LR-L1-WEAK-REG,1,var_69,0.01327245682477951,0.01327245682477951,1,False,22,True
LR-L1-WEAK-REG,1,var_70,0.09479014575481415,0.09479014575481415,1,False,22,True
LR-L1-WEAK-REG,1,var_71,0.11207026243209839,0.11207026243209839,1,False,22,True
LR-L1-WEAK-REG,1,var_72,-0.043524496257305145,0.043524496257305145,-1,False,22,True
LR-L1-WEAK-REG,1,var_73,-0.025255154818296432,0.025255154818296432,-1,False,22,True
LR-L1-WEAK-REG,1,var_74,0.06304670125246048,0.06304670125246048,1,False,22,True
LR-L1-WEAK-REG,1,var_75,-0.12787646055221558,0.12787646055221558,-1,False,22,True
LR-L1-WEAK-REG,1,var_76,-0.22447413206100464,0.22447413206100464,-1,False,22,True
LR-L1-WEAK-REG,1,var_77,-0.05508885532617569,0.05508885532617569,-1,False,22,True
LR-L1-WEAK-REG,1,var_78,0.15601879358291626,0.15601879358291626,1,False,22,True
LR-L1-WEAK-REG,1,var_79,0.017286892980337143,0.017286892980337143,1,False,22,True
LR-L1-WEAK-REG,1,var_80,-0.18188011646270752,0.18188011646270752,-1,False,22,True
LR-L1-WEAK-REG,1,var_81,-0.2707505226135254,0.2707505226135254,-1,False,22,True
LR-L1-WEAK-REG,1,var_82,0.08341417461633682,0.08341417461633682,1,False,22,True
LR-L1-WEAK-REG,1,var_83,-0.06192496418952942,0.06192496418952942,-1,False,22,True
LR-L1-WEAK-REG,1,var_84,0.031632084399461746,0.031632084399461746,1,False,22,True
LR-L1-WEAK-REG,1,var_85,-0.05656957998871803,0.05656957998871803,-1,False,22,True
LR-L1-WEAK-REG,1,var_86,-0.12174338102340698,0.12174338102340698,-1,False,22,True
LR-L1-WEAK-REG,1,var_87,-0.11289370059967041,0.11289370059967041,-1,False,22,True
LR-L1-WEAK-REG,1,var_88,-0.07130646705627441,0.07130646705627441,-1,False,22,True
LR-L1-WEAK-REG,1,var_89,0.1404729038476944,0.1404729038476944,1,False,22,True
LR-L1-WEAK-REG,1,var_90,0.09547306597232819,0.09547306597232819,1,False,22,True
LR-L1-WEAK-REG,1,var_91,0.12091246992349625,0.12091246992349625,1,False,22,True
LR-L1-WEAK-REG,1,var_92,-0.16043660044670105,0.16043660044670105,-1,False,22,True
LR-L1-WEAK-REG,1,var_93,-0.11691688001155853,0.11691688001155853,-1,False,22,True
LR-L1-WEAK-REG,1,var_94,0.1627453863620758,0.1627453863620758,1,False,22,True
LR-L1-WEAK-REG,1,var_95,0.13513751327991486,0.13513751327991486,1,False,22,True
LR-L1-WEAK-REG,1,var_96,0.007472656201571226,0.007472656201571226,1,False,22,True
LR-L1-WEAK-REG,1,var_97,0.044879328459501266,0.044879328459501266,1,False,22,True
LR-L1-WEAK-REG,1,var_98,-0.010008673183619976,0.010008673183619976,-1,False,22,True
LR-L1-WEAK-REG,1,var_99,0.20447932183742523,0.20447932183742523,1,False,22,True
LR-L1-WEAK-REG,1,var_100,-0.006047267001122236,0.006047267001122236,-1,False,22,True
LR-L1-WEAK-REG,1,var_101,-0.022362958639860153,0.022362958639860153,-1,False,22,True
LR-L1-WEAK-REG,1,var_102,-0.06429073214530945,0.06429073214530945,-1,False,22,True
LR-L1-WEAK-REG,1,var_103,-0.005929180420935154,0.005929180420935154,-1,False,22,True
LR-L1-WEAK-REG,1,var_104,-0.08403866738080978,0.08403866738080978,-1,False,22,True
LR-L1-WEAK-REG,1,var_105,0.07973404973745346,0.07973404973745346,1,False,22,True
LR-L1-WEAK-REG,1,var_106,0.11432493478059769,0.11432493478059769,1,False,22,True
LR-L1-WEAK-REG,1,var_107,-0.1342814415693283,0.1342814415693283,-1,False,22,True
LR-L1-WEAK-REG,1,var_108,-0.13763003051280975,0.13763003051280975,-1,False,22,True
LR-L1-WEAK-REG,1,var_109,-0.15814650058746338,0.15814650058746338,-1,False,22,True
LR-L1-WEAK-REG,1,var_110,0.216313436627388,0.216313436627388,1,False,22,True
LR-L1-WEAK-REG,1,var_111,0.08445152640342712,0.08445152640342712,1,False,22,True
LR-L1-WEAK-REG,1,var_112,0.0645669624209404,0.0645669624209404,1,False,22,True
LR-L1-WEAK-REG,1,var_113,-0.05162467435002327,0.05162467435002327,-1,False,22,True
LR-L1-WEAK-REG,1,var_114,-0.08072802424430847,0.08072802424430847,-1,False,22,True
LR-L1-WEAK-REG,1,var_115,-0.1582130789756775,0.1582130789756775,-1,False,22,True
LR-L1-WEAK-REG,1,var_116,-0.087899349629879,0.087899349629879,-1,False,22,True
LR-L1-WEAK-REG,1,var_117,0.01133672334253788,0.01133672334253788,1,False,22,True
LR-L1-WEAK-REG,1,var_118,0.13631369173526764,0.13631369173526764,1,False,22,True
LR-L1-WEAK-REG,1,var_119,0.08758874982595444,0.08758874982595444,1,False,22,True
LR-L1-WEAK-REG,1,var_120,-0.03543743118643761,0.03543743118643761,-1,False,22,True
LR-L1-WEAK-REG,1,var_121,-0.12208353728055954,0.12208353728055954,-1,False,22,True
LR-L1-WEAK-REG,1,var_122,-0.13675525784492493,0.13675525784492493,-1,False,22,True
LR-L1-WEAK-REG,1,var_123,-0.12384489178657532,0.12384489178657532,-1,False,22,True
LR-L1-WEAK-REG,1,var_124,0.02120540477335453,0.02120540477335453,1,False,22,True
LR-L1-WEAK-REG,1,var_125,0.09516671299934387,0.09516671299934387,1,False,22,True
LR-L1-WEAK-REG,1,var_126,-0.004167651757597923,0.004167651757597923,-1,False,22,True
LR-L1-WEAK-REG,1,var_127,-0.13277718424797058,0.13277718424797058,-1,False,22,True
LR-L1-WEAK-REG,1,var_128,0.09908998012542725,0.09908998012542725,1,False,22,True
LR-L1-WEAK-REG,1,var_129,-0.023644426837563515,0.023644426837563515,-1,False,22,True
LR-L1-WEAK-REG,1,var_130,0.10540617257356644,0.10540617257356644,1,False,22,True
LR-L1-WEAK-REG,1,var_131,-0.09370628744363785,0.09370628744363785,-1,False,22,True
LR-L1-WEAK-REG,1,var_132,-0.08630925416946411,0.08630925416946411,-1,False,22,True
LR-L1-WEAK-REG,1,var_133,0.17739078402519226,0.17739078402519226,1,False,22,True
LR-L1-WEAK-REG,1,var_134,0.057864319533109665,0.057864319533109665,1,False,22,True
LR-L1-WEAK-REG,1,var_135,0.09095022827386856,0.09095022827386856,1,False,22,True
LR-L1-WEAK-REG,1,var_136,-0.012230717577040195,0.012230717577040195,-1,False,22,True
LR-L1-WEAK-REG,1,var_137,0.08816132694482803,0.08816132694482803,1,False,22,True
LR-L1-WEAK-REG,1,var_138,0.06475969403982162,0.06475969403982162,1,False,22,True
LR-L1-WEAK-REG,1,var_139,-0.23571918904781342,0.23571918904781342,-1,False,22,True
LR-L1-WEAK-REG,1,var_140,0.05664569512009621,0.05664569512009621,1,False,22,True
LR-L1-WEAK-REG,1,var_141,-0.09570397436618805,0.09570397436618805,-1,False,22,True
LR-L1-WEAK-REG,1,var_142,-0.05413694307208061,0.05413694307208061,-1,False,22,True
LR-L1-WEAK-REG,1,var_143,-0.042753271758556366,0.042753271758556366,-1,False,22,True
LR-L1-WEAK-REG,1,var_144,0.06471261382102966,0.06471261382102966,1,False,22,True
LR-L1-WEAK-REG,1,var_145,0.1066182553768158,0.1066182553768158,1,False,22,True
LR-L1-WEAK-REG,1,var_146,-0.20061980187892914,0.20061980187892914,-1,False,22,True
LR-L1-WEAK-REG,1,var_147,0.13213089108467102,0.13213089108467102,1,False,22,True
LR-L1-WEAK-REG,1,var_148,-0.17024530470371246,0.17024530470371246,-1,False,22,True
LR-L1-WEAK-REG,1,var_149,-0.15528260171413422,0.15528260171413422,-1,False,22,True
LR-L1-WEAK-REG,1,var_150,-0.09673236310482025,0.09673236310482025,-1,False,22,True
LR-L1-WEAK-REG,1,var_151,0.08962900936603546,0.08962900936603546,1,False,22,True
LR-L1-WEAK-REG,1,var_152,-0.04508976265788078,0.04508976265788078,-1,False,22,True
LR-L1-WEAK-REG,1,var_153,-0.019207896664738655,0.019207896664738655,-1,False,22,True
LR-L1-WEAK-REG,1,var_154,-0.1541578322649002,0.1541578322649002,-1,False,22,True
LR-L1-WEAK-REG,1,var_155,0.13272006809711456,0.13272006809711456,1,False,22,True
LR-L1-WEAK-REG,1,var_156,-0.06190095096826553,0.06190095096826553,-1,False,22,True
LR-L1-WEAK-REG,1,var_157,0.11198680847883224,0.11198680847883224,1,False,22,True
LR-L1-WEAK-REG,1,var_158,-0.01688503473997116,0.01688503473997116,-1,False,22,True
LR-L1-WEAK-REG,1,var_159,0.04059319943189621,0.04059319943189621,1,False,22,True
LR-L1-WEAK-REG,1,var_160,-0.01070664543658495,0.01070664543658495,-1,False,22,True
LR-L1-WEAK-REG,1,var_161,0.017360378056764603,0.017360378056764603,1,False,22,True
LR-L1-WEAK-REG,1,var_162,0.11579253524541855,0.11579253524541855,1,False,22,True
LR-L1-WEAK-REG,1,var_163,0.10464676469564438,0.10464676469564438,1,False,22,True
LR-L1-WEAK-REG,1,var_164,0.13443054258823395,0.13443054258823395,1,False,22,True
LR-L1-WEAK-REG,1,var_165,-0.16580381989479065,0.16580381989479065,-1,False,22,True
LR-L1-WEAK-REG,1,var_166,-0.1699765920639038,0.1699765920639038,-1,False,22,True
LR-L1-WEAK-REG,1,var_167,0.09044503420591354,0.09044503420591354,1,False,22,True
LR-L1-WEAK-REG,1,var_168,0.04696144536137581,0.04696144536137581,1,False,22,True
LR-L1-WEAK-REG,1,var_169,-0.15949833393096924,0.15949833393096924,-1,False,22,True
LR-L1-WEAK-REG,1,var_170,0.16040129959583282,0.16040129959583282,1,False,22,True
LR-L1-WEAK-REG,1,var_171,0.043886829167604446,0.043886829167604446,1,False,22,True
LR-L1-WEAK-REG,1,var_172,-0.13081374764442444,0.13081374764442444,-1,False,22,True
LR-L1-WEAK-REG,1,var_173,0.14792603254318237,0.14792603254318237,1,False,22,True
LR-L1-WEAK-REG,1,var_174,-0.2034151256084442,0.2034151256084442,-1,False,22,True
LR-L1-WEAK-REG,1,var_175,0.07611009478569031,0.07611009478569031,1,False,22,True
LR-L1-WEAK-REG,1,var_176,0.0362652987241745,0.0362652987241745,1,False,22,True
LR-L1-WEAK-REG,1,var_177,-0.13411642611026764,0.13411642611026764,-1,False,22,True
LR-L1-WEAK-REG,1,var_178,-0.06494056433439255,0.06494056433439255,-1,False,22,True
LR-L1-WEAK-REG,1,var_179,0.16156062483787537,0.16156062483787537,1,False,22,True
LR-L1-WEAK-REG,1,var_180,0.1036083847284317,0.1036083847284317,1,False,22,True
LR-L1-WEAK-REG,1,var_181,0.04485976696014404,0.04485976696014404,1,False,22,True
LR-L1-WEAK-REG,1,var_182,-0.04085031896829605,0.04085031896829605,-1,False,22,True
LR-L1-WEAK-REG,1,var_183,-0.008478394709527493,0.008478394709527493,-1,False,22,True
LR-L1-WEAK-REG,1,var_184,0.167672798037529,0.167672798037529,1,False,22,True
LR-L1-WEAK-REG,1,var_185,-0.010854007676243782,0.010854007676243782,-1,False,22,True
LR-L1-WEAK-REG,1,var_186,-0.08960919082164764,0.08960919082164764,-1,False,22,True
LR-L1-WEAK-REG,1,var_187,0.046906616538763046,0.046906616538763046,1,False,22,True
LR-L1-WEAK-REG,1,var_188,-0.12517713010311127,0.12517713010311127,-1,False,22,True
LR-L1-WEAK-REG,1,var_189,0.026506293565034866,0.026506293565034866,1,False,22,True
LR-L1-WEAK-REG,1,var_190,0.18581543862819672,0.18581543862819672,1,False,22,True
LR-L1-WEAK-REG,1,var_191,0.15578220784664154,0.15578220784664154,1,False,22,True
LR-L1-WEAK-REG,1,var_192,-0.13195575773715973,0.13195575773715973,-1,False,22,True
LR-L1-WEAK-REG,1,var_193,-0.05085020884871483,0.05085020884871483,-1,False,22,True
LR-L1-WEAK-REG,1,var_194,-0.07702259719371796,0.07702259719371796,-1,False,22,True
LR-L1-WEAK-REG,1,var_195,0.0918211117386818,0.0918211117386818,1,False,22,True
LR-L1-WEAK-REG,1,var_196,0.08295483142137527,0.08295483142137527,1,False,22,True
LR-L1-WEAK-REG,1,var_197,-0.10812835395336151,0.10812835395336151,-1,False,22,True
LR-L1-WEAK-REG,1,var_198,-0.17897090315818787,0.17897090315818787,-1,False,22,True
LR-L1-WEAK-REG,1,var_199,0.09107690304517746,0.09107690304517746,1,False,22,True
LR-L1-WEAK-REG,2,var_0,0.16856296360492706,0.16856296360492706,1,False,21,True
LR-L1-WEAK-REG,2,var_1,0.16438613831996918,0.16438613831996918,1,False,21,True
LR-L1-WEAK-REG,2,var_2,0.16755624115467072,0.16755624115467072,1,False,21,True
LR-L1-WEAK-REG,2,var_3,0.042650118470191956,0.042650118470191956,1,False,21,True
LR-L1-WEAK-REG,2,var_4,0.038057129830121994,0.038057129830121994,1,False,21,True
LR-L1-WEAK-REG,2,var_5,0.09351883828639984,0.09351883828639984,1,False,21,True
LR-L1-WEAK-REG,2,var_6,0.22555974125862122,0.22555974125862122,1,False,21,True
LR-L1-WEAK-REG,2,var_7,-0.014014080166816711,0.014014080166816711,-1,False,21,True
LR-L1-WEAK-REG,2,var_8,0.0703146830201149,0.0703146830201149,1,False,21,True
LR-L1-WEAK-REG,2,var_9,-0.13815130293369293,0.13815130293369293,-1,False,21,True
LR-L1-WEAK-REG,2,var_10,-0.0031388234347105026,0.0031388234347105026,-1,False,21,True
LR-L1-WEAK-REG,2,var_11,0.07675781100988388,0.07675781100988388,1,False,21,True
LR-L1-WEAK-REG,2,var_12,-0.22686463594436646,0.22686463594436646,-1,False,21,True
LR-L1-WEAK-REG,2,var_13,-0.1878184974193573,0.1878184974193573,-1,False,21,True
LR-L1-WEAK-REG,2,var_14,-0.01808370277285576,0.01808370277285576,-1,False,21,True
LR-L1-WEAK-REG,2,var_15,0.054859746247529984,0.054859746247529984,1,False,21,True
LR-L1-WEAK-REG,2,var_16,0.025076499208807945,0.025076499208807945,1,False,21,True
LR-L1-WEAK-REG,2,var_17,-0.002491857623681426,0.002491857623681426,-1,False,21,True
LR-L1-WEAK-REG,2,var_18,0.13229341804981232,0.13229341804981232,1,False,21,True
LR-L1-WEAK-REG,2,var_19,0.04131640866398811,0.04131640866398811,1,False,21,True
LR-L1-WEAK-REG,2,var_20,-0.06640364974737167,0.06640364974737167,-1,False,21,True
LR-L1-WEAK-REG,2,var_21,-0.18307985365390778,0.18307985365390778,-1,False,21,True
LR-L1-WEAK-REG,2,var_22,0.2050226479768753,0.2050226479768753,1,False,21,True
LR-L1-WEAK-REG,2,var_23,-0.09194740653038025,0.09194740653038025,-1,False,21,True
LR-L1-WEAK-REG,2,var_24,0.0924975574016571,0.0924975574016571,1,False,21,True
LR-L1-WEAK-REG,2,var_25,0.049431540071964264,0.049431540071964264,1,False,21,True
LR-L1-WEAK-REG,2,var_26,0.1984775811433792,0.1984775811433792,1,False,21,True
LR-L1-WEAK-REG,2,var_27,-0.008352989330887794,0.008352989330887794,-1,False,21,True
LR-L1-WEAK-REG,2,var_28,-0.07399126887321472,0.07399126887321472,-1,False,21,True
LR-L1-WEAK-REG,2,var_29,0.015130970627069473,0.015130970627069473,1,False,21,True
LR-L1-WEAK-REG,2,var_30,-0.005540161393582821,0.005540161393582821,-1,False,21,True
LR-L1-WEAK-REG,2,var_31,-0.09938313812017441,0.09938313812017441,-1,False,21,True
LR-L1-WEAK-REG,2,var_32,0.10193033516407013,0.10193033516407013,1,False,21,True
LR-L1-WEAK-REG,2,var_33,-0.15511593222618103,0.15511593222618103,-1,False,21,True
LR-L1-WEAK-REG,2,var_34,-0.18257875740528107,0.18257875740528107,-1,False,21,True
LR-L1-WEAK-REG,2,var_35,0.12966622412204742,0.12966622412204742,1,False,21,True
LR-L1-WEAK-REG,2,var_36,-0.12979747354984283,0.12979747354984283,-1,False,21,True
LR-L1-WEAK-REG,2,var_37,0.03575580194592476,0.03575580194592476,1,False,21,True
LR-L1-WEAK-REG,2,var_38,0.011489983648061752,0.011489983648061752,1,False,21,True
LR-L1-WEAK-REG,2,var_39,-0.019480550661683083,0.019480550661683083,-1,False,21,True
LR-L1-WEAK-REG,2,var_40,0.16183197498321533,0.16183197498321533,1,False,21,True
LR-L1-WEAK-REG,2,var_41,-0.009548189118504524,0.009548189118504524,-1,False,21,True
LR-L1-WEAK-REG,2,var_42,-0.03624585643410683,0.03624585643410683,-1,False,21,True
LR-L1-WEAK-REG,2,var_43,-0.09244032204151154,0.09244032204151154,-1,False,21,True
LR-L1-WEAK-REG,2,var_44,-0.16617617011070251,0.16617617011070251,-1,False,21,True
LR-L1-WEAK-REG,2,var_45,-0.07973586767911911,0.07973586767911911,-1,False,21,True
LR-L1-WEAK-REG,2,var_46,0.004972062073647976,0.004972062073647976,1,False,21,True
LR-L1-WEAK-REG,2,var_47,0.03676675632596016,0.03676675632596016,1,False,21,True
LR-L1-WEAK-REG,2,var_48,0.11368372291326523,0.11368372291326523,1,False,21,True
LR-L1-WEAK-REG,2,var_49,0.10802493989467621,0.10802493989467621,1,False,21,True
LR-L1-WEAK-REG,2,var_50,-0.04331524670124054,0.04331524670124054,-1,False,21,True
LR-L1-WEAK-REG,2,var_51,0.06638003140687943,0.06638003140687943,1,False,21,True
LR-L1-WEAK-REG,2,var_52,0.09753827750682831,0.09753827750682831,1,False,21,True
LR-L1-WEAK-REG,2,var_53,0.2047857940196991,0.2047857940196991,1,False,21,True
LR-L1-WEAK-REG,2,var_54,-0.052983466535806656,0.052983466535806656,-1,False,21,True
LR-L1-WEAK-REG,2,var_55,0.05159807205200195,0.05159807205200195,1,False,21,True
LR-L1-WEAK-REG,2,var_56,-0.11020314693450928,0.11020314693450928,-1,False,21,True
LR-L1-WEAK-REG,2,var_57,-0.07110699266195297,0.07110699266195297,-1,False,21,True
LR-L1-WEAK-REG,2,var_58,-0.08486587554216385,0.08486587554216385,-1,False,21,True
LR-L1-WEAK-REG,2,var_59,-0.0340564027428627,0.0340564027428627,-1,False,21,True
LR-L1-WEAK-REG,2,var_60,0.02923322096467018,0.02923322096467018,1,False,21,True
LR-L1-WEAK-REG,2,var_61,0.033769212663173676,0.033769212663173676,1,False,21,True
LR-L1-WEAK-REG,2,var_62,0.05469213053584099,0.05469213053584099,1,False,21,True
LR-L1-WEAK-REG,2,var_63,-0.05241454765200615,0.05241454765200615,-1,False,21,True
LR-L1-WEAK-REG,2,var_64,-0.04337833449244499,0.04337833449244499,-1,False,21,True
LR-L1-WEAK-REG,2,var_65,0.047397512942552567,0.047397512942552567,1,False,21,True
LR-L1-WEAK-REG,2,var_66,0.07098320126533508,0.07098320126533508,1,False,21,True
LR-L1-WEAK-REG,2,var_67,0.1494901329278946,0.1494901329278946,1,False,21,True
LR-L1-WEAK-REG,2,var_68,-0.03276827558875084,0.03276827558875084,-1,False,21,True
LR-L1-WEAK-REG,2,var_69,0.02496424689888954,0.02496424689888954,1,False,21,True
LR-L1-WEAK-REG,2,var_70,0.09046705067157745,0.09046705067157745,1,False,21,True
LR-L1-WEAK-REG,2,var_71,0.1080397516489029,0.1080397516489029,1,False,21,True
LR-L1-WEAK-REG,2,var_72,-0.03791825845837593,0.03791825845837593,-1,False,21,True
LR-L1-WEAK-REG,2,var_73,-0.03352811560034752,0.03352811560034752,-1,False,21,True
LR-L1-WEAK-REG,2,var_74,0.05809102952480316,0.05809102952480316,1,False,21,True
LR-L1-WEAK-REG,2,var_75,-0.12913241982460022,0.12913241982460022,-1,False,21,True
LR-L1-WEAK-REG,2,var_76,-0.2177996188402176,0.2177996188402176,-1,False,21,True
LR-L1-WEAK-REG,2,var_77,-0.06052112206816673,0.06052112206816673,-1,False,21,True
LR-L1-WEAK-REG,2,var_78,0.15796412527561188,0.15796412527561188,1,False,21,True
LR-L1-WEAK-REG,2,var_79,0.016885826364159584,0.016885826364159584,1,False,21,True
LR-L1-WEAK-REG,2,var_80,-0.18490417301654816,0.18490417301654816,-1,False,21,True
LR-L1-WEAK-REG,2,var_81,-0.26241669058799744,0.26241669058799744,-1,False,21,True
LR-L1-WEAK-REG,2,var_82,0.08117791265249252,0.08117791265249252,1,False,21,True
LR-L1-WEAK-REG,2,var_83,-0.0701647475361824,0.0701647475361824,-1,False,21,True
LR-L1-WEAK-REG,2,var_84,0.035605646669864655,0.035605646669864655,1,False,21,True
LR-L1-WEAK-REG,2,var_85,-0.05902278423309326,0.05902278423309326,-1,False,21,True
LR-L1-WEAK-REG,2,var_86,-0.11957584321498871,0.11957584321498871,-1,False,21,True
LR-L1-WEAK-REG,2,var_87,-0.11559205502271652,0.11559205502271652,-1,False,21,True
LR-L1-WEAK-REG,2,var_88,-0.05917351692914963,0.05917351692914963,-1,False,21,True
LR-L1-WEAK-REG,2,var_89,0.13394202291965485,0.13394202291965485,1,False,21,True
LR-L1-WEAK-REG,2,var_90,0.09885873645544052,0.09885873645544052,1,False,21,True
LR-L1-WEAK-REG,2,var_91,0.1135299801826477,0.1135299801826477,1,False,21,True
LR-L1-WEAK-REG,2,var_92,-0.1480836570262909,0.1480836570262909,-1,False,21,True
LR-L1-WEAK-REG,2,var_93,-0.10376783460378647,0.10376783460378647,-1,False,21,True
LR-L1-WEAK-REG,2,var_94,0.157147616147995,0.157147616147995,1,False,21,True
LR-L1-WEAK-REG,2,var_95,0.13023504614830017,0.13023504614830017,1,False,21,True
LR-L1-WEAK-REG,2,var_96,0.010948185808956623,0.010948185808956623,1,False,21,True
LR-L1-WEAK-REG,2,var_97,0.04987654462456703,0.04987654462456703,1,False,21,True
LR-L1-WEAK-REG,2,var_98,-0.004665948450565338,0.004665948450565338,-1,False,21,True
LR-L1-WEAK-REG,2,var_99,0.18828240036964417,0.18828240036964417,1,False,21,True
LR-L1-WEAK-REG,2,var_100,0.01167288701981306,0.01167288701981306,1,False,21,True
LR-L1-WEAK-REG,2,var_101,-0.035501450300216675,0.035501450300216675,-1,False,21,True
LR-L1-WEAK-REG,2,var_102,-0.06077026575803757,0.06077026575803757,-1,False,21,True
LR-L1-WEAK-REG,2,var_103,-0.009111599996685982,0.009111599996685982,-1,False,21,True
LR-L1-WEAK-REG,2,var_104,-0.08116552978754044,0.08116552978754044,-1,False,21,True
LR-L1-WEAK-REG,2,var_105,0.08722814172506332,0.08722814172506332,1,False,21,True
LR-L1-WEAK-REG,2,var_106,0.10945592075586319,0.10945592075586319,1,False,21,True
LR-L1-WEAK-REG,2,var_107,-0.14235098659992218,0.14235098659992218,-1,False,21,True
LR-L1-WEAK-REG,2,var_108,-0.1350862681865692,0.1350862681865692,-1,False,21,True
LR-L1-WEAK-REG,2,var_109,-0.16907596588134766,0.16907596588134766,-1,False,21,True
LR-L1-WEAK-REG,2,var_110,0.19881904125213623,0.19881904125213623,1,False,21,True
LR-L1-WEAK-REG,2,var_111,0.08925062417984009,0.08925062417984009,1,False,21,True
LR-L1-WEAK-REG,2,var_112,0.06780724227428436,0.06780724227428436,1,False,21,True
LR-L1-WEAK-REG,2,var_113,-0.05498112738132477,0.05498112738132477,-1,False,21,True
LR-L1-WEAK-REG,2,var_114,-0.07687768340110779,0.07687768340110779,-1,False,21,True
LR-L1-WEAK-REG,2,var_115,-0.157548725605011,0.157548725605011,-1,False,21,True
LR-L1-WEAK-REG,2,var_116,-0.08559872210025787,0.08559872210025787,-1,False,21,True
LR-L1-WEAK-REG,2,var_117,0.001844574580900371,0.001844574580900371,1,False,21,True
LR-L1-WEAK-REG,2,var_118,0.13869881629943848,0.13869881629943848,1,False,21,True
LR-L1-WEAK-REG,2,var_119,0.08247259259223938,0.08247259259223938,1,False,21,True
LR-L1-WEAK-REG,2,var_120,-0.03291286528110504,0.03291286528110504,-1,False,21,True
LR-L1-WEAK-REG,2,var_121,-0.13594040274620056,0.13594040274620056,-1,False,21,True
LR-L1-WEAK-REG,2,var_122,-0.13862954080104828,0.13862954080104828,-1,False,21,True
LR-L1-WEAK-REG,2,var_123,-0.12270862609148026,0.12270862609148026,-1,False,21,True
LR-L1-WEAK-REG,2,var_124,0.012935133650898933,0.012935133650898933,1,False,21,True
LR-L1-WEAK-REG,2,var_125,0.09253338724374771,0.09253338724374771,1,False,21,True
LR-L1-WEAK-REG,2,var_126,0.00507598789408803,0.00507598789408803,1,False,21,True
LR-L1-WEAK-REG,2,var_127,-0.14926546812057495,0.14926546812057495,-1,False,21,True
LR-L1-WEAK-REG,2,var_128,0.09115877002477646,0.09115877002477646,1,False,21,True
LR-L1-WEAK-REG,2,var_129,-0.009568559937179089,0.009568559937179089,-1,False,21,True
LR-L1-WEAK-REG,2,var_130,0.10422259569168091,0.10422259569168091,1,False,21,True
LR-L1-WEAK-REG,2,var_131,-0.09886961430311203,0.09886961430311203,-1,False,21,True
LR-L1-WEAK-REG,2,var_132,-0.08421234786510468,0.08421234786510468,-1,False,21,True
LR-L1-WEAK-REG,2,var_133,0.18299652636051178,0.18299652636051178,1,False,21,True
LR-L1-WEAK-REG,2,var_134,0.06009165570139885,0.06009165570139885,1,False,21,True
LR-L1-WEAK-REG,2,var_135,0.08380267769098282,0.08380267769098282,1,False,21,True
LR-L1-WEAK-REG,2,var_136,-0.017830347642302513,0.017830347642302513,-1,False,21,True
LR-L1-WEAK-REG,2,var_137,0.09277914464473724,0.09277914464473724,1,False,21,True
LR-L1-WEAK-REG,2,var_138,0.05301593616604805,0.05301593616604805,1,False,21,True
LR-L1-WEAK-REG,2,var_139,-0.24327237904071808,0.24327237904071808,-1,False,21,True
LR-L1-WEAK-REG,2,var_140,0.062188562005758286,0.062188562005758286,1,False,21,True
LR-L1-WEAK-REG,2,var_141,-0.09742392599582672,0.09742392599582672,-1,False,21,True
LR-L1-WEAK-REG,2,var_142,-0.07151658833026886,0.07151658833026886,-1,False,21,True
LR-L1-WEAK-REG,2,var_143,-0.0459771491587162,0.0459771491587162,-1,False,21,True
LR-L1-WEAK-REG,2,var_144,0.07286381721496582,0.07286381721496582,1,False,21,True
LR-L1-WEAK-REG,2,var_145,0.10400450974702835,0.10400450974702835,1,False,21,True
LR-L1-WEAK-REG,2,var_146,-0.20621952414512634,0.20621952414512634,-1,False,21,True
LR-L1-WEAK-REG,2,var_147,0.11432692408561707,0.11432692408561707,1,False,21,True
LR-L1-WEAK-REG,2,var_148,-0.1678231954574585,0.1678231954574585,-1,False,21,True
LR-L1-WEAK-REG,2,var_149,-0.14091135561466217,0.14091135561466217,-1,False,21,True
LR-L1-WEAK-REG,2,var_150,-0.09089554101228714,0.09089554101228714,-1,False,21,True
LR-L1-WEAK-REG,2,var_151,0.08614379167556763,0.08614379167556763,1,False,21,True
LR-L1-WEAK-REG,2,var_152,-0.03155902028083801,0.03155902028083801,-1,False,21,True
LR-L1-WEAK-REG,2,var_153,-0.015103958547115326,0.015103958547115326,-1,False,21,True
LR-L1-WEAK-REG,2,var_154,-0.16118091344833374,0.16118091344833374,-1,False,21,True
LR-L1-WEAK-REG,2,var_155,0.13410501182079315,0.13410501182079315,1,False,21,True
LR-L1-WEAK-REG,2,var_156,-0.06452567130327225,0.06452567130327225,-1,False,21,True
LR-L1-WEAK-REG,2,var_157,0.09779132157564163,0.09779132157564163,1,False,21,True
LR-L1-WEAK-REG,2,var_158,-0.01224017608910799,0.01224017608910799,-1,False,21,True
LR-L1-WEAK-REG,2,var_159,0.049072086811065674,0.049072086811065674,1,False,21,True
LR-L1-WEAK-REG,2,var_160,-0.0051643215119838715,0.0051643215119838715,-1,False,21,True
LR-L1-WEAK-REG,2,var_161,0.017707670107483864,0.017707670107483864,1,False,21,True
LR-L1-WEAK-REG,2,var_162,0.10022565722465515,0.10022565722465515,1,False,21,True
LR-L1-WEAK-REG,2,var_163,0.09073556214570999,0.09073556214570999,1,False,21,True
LR-L1-WEAK-REG,2,var_164,0.13391973078250885,0.13391973078250885,1,False,21,True
LR-L1-WEAK-REG,2,var_165,-0.1783970594406128,0.1783970594406128,-1,False,21,True
LR-L1-WEAK-REG,2,var_166,-0.17827460169792175,0.17827460169792175,-1,False,21,True
LR-L1-WEAK-REG,2,var_167,0.08545218408107758,0.08545218408107758,1,False,21,True
LR-L1-WEAK-REG,2,var_168,0.06708989292383194,0.06708989292383194,1,False,21,True
LR-L1-WEAK-REG,2,var_169,-0.1607675701379776,0.1607675701379776,-1,False,21,True
LR-L1-WEAK-REG,2,var_170,0.15789824724197388,0.15789824724197388,1,False,21,True
LR-L1-WEAK-REG,2,var_171,0.0451023168861866,0.0451023168861866,1,False,21,True
LR-L1-WEAK-REG,2,var_172,-0.12537412345409393,0.12537412345409393,-1,False,21,True
LR-L1-WEAK-REG,2,var_173,0.1469709575176239,0.1469709575176239,1,False,21,True
LR-L1-WEAK-REG,2,var_174,-0.20289234817028046,0.20289234817028046,-1,False,21,True
LR-L1-WEAK-REG,2,var_175,0.08889640122652054,0.08889640122652054,1,False,21,True
LR-L1-WEAK-REG,2,var_176,0.04183438792824745,0.04183438792824745,1,False,21,True
LR-L1-WEAK-REG,2,var_177,-0.13408732414245605,0.13408732414245605,-1,False,21,True
LR-L1-WEAK-REG,2,var_178,-0.05457684025168419,0.05457684025168419,-1,False,21,True
LR-L1-WEAK-REG,2,var_179,0.16769661009311676,0.16769661009311676,1,False,21,True
LR-L1-WEAK-REG,2,var_180,0.09942351281642914,0.09942351281642914,1,False,21,True
LR-L1-WEAK-REG,2,var_181,0.060446497052907944,0.060446497052907944,1,False,21,True
LR-L1-WEAK-REG,2,var_182,-0.036092665046453476,0.036092665046453476,-1,False,21,True
LR-L1-WEAK-REG,2,var_183,-0.00655832514166832,0.00655832514166832,-1,False,21,True
LR-L1-WEAK-REG,2,var_184,0.16132967174053192,0.16132967174053192,1,False,21,True
LR-L1-WEAK-REG,2,var_185,-0.008235238492488861,0.008235238492488861,-1,False,21,True
LR-L1-WEAK-REG,2,var_186,-0.09340246766805649,0.09340246766805649,-1,False,21,True
LR-L1-WEAK-REG,2,var_187,0.04324864596128464,0.04324864596128464,1,False,21,True
LR-L1-WEAK-REG,2,var_188,-0.12398871779441833,0.12398871779441833,-1,False,21,True
LR-L1-WEAK-REG,2,var_189,0.02900722809135914,0.02900722809135914,1,False,21,True
LR-L1-WEAK-REG,2,var_190,0.18780028820037842,0.18780028820037842,1,False,21,True
LR-L1-WEAK-REG,2,var_191,0.15296167135238647,0.15296167135238647,1,False,21,True
LR-L1-WEAK-REG,2,var_192,-0.14972351491451263,0.14972351491451263,-1,False,21,True
LR-L1-WEAK-REG,2,var_193,-0.0659656897187233,0.0659656897187233,-1,False,21,True
LR-L1-WEAK-REG,2,var_194,-0.07800231873989105,0.07800231873989105,-1,False,21,True
LR-L1-WEAK-REG,2,var_195,0.07991781085729599,0.07991781085729599,1,False,21,True
LR-L1-WEAK-REG,2,var_196,0.06671996414661407,0.06671996414661407,1,False,21,True
LR-L1-WEAK-REG,2,var_197,-0.11256248503923416,0.11256248503923416,-1,False,21,True
LR-L1-WEAK-REG,2,var_198,-0.16903287172317505,0.16903287172317505,-1,False,21,True
LR-L1-WEAK-REG,2,var_199,0.09194843471050262,0.09194843471050262,1,False,21,True
LR-L1-WEAK-REG,3,var_0,0.16879072785377502,0.16879072785377502,1,False,22,True
LR-L1-WEAK-REG,3,var_1,0.15623730421066284,0.15623730421066284,1,False,22,True
LR-L1-WEAK-REG,3,var_2,0.17493949830532074,0.17493949830532074,1,False,22,True
LR-L1-WEAK-REG,3,var_3,0.03490065783262253,0.03490065783262253,1,False,22,True
LR-L1-WEAK-REG,3,var_4,0.036054663360118866,0.036054663360118866,1,False,22,True
LR-L1-WEAK-REG,3,var_5,0.10593656450510025,0.10593656450510025,1,False,22,True
LR-L1-WEAK-REG,3,var_6,0.2223111093044281,0.2223111093044281,1,False,22,True
LR-L1-WEAK-REG,3,var_7,-0.016391970217227936,0.016391970217227936,-1,False,22,True
LR-L1-WEAK-REG,3,var_8,0.05985632911324501,0.05985632911324501,1,False,22,True
LR-L1-WEAK-REG,3,var_9,-0.13209618628025055,0.13209618628025055,-1,False,22,True
LR-L1-WEAK-REG,3,var_10,0.00044375998550094664,0.00044375998550094664,1,False,22,True
LR-L1-WEAK-REG,3,var_11,0.07058566808700562,0.07058566808700562,1,False,22,True
LR-L1-WEAK-REG,3,var_12,-0.2091362029314041,0.2091362029314041,-1,False,22,True
LR-L1-WEAK-REG,3,var_13,-0.18190468847751617,0.18190468847751617,-1,False,22,True
LR-L1-WEAK-REG,3,var_14,-0.021903928369283676,0.021903928369283676,-1,False,22,True
LR-L1-WEAK-REG,3,var_15,0.05975955352187157,0.05975955352187157,1,False,22,True
LR-L1-WEAK-REG,3,var_16,0.016765495762228966,0.016765495762228966,1,False,22,True
LR-L1-WEAK-REG,3,var_17,0.0012767917942255735,0.0012767917942255735,1,False,22,True
LR-L1-WEAK-REG,3,var_18,0.12992343306541443,0.12992343306541443,1,False,22,True
LR-L1-WEAK-REG,3,var_19,0.032801803201436996,0.032801803201436996,1,False,22,True
LR-L1-WEAK-REG,3,var_20,-0.0595390759408474,0.0595390759408474,-1,False,22,True
LR-L1-WEAK-REG,3,var_21,-0.1836240589618683,0.1836240589618683,-1,False,22,True
LR-L1-WEAK-REG,3,var_22,0.19708533585071564,0.19708533585071564,1,False,22,True
LR-L1-WEAK-REG,3,var_23,-0.09435649961233139,0.09435649961233139,-1,False,22,True
LR-L1-WEAK-REG,3,var_24,0.08926242589950562,0.08926242589950562,1,False,22,True
LR-L1-WEAK-REG,3,var_25,0.05051538348197937,0.05051538348197937,1,False,22,True
LR-L1-WEAK-REG,3,var_26,0.19823090732097626,0.19823090732097626,1,False,22,True
LR-L1-WEAK-REG,3,var_27,-0.012751531787216663,0.012751531787216663,-1,False,22,True
LR-L1-WEAK-REG,3,var_28,-0.07529293745756149,0.07529293745756149,-1,False,22,True
LR-L1-WEAK-REG,3,var_29,0.021225348114967346,0.021225348114967346,1,False,22,True
LR-L1-WEAK-REG,3,var_30,-0.005960403475910425,0.005960403475910425,-1,False,22,True
LR-L1-WEAK-REG,3,var_31,-0.08604312688112259,0.08604312688112259,-1,False,22,True
LR-L1-WEAK-REG,3,var_32,0.0950736254453659,0.0950736254453659,1,False,22,True
LR-L1-WEAK-REG,3,var_33,-0.15764972567558289,0.15764972567558289,-1,False,22,True
LR-L1-WEAK-REG,3,var_34,-0.19181092083454132,0.19181092083454132,-1,False,22,True
LR-L1-WEAK-REG,3,var_35,0.12558329105377197,0.12558329105377197,1,False,22,True
LR-L1-WEAK-REG,3,var_36,-0.12574556469917297,0.12574556469917297,-1,False,22,True
LR-L1-WEAK-REG,3,var_37,0.026499563828110695,0.026499563828110695,1,False,22,True
LR-L1-WEAK-REG,3,var_38,0.010995188727974892,0.010995188727974892,1,False,22,True
LR-L1-WEAK-REG,3,var_39,-0.017530135810375214,0.017530135810375214,-1,False,22,True
LR-L1-WEAK-REG,3,var_40,0.17368750274181366,0.17368750274181366,1,False,22,True
LR-L1-WEAK-REG,3,var_41,-0.004388671834021807,0.004388671834021807,-1,False,22,True
LR-L1-WEAK-REG,3,var_42,-0.03136935085058212,0.03136935085058212,-1,False,22,True
LR-L1-WEAK-REG,3,var_43,-0.09699759632349014,0.09699759632349014,-1,False,22,True
LR-L1-WEAK-REG,3,var_44,-0.16390182077884674,0.16390182077884674,-1,False,22,True
LR-L1-WEAK-REG,3,var_45,-0.06885253638029099,0.06885253638029099,-1,False,22,True
LR-L1-WEAK-REG,3,var_46,0.020178984850645065,0.020178984850645065,1,False,22,True
LR-L1-WEAK-REG,3,var_47,0.027855874970555305,0.027855874970555305,1,False,22,True
LR-L1-WEAK-REG,3,var_48,0.10375349968671799,0.10375349968671799,1,False,22,True
LR-L1-WEAK-REG,3,var_49,0.10047373920679092,0.10047373920679092,1,False,22,True
LR-L1-WEAK-REG,3,var_50,-0.04514876753091812,0.04514876753091812,-1,False,22,True
LR-L1-WEAK-REG,3,var_51,0.06903602927923203,0.06903602927923203,1,False,22,True
LR-L1-WEAK-REG,3,var_52,0.08997724950313568,0.08997724950313568,1,False,22,True
LR-L1-WEAK-REG,3,var_53,0.21358320116996765,0.21358320116996765,1,False,22,True
LR-L1-WEAK-REG,3,var_54,-0.05977876856923103,0.05977876856923103,-1,False,22,True
LR-L1-WEAK-REG,3,var_55,0.04658084362745285,0.04658084362745285,1,False,22,True
LR-L1-WEAK-REG,3,var_56,-0.10262970626354218,0.10262970626354218,-1,False,22,True
LR-L1-WEAK-REG,3,var_57,-0.048514340072870255,0.048514340072870255,-1,False,22,True
LR-L1-WEAK-REG,3,var_58,-0.08076436817646027,0.08076436817646027,-1,False,22,True
LR-L1-WEAK-REG,3,var_59,-0.041544508188962936,0.041544508188962936,-1,False,22,True
LR-L1-WEAK-REG,3,var_60,0.029027950018644333,0.029027950018644333,1,False,22,True
LR-L1-WEAK-REG,3,var_61,0.042956139892339706,0.042956139892339706,1,False,22,True
LR-L1-WEAK-REG,3,var_62,0.06647265702486038,0.06647265702486038,1,False,22,True
LR-L1-WEAK-REG,3,var_63,-0.06624952703714371,0.06624952703714371,-1,False,22,True
LR-L1-WEAK-REG,3,var_64,-0.045999687165021896,0.045999687165021896,-1,False,22,True
LR-L1-WEAK-REG,3,var_65,0.03734206035733223,0.03734206035733223,1,False,22,True
LR-L1-WEAK-REG,3,var_66,0.07254257053136826,0.07254257053136826,1,False,22,True
LR-L1-WEAK-REG,3,var_67,0.14595627784729004,0.14595627784729004,1,False,22,True
LR-L1-WEAK-REG,3,var_68,-0.04035869613289833,0.04035869613289833,-1,False,22,True
LR-L1-WEAK-REG,3,var_69,0.01793503761291504,0.01793503761291504,1,False,22,True
LR-L1-WEAK-REG,3,var_70,0.10563071817159653,0.10563071817159653,1,False,22,True
LR-L1-WEAK-REG,3,var_71,0.11425187438726425,0.11425187438726425,1,False,22,True
LR-L1-WEAK-REG,3,var_72,-0.041150979697704315,0.041150979697704315,-1,False,22,True
LR-L1-WEAK-REG,3,var_73,-0.028665468096733093,0.028665468096733093,-1,False,22,True
LR-L1-WEAK-REG,3,var_74,0.06680700182914734,0.06680700182914734,1,False,22,True
LR-L1-WEAK-REG,3,var_75,-0.12437217682600021,0.12437217682600021,-1,False,22,True
LR-L1-WEAK-REG,3,var_76,-0.21631592512130737,0.21631592512130737,-1,False,22,True
LR-L1-WEAK-REG,3,var_77,-0.057513169944286346,0.057513169944286346,-1,False,22,True
LR-L1-WEAK-REG,3,var_78,0.15897926688194275,0.15897926688194275,1,False,22,True
LR-L1-WEAK-REG,3,var_79,0.007952370680868626,0.007952370680868626,1,False,22,True
LR-L1-WEAK-REG,3,var_80,-0.17151495814323425,0.17151495814323425,-1,False,22,True
LR-L1-WEAK-REG,3,var_81,-0.2644791007041931,0.2644791007041931,-1,False,22,True
LR-L1-WEAK-REG,3,var_82,0.08209673315286636,0.08209673315286636,1,False,22,True
LR-L1-WEAK-REG,3,var_83,-0.07229925692081451,0.07229925692081451,-1,False,22,True
LR-L1-WEAK-REG,3,var_84,0.031906720250844955,0.031906720250844955,1,False,22,True
LR-L1-WEAK-REG,3,var_85,-0.06789299100637436,0.06789299100637436,-1,False,22,True
LR-L1-WEAK-REG,3,var_86,-0.12677787244319916,0.12677787244319916,-1,False,22,True
LR-L1-WEAK-REG,3,var_87,-0.1167217269539833,0.1167217269539833,-1,False,22,True
LR-L1-WEAK-REG,3,var_88,-0.07229430228471756,0.07229430228471756,-1,False,22,True
LR-L1-WEAK-REG,3,var_89,0.12925216555595398,0.12925216555595398,1,False,22,True
LR-L1-WEAK-REG,3,var_90,0.09559550881385803,0.09559550881385803,1,False,22,True
LR-L1-WEAK-REG,3,var_91,0.12045946717262268,0.12045946717262268,1,False,22,True
LR-L1-WEAK-REG,3,var_92,-0.14926311373710632,0.14926311373710632,-1,False,22,True
LR-L1-WEAK-REG,3,var_93,-0.11059187352657318,0.11059187352657318,-1,False,22,True
LR-L1-WEAK-REG,3,var_94,0.16241972148418427,0.16241972148418427,1,False,22,True
LR-L1-WEAK-REG,3,var_95,0.12689974904060364,0.12689974904060364,1,False,22,True
LR-L1-WEAK-REG,3,var_96,0.011239399202167988,0.011239399202167988,1,False,22,True
LR-L1-WEAK-REG,3,var_97,0.05269748717546463,0.05269748717546463,1,False,22,True
LR-L1-WEAK-REG,3,var_98,-0.010463802143931389,0.010463802143931389,-1,False,22,True
LR-L1-WEAK-REG,3,var_99,0.18931056559085846,0.18931056559085846,1,False,22,True
LR-L1-WEAK-REG,3,var_100,-0.0011224012123420835,0.0011224012123420835,-1,False,22,True
LR-L1-WEAK-REG,3,var_101,-0.031406354159116745,0.031406354159116745,-1,False,22,True
LR-L1-WEAK-REG,3,var_102,-0.06174911931157112,0.06174911931157112,-1,False,22,True
LR-L1-WEAK-REG,3,var_103,0.006886608432978392,0.006886608432978392,1,False,22,True
LR-L1-WEAK-REG,3,var_104,-0.08594224601984024,0.08594224601984024,-1,False,22,True
LR-L1-WEAK-REG,3,var_105,0.08480749279260635,0.08480749279260635,1,False,22,True
LR-L1-WEAK-REG,3,var_106,0.10856292396783829,0.10856292396783829,1,False,22,True
LR-L1-WEAK-REG,3,var_107,-0.13914279639720917,0.13914279639720917,-1,False,22,True
LR-L1-WEAK-REG,3,var_108,-0.13187462091445923,0.13187462091445923,-1,False,22,True
LR-L1-WEAK-REG,3,var_109,-0.1552008092403412,0.1552008092403412,-1,False,22,True
LR-L1-WEAK-REG,3,var_110,0.20511102676391602,0.20511102676391602,1,False,22,True
LR-L1-WEAK-REG,3,var_111,0.08500804752111435,0.08500804752111435,1,False,22,True
LR-L1-WEAK-REG,3,var_112,0.07437331974506378,0.07437331974506378,1,False,22,True
LR-L1-WEAK-REG,3,var_113,-0.05080459266901016,0.05080459266901016,-1,False,22,True
LR-L1-WEAK-REG,3,var_114,-0.07560837268829346,0.07560837268829346,-1,False,22,True
LR-L1-WEAK-REG,3,var_115,-0.16318202018737793,0.16318202018737793,-1,False,22,True
LR-L1-WEAK-REG,3,var_116,-0.0848800539970398,0.0848800539970398,-1,False,22,True
LR-L1-WEAK-REG,3,var_117,-0.002908165566623211,0.002908165566623211,-1,False,22,True
LR-L1-WEAK-REG,3,var_118,0.1365985870361328,0.1365985870361328,1,False,22,True
LR-L1-WEAK-REG,3,var_119,0.09197572618722916,0.09197572618722916,1,False,22,True
LR-L1-WEAK-REG,3,var_120,-0.031061341986060143,0.031061341986060143,-1,False,22,True
LR-L1-WEAK-REG,3,var_121,-0.12286773324012756,0.12286773324012756,-1,False,22,True
LR-L1-WEAK-REG,3,var_122,-0.14579540491104126,0.14579540491104126,-1,False,22,True
LR-L1-WEAK-REG,3,var_123,-0.12562346458435059,0.12562346458435059,-1,False,22,True
LR-L1-WEAK-REG,3,var_124,0.032019540667533875,0.032019540667533875,1,False,22,True
LR-L1-WEAK-REG,3,var_125,0.08453131467103958,0.08453131467103958,1,False,22,True
LR-L1-WEAK-REG,3,var_126,0.009047694504261017,0.009047694504261017,1,False,22,True
LR-L1-WEAK-REG,3,var_127,-0.12455210834741592,0.12455210834741592,-1,False,22,True
LR-L1-WEAK-REG,3,var_128,0.08670507371425629,0.08670507371425629,1,False,22,True
LR-L1-WEAK-REG,3,var_129,-0.012429908849298954,0.012429908849298954,-1,False,22,True
LR-L1-WEAK-REG,3,var_130,0.10559230297803879,0.10559230297803879,1,False,22,True
LR-L1-WEAK-REG,3,var_131,-0.10598566383123398,0.10598566383123398,-1,False,22,True
LR-L1-WEAK-REG,3,var_132,-0.09237191081047058,0.09237191081047058,-1,False,22,True
LR-L1-WEAK-REG,3,var_133,0.17110498249530792,0.17110498249530792,1,False,22,True
LR-L1-WEAK-REG,3,var_134,0.0567127950489521,0.0567127950489521,1,False,22,True
LR-L1-WEAK-REG,3,var_135,0.08723398298025131,0.08723398298025131,1,False,22,True
LR-L1-WEAK-REG,3,var_136,-0.02230716124176979,0.02230716124176979,-1,False,22,True
LR-L1-WEAK-REG,3,var_137,0.08997735381126404,0.08997735381126404,1,False,22,True
LR-L1-WEAK-REG,3,var_138,0.05223221704363823,0.05223221704363823,1,False,22,True
LR-L1-WEAK-REG,3,var_139,-0.2394750714302063,0.2394750714302063,-1,False,22,True
LR-L1-WEAK-REG,3,var_140,0.06170488893985748,0.06170488893985748,1,False,22,True
LR-L1-WEAK-REG,3,var_141,-0.09930296242237091,0.09930296242237091,-1,False,22,True
LR-L1-WEAK-REG,3,var_142,-0.06352373957633972,0.06352373957633972,-1,False,22,True
LR-L1-WEAK-REG,3,var_143,-0.04106289893388748,0.04106289893388748,-1,False,22,True
LR-L1-WEAK-REG,3,var_144,0.06769870966672897,0.06769870966672897,1,False,22,True
LR-L1-WEAK-REG,3,var_145,0.11916869133710861,0.11916869133710861,1,False,22,True
LR-L1-WEAK-REG,3,var_146,-0.1966480165719986,0.1966480165719986,-1,False,22,True
LR-L1-WEAK-REG,3,var_147,0.12065736204385757,0.12065736204385757,1,False,22,True
LR-L1-WEAK-REG,3,var_148,-0.16693821549415588,0.16693821549415588,-1,False,22,True
LR-L1-WEAK-REG,3,var_149,-0.1417081207036972,0.1417081207036972,-1,False,22,True
LR-L1-WEAK-REG,3,var_150,-0.09748018532991409,0.09748018532991409,-1,False,22,True
LR-L1-WEAK-REG,3,var_151,0.09220282733440399,0.09220282733440399,1,False,22,True
LR-L1-WEAK-REG,3,var_152,-0.03637763485312462,0.03637763485312462,-1,False,22,True
LR-L1-WEAK-REG,3,var_153,-0.020668920129537582,0.020668920129537582,-1,False,22,True
LR-L1-WEAK-REG,3,var_154,-0.15735194087028503,0.15735194087028503,-1,False,22,True
LR-L1-WEAK-REG,3,var_155,0.12609148025512695,0.12609148025512695,1,False,22,True
LR-L1-WEAK-REG,3,var_156,-0.06806765496730804,0.06806765496730804,-1,False,22,True
LR-L1-WEAK-REG,3,var_157,0.10027272254228592,0.10027272254228592,1,False,22,True
LR-L1-WEAK-REG,3,var_158,-0.0003144530928693712,0.0003144530928693712,-1,False,22,True
LR-L1-WEAK-REG,3,var_159,0.04634808748960495,0.04634808748960495,1,False,22,True
LR-L1-WEAK-REG,3,var_160,-0.01661972515285015,0.01661972515285015,-1,False,22,True
LR-L1-WEAK-REG,3,var_161,0.011407057754695415,0.011407057754695415,1,False,22,True
LR-L1-WEAK-REG,3,var_162,0.10857345163822174,0.10857345163822174,1,False,22,True
LR-L1-WEAK-REG,3,var_163,0.09361007064580917,0.09361007064580917,1,False,22,True
LR-L1-WEAK-REG,3,var_164,0.1369619518518448,0.1369619518518448,1,False,22,True
LR-L1-WEAK-REG,3,var_165,-0.1676996946334839,0.1676996946334839,-1,False,22,True
LR-L1-WEAK-REG,3,var_166,-0.17996926605701447,0.17996926605701447,-1,False,22,True
LR-L1-WEAK-REG,3,var_167,0.08912506699562073,0.08912506699562073,1,False,22,True
LR-L1-WEAK-REG,3,var_168,0.04335390403866768,0.04335390403866768,1,False,22,True
LR-L1-WEAK-REG,3,var_169,-0.15686482191085815,0.15686482191085815,-1,False,22,True
LR-L1-WEAK-REG,3,var_170,0.16324742138385773,0.16324742138385773,1,False,22,True
LR-L1-WEAK-REG,3,var_171,0.04621629789471626,0.04621629789471626,1,False,22,True
LR-L1-WEAK-REG,3,var_172,-0.12543033063411713,0.12543033063411713,-1,False,22,True
LR-L1-WEAK-REG,3,var_173,0.14599670469760895,0.14599670469760895,1,False,22,True
LR-L1-WEAK-REG,3,var_174,-0.19965654611587524,0.19965654611587524,-1,False,22,True
LR-L1-WEAK-REG,3,var_175,0.07610966265201569,0.07610966265201569,1,False,22,True
LR-L1-WEAK-REG,3,var_176,0.03916601836681366,0.03916601836681366,1,False,22,True
LR-L1-WEAK-REG,3,var_177,-0.12246406823396683,0.12246406823396683,-1,False,22,True
LR-L1-WEAK-REG,3,var_178,-0.06165926903486252,0.06165926903486252,-1,False,22,True
LR-L1-WEAK-REG,3,var_179,0.16021031141281128,0.16021031141281128,1,False,22,True
LR-L1-WEAK-REG,3,var_180,0.09984597563743591,0.09984597563743591,1,False,22,True
LR-L1-WEAK-REG,3,var_181,0.04838770255446434,0.04838770255446434,1,False,22,True
LR-L1-WEAK-REG,3,var_182,-0.038985468447208405,0.038985468447208405,-1,False,22,True
LR-L1-WEAK-REG,3,var_183,-0.0005719717592000961,0.0005719717592000961,-1,False,22,True
LR-L1-WEAK-REG,3,var_184,0.1522330641746521,0.1522330641746521,1,False,22,True
LR-L1-WEAK-REG,3,var_185,-0.0014539302792400122,0.0014539302792400122,-1,False,22,True
LR-L1-WEAK-REG,3,var_186,-0.09926086664199829,0.09926086664199829,-1,False,22,True
LR-L1-WEAK-REG,3,var_187,0.042748257517814636,0.042748257517814636,1,False,22,True
LR-L1-WEAK-REG,3,var_188,-0.11167610436677933,0.11167610436677933,-1,False,22,True
LR-L1-WEAK-REG,3,var_189,0.03600592166185379,0.03600592166185379,1,False,22,True
LR-L1-WEAK-REG,3,var_190,0.18937064707279205,0.18937064707279205,1,False,22,True
LR-L1-WEAK-REG,3,var_191,0.15240271389484406,0.15240271389484406,1,False,22,True
LR-L1-WEAK-REG,3,var_192,-0.13735029101371765,0.13735029101371765,-1,False,22,True
LR-L1-WEAK-REG,3,var_193,-0.06117596477270126,0.06117596477270126,-1,False,22,True
LR-L1-WEAK-REG,3,var_194,-0.07396220415830612,0.07396220415830612,-1,False,22,True
LR-L1-WEAK-REG,3,var_195,0.09446409344673157,0.09446409344673157,1,False,22,True
LR-L1-WEAK-REG,3,var_196,0.07483958452939987,0.07483958452939987,1,False,22,True
LR-L1-WEAK-REG,3,var_197,-0.11412651836872101,0.11412651836872101,-1,False,22,True
LR-L1-WEAK-REG,3,var_198,-0.16091065108776093,0.16091065108776093,-1,False,22,True
LR-L1-WEAK-REG,3,var_199,0.09181158244609833,0.09181158244609833,1,False,22,True
LR-L1-WEAK-REG,4,var_0,0.1647382527589798,0.1647382527589798,1,False,23,True
LR-L1-WEAK-REG,4,var_1,0.172565758228302,0.172565758228302,1,False,23,True
LR-L1-WEAK-REG,4,var_2,0.18107940256595612,0.18107940256595612,1,False,23,True
LR-L1-WEAK-REG,4,var_3,0.032400570809841156,0.032400570809841156,1,False,23,True
LR-L1-WEAK-REG,4,var_4,0.042446255683898926,0.042446255683898926,1,False,23,True
LR-L1-WEAK-REG,4,var_5,0.11135870218276978,0.11135870218276978,1,False,23,True
LR-L1-WEAK-REG,4,var_6,0.23040278255939484,0.23040278255939484,1,False,23,True
LR-L1-WEAK-REG,4,var_7,-0.014890886843204498,0.014890886843204498,-1,False,23,True
LR-L1-WEAK-REG,4,var_8,0.05755599960684776,0.05755599960684776,1,False,23,True
LR-L1-WEAK-REG,4,var_9,-0.14714688062667847,0.14714688062667847,-1,False,23,True
LR-L1-WEAK-REG,4,var_10,-0.004782091360539198,0.004782091360539198,-1,False,23,True
LR-L1-WEAK-REG,4,var_11,0.07596921920776367,0.07596921920776367,1,False,23,True
LR-L1-WEAK-REG,4,var_12,-0.21251553297042847,0.21251553297042847,-1,False,23,True
LR-L1-WEAK-REG,4,var_13,-0.18240390717983246,0.18240390717983246,-1,False,23,True
LR-L1-WEAK-REG,4,var_14,-0.013653726316988468,0.013653726316988468,-1,False,23,True
LR-L1-WEAK-REG,4,var_15,0.059648919850587845,0.059648919850587845,1,False,23,True
LR-L1-WEAK-REG,4,var_16,0.018875282257795334,0.018875282257795334,1,False,23,True
LR-L1-WEAK-REG,4,var_17,0.0021014211233705282,0.0021014211233705282,1,False,23,True
LR-L1-WEAK-REG,4,var_18,0.1404450386762619,0.1404450386762619,1,False,23,True
LR-L1-WEAK-REG,4,var_19,0.04335084930062294,0.04335084930062294,1,False,23,True
LR-L1-WEAK-REG,4,var_20,-0.06237845867872238,0.06237845867872238,-1,False,23,True
LR-L1-WEAK-REG,4,var_21,-0.1973697692155838,0.1973697692155838,-1,False,23,True
LR-L1-WEAK-REG,4,var_22,0.20186291635036469,0.20186291635036469,1,False,23,True
LR-L1-WEAK-REG,4,var_23,-0.08283410966396332,0.08283410966396332,-1,False,23,True
LR-L1-WEAK-REG,4,var_24,0.08075093477964401,0.08075093477964401,1,False,23,True
LR-L1-WEAK-REG,4,var_25,0.05685531347990036,0.05685531347990036,1,False,23,True
LR-L1-WEAK-REG,4,var_26,0.2019018530845642,0.2019018530845642,1,False,23,True
LR-L1-WEAK-REG,4,var_27,-0.0049059526063501835,0.0049059526063501835,-1,False,23,True
LR-L1-WEAK-REG,4,var_28,-0.08262750506401062,0.08262750506401062,-1,False,23,True
LR-L1-WEAK-REG,4,var_29,0.022401442751288414,0.022401442751288414,1,False,23,True
LR-L1-WEAK-REG,4,var_30,-0.00436208862811327,0.00436208862811327,-1,False,23,True
LR-L1-WEAK-REG,4,var_31,-0.08779118210077286,0.08779118210077286,-1,False,23,True
LR-L1-WEAK-REG,4,var_32,0.1027127280831337,0.1027127280831337,1,False,23,True
LR-L1-WEAK-REG,4,var_33,-0.1507074534893036,0.1507074534893036,-1,False,23,True
LR-L1-WEAK-REG,4,var_34,-0.1835823506116867,0.1835823506116867,-1,False,23,True
LR-L1-WEAK-REG,4,var_35,0.1238197535276413,0.1238197535276413,1,False,23,True
LR-L1-WEAK-REG,4,var_36,-0.12219439446926117,0.12219439446926117,-1,False,23,True
LR-L1-WEAK-REG,4,var_37,0.03858881816267967,0.03858881816267967,1,False,23,True
LR-L1-WEAK-REG,4,var_38,0.012073994614183903,0.012073994614183903,1,False,23,True
LR-L1-WEAK-REG,4,var_39,-0.020096944645047188,0.020096944645047188,-1,False,23,True
LR-L1-WEAK-REG,4,var_40,0.16274218261241913,0.16274218261241913,1,False,23,True
LR-L1-WEAK-REG,4,var_41,0.0015492584789171815,0.0015492584789171815,1,False,23,True
LR-L1-WEAK-REG,4,var_42,-0.019228750839829445,0.019228750839829445,-1,False,23,True
LR-L1-WEAK-REG,4,var_43,-0.09322364628314972,0.09322364628314972,-1,False,23,True
LR-L1-WEAK-REG,4,var_44,-0.163300022482872,0.163300022482872,-1,False,23,True
LR-L1-WEAK-REG,4,var_45,-0.08086951076984406,0.08086951076984406,-1,False,23,True
LR-L1-WEAK-REG,4,var_46,0.01325638871639967,0.01325638871639967,1,False,23,True
LR-L1-WEAK-REG,4,var_47,0.03254695609211922,0.03254695609211922,1,False,23,True
LR-L1-WEAK-REG,4,var_48,0.09896747022867203,0.09896747022867203,1,False,23,True
LR-L1-WEAK-REG,4,var_49,0.10257095843553543,0.10257095843553543,1,False,23,True
LR-L1-WEAK-REG,4,var_50,-0.05170346051454544,0.05170346051454544,-1,False,23,True
LR-L1-WEAK-REG,4,var_51,0.06772293895483017,0.06772293895483017,1,False,23,True
LR-L1-WEAK-REG,4,var_52,0.09014377743005753,0.09014377743005753,1,False,23,True
LR-L1-WEAK-REG,4,var_53,0.2143975794315338,0.2143975794315338,1,False,23,True
LR-L1-WEAK-REG,4,var_54,-0.05895078927278519,0.05895078927278519,-1,False,23,True
LR-L1-WEAK-REG,4,var_55,0.05262158811092377,0.05262158811092377,1,False,23,True
LR-L1-WEAK-REG,4,var_56,-0.10928115993738174,0.10928115993738174,-1,False,23,True
LR-L1-WEAK-REG,4,var_57,-0.04827280715107918,0.04827280715107918,-1,False,23,True
LR-L1-WEAK-REG,4,var_58,-0.08124913275241852,0.08124913275241852,-1,False,23,True
LR-L1-WEAK-REG,4,var_59,-0.029290813952684402,0.029290813952684402,-1,False,23,True
LR-L1-WEAK-REG,4,var_60,0.031774796545505524,0.031774796545505524,1,False,23,True
LR-L1-WEAK-REG,4,var_61,0.02545693702995777,0.02545693702995777,1,False,23,True
LR-L1-WEAK-REG,4,var_62,0.05181702971458435,0.05181702971458435,1,False,23,True
LR-L1-WEAK-REG,4,var_63,-0.052059486508369446,0.052059486508369446,-1,False,23,True
LR-L1-WEAK-REG,4,var_64,-0.05022970959544182,0.05022970959544182,-1,False,23,True
LR-L1-WEAK-REG,4,var_65,0.043585751205682755,0.043585751205682755,1,False,23,True
LR-L1-WEAK-REG,4,var_66,0.07310885936021805,0.07310885936021805,1,False,23,True
LR-L1-WEAK-REG,4,var_67,0.1584765464067459,0.1584765464067459,1,False,23,True
LR-L1-WEAK-REG,4,var_68,-0.043029431253671646,0.043029431253671646,-1,False,23,True
LR-L1-WEAK-REG,4,var_69,0.017997130751609802,0.017997130751609802,1,False,23,True
LR-L1-WEAK-REG,4,var_70,0.09965820610523224,0.09965820610523224,1,False,23,True
LR-L1-WEAK-REG,4,var_71,0.10589919239282608,0.10589919239282608,1,False,23,True
LR-L1-WEAK-REG,4,var_72,-0.03862371668219566,0.03862371668219566,-1,False,23,True
LR-L1-WEAK-REG,4,var_73,-0.02908639796078205,0.02908639796078205,-1,False,23,True
LR-L1-WEAK-REG,4,var_74,0.05976918339729309,0.05976918339729309,1,False,23,True
LR-L1-WEAK-REG,4,var_75,-0.1222396120429039,0.1222396120429039,-1,False,23,True
LR-L1-WEAK-REG,4,var_76,-0.2098464071750641,0.2098464071750641,-1,False,23,True
LR-L1-WEAK-REG,4,var_77,-0.05323440581560135,0.05323440581560135,-1,False,23,True
LR-L1-WEAK-REG,4,var_78,0.16318586468696594,0.16318586468696594,1,False,23,True
LR-L1-WEAK-REG,4,var_79,0.017542801797389984,0.017542801797389984,1,False,23,True
LR-L1-WEAK-REG,4,var_80,-0.1834554821252823,0.1834554821252823,-1,False,23,True
LR-L1-WEAK-REG,4,var_81,-0.26003557443618774,0.26003557443618774,-1,False,23,True
LR-L1-WEAK-REG,4,var_82,0.07722398638725281,0.07722398638725281,1,False,23,True
LR-L1-WEAK-REG,4,var_83,-0.06482183933258057,0.06482183933258057,-1,False,23,True
LR-L1-WEAK-REG,4,var_84,0.03848754242062569,0.03848754242062569,1,False,23,True
LR-L1-WEAK-REG,4,var_85,-0.06174071878194809,0.06174071878194809,-1,False,23,True
LR-L1-WEAK-REG,4,var_86,-0.11618582904338837,0.11618582904338837,-1,False,23,True
LR-L1-WEAK-REG,4,var_87,-0.10814022272825241,0.10814022272825241,-1,False,23,True
LR-L1-WEAK-REG,4,var_88,-0.07274290919303894,0.07274290919303894,-1,False,23,True
LR-L1-WEAK-REG,4,var_89,0.14100788533687592,0.14100788533687592,1,False,23,True
LR-L1-WEAK-REG,4,var_90,0.09921358525753021,0.09921358525753021,1,False,23,True
LR-L1-WEAK-REG,4,var_91,0.12204602360725403,0.12204602360725403,1,False,23,True
LR-L1-WEAK-REG,4,var_92,-0.14854615926742554,0.14854615926742554,-1,False,23,True
LR-L1-WEAK-REG,4,var_93,-0.10679411143064499,0.10679411143064499,-1,False,23,True
LR-L1-WEAK-REG,4,var_94,0.16556377708911896,0.16556377708911896,1,False,23,True
LR-L1-WEAK-REG,4,var_95,0.12976038455963135,0.12976038455963135,1,False,23,True
LR-L1-WEAK-REG,4,var_96,0.0025350747164338827,0.0025350747164338827,1,False,23,True
LR-L1-WEAK-REG,4,var_97,0.05212543159723282,0.05212543159723282,1,False,23,True
LR-L1-WEAK-REG,4,var_98,-0.019126087427139282,0.019126087427139282,-1,False,23,True
LR-L1-WEAK-REG,4,var_99,0.1968679428100586,0.1968679428100586,1,False,23,True
LR-L1-WEAK-REG,4,var_100,0.010107035748660564,0.010107035748660564,1,False,23,True
LR-L1-WEAK-REG,4,var_101,-0.030732564628124237,0.030732564628124237,-1,False,23,True
LR-L1-WEAK-REG,4,var_102,-0.058516886085271835,0.058516886085271835,-1,False,23,True
LR-L1-WEAK-REG,4,var_103,-0.00251374882645905,0.00251374882645905,-1,False,23,True
LR-L1-WEAK-REG,4,var_104,-0.08776447921991348,0.08776447921991348,-1,False,23,True
LR-L1-WEAK-REG,4,var_105,0.07646524161100388,0.07646524161100388,1,False,23,True
LR-L1-WEAK-REG,4,var_106,0.1132999062538147,0.1132999062538147,1,False,23,True
LR-L1-WEAK-REG,4,var_107,-0.1463172882795334,0.1463172882795334,-1,False,23,True
LR-L1-WEAK-REG,4,var_108,-0.1428491175174713,0.1428491175174713,-1,False,23,True
LR-L1-WEAK-REG,4,var_109,-0.16900135576725006,0.16900135576725006,-1,False,23,True
LR-L1-WEAK-REG,4,var_110,0.2102854698896408,0.2102854698896408,1,False,23,True
LR-L1-WEAK-REG,4,var_111,0.0870986357331276,0.0870986357331276,1,False,23,True
LR-L1-WEAK-REG,4,var_112,0.07440036535263062,0.07440036535263062,1,False,23,True
LR-L1-WEAK-REG,4,var_113,-0.05470277741551399,0.05470277741551399,-1,False,23,True
LR-L1-WEAK-REG,4,var_114,-0.07641056180000305,0.07641056180000305,-1,False,23,True
LR-L1-WEAK-REG,4,var_115,-0.16443338990211487,0.16443338990211487,-1,False,23,True
LR-L1-WEAK-REG,4,var_116,-0.06443103402853012,0.06443103402853012,-1,False,23,True
LR-L1-WEAK-REG,4,var_117,0.004822447896003723,0.004822447896003723,1,False,23,True
LR-L1-WEAK-REG,4,var_118,0.14569862186908722,0.14569862186908722,1,False,23,True
LR-L1-WEAK-REG,4,var_119,0.0916767343878746,0.0916767343878746,1,False,23,True
LR-L1-WEAK-REG,4,var_120,-0.04069279134273529,0.04069279134273529,-1,False,23,True
LR-L1-WEAK-REG,4,var_121,-0.12336339801549911,0.12336339801549911,-1,False,23,True
LR-L1-WEAK-REG,4,var_122,-0.13958977162837982,0.13958977162837982,-1,False,23,True
LR-L1-WEAK-REG,4,var_123,-0.12210114300251007,0.12210114300251007,-1,False,23,True
LR-L1-WEAK-REG,4,var_124,0.015303515829145908,0.015303515829145908,1,False,23,True
LR-L1-WEAK-REG,4,var_125,0.08983155339956284,0.08983155339956284,1,False,23,True
LR-L1-WEAK-REG,4,var_126,0.01402482483536005,0.01402482483536005,1,False,23,True
LR-L1-WEAK-REG,4,var_127,-0.1270671933889389,0.1270671933889389,-1,False,23,True
LR-L1-WEAK-REG,4,var_128,0.08986105769872665,0.08986105769872665,1,False,23,True
LR-L1-WEAK-REG,4,var_129,-0.029526401311159134,0.029526401311159134,-1,False,23,True
LR-L1-WEAK-REG,4,var_130,0.11180074512958527,0.11180074512958527,1,False,23,True
LR-L1-WEAK-REG,4,var_131,-0.10016686469316483,0.10016686469316483,-1,False,23,True
LR-L1-WEAK-REG,4,var_132,-0.10096020996570587,0.10096020996570587,-1,False,23,True
LR-L1-WEAK-REG,4,var_133,0.1755799800157547,0.1755799800157547,1,False,23,True
LR-L1-WEAK-REG,4,var_134,0.060837335884571075,0.060837335884571075,1,False,23,True
LR-L1-WEAK-REG,4,var_135,0.08978009968996048,0.08978009968996048,1,False,23,True
LR-L1-WEAK-REG,4,var_136,-0.022618263959884644,0.022618263959884644,-1,False,23,True
LR-L1-WEAK-REG,4,var_137,0.08697014302015305,0.08697014302015305,1,False,23,True
LR-L1-WEAK-REG,4,var_138,0.05565877631306648,0.05565877631306648,1,False,23,True
LR-L1-WEAK-REG,4,var_139,-0.24034112691879272,0.24034112691879272,-1,False,23,True
LR-L1-WEAK-REG,4,var_140,0.05468352511525154,0.05468352511525154,1,False,23,True
LR-L1-WEAK-REG,4,var_141,-0.10912198573350906,0.10912198573350906,-1,False,23,True
LR-L1-WEAK-REG,4,var_142,-0.061508581042289734,0.061508581042289734,-1,False,23,True
LR-L1-WEAK-REG,4,var_143,-0.03757033869624138,0.03757033869624138,-1,False,23,True
LR-L1-WEAK-REG,4,var_144,0.06840211153030396,0.06840211153030396,1,False,23,True
LR-L1-WEAK-REG,4,var_145,0.0973634347319603,0.0973634347319603,1,False,23,True
LR-L1-WEAK-REG,4,var_146,-0.20841482281684875,0.20841482281684875,-1,False,23,True
LR-L1-WEAK-REG,4,var_147,0.13209140300750732,0.13209140300750732,1,False,23,True
LR-L1-WEAK-REG,4,var_148,-0.1757493019104004,0.1757493019104004,-1,False,23,True
LR-L1-WEAK-REG,4,var_149,-0.15959815680980682,0.15959815680980682,-1,False,23,True
LR-L1-WEAK-REG,4,var_150,-0.09545725584030151,0.09545725584030151,-1,False,23,True
LR-L1-WEAK-REG,4,var_151,0.08793452382087708,0.08793452382087708,1,False,23,True
LR-L1-WEAK-REG,4,var_152,-0.0389227457344532,0.0389227457344532,-1,False,23,True
LR-L1-WEAK-REG,4,var_153,-0.015328708104789257,0.015328708104789257,-1,False,23,True
LR-L1-WEAK-REG,4,var_154,-0.15394234657287598,0.15394234657287598,-1,False,23,True
LR-L1-WEAK-REG,4,var_155,0.13826990127563477,0.13826990127563477,1,False,23,True
LR-L1-WEAK-REG,4,var_156,-0.06638755649328232,0.06638755649328232,-1,False,23,True
LR-L1-WEAK-REG,4,var_157,0.09621922671794891,0.09621922671794891,1,False,23,True
LR-L1-WEAK-REG,4,var_158,-0.015135426074266434,0.015135426074266434,-1,False,23,True
LR-L1-WEAK-REG,4,var_159,0.05236954241991043,0.05236954241991043,1,False,23,True
LR-L1-WEAK-REG,4,var_160,-0.011089394800364971,0.011089394800364971,-1,False,23,True
LR-L1-WEAK-REG,4,var_161,0.020097577944397926,0.020097577944397926,1,False,23,True
LR-L1-WEAK-REG,4,var_162,0.1169661432504654,0.1169661432504654,1,False,23,True
LR-L1-WEAK-REG,4,var_163,0.10331854969263077,0.10331854969263077,1,False,23,True
LR-L1-WEAK-REG,4,var_164,0.13741296529769897,0.13741296529769897,1,False,23,True
LR-L1-WEAK-REG,4,var_165,-0.16705209016799927,0.16705209016799927,-1,False,23,True
LR-L1-WEAK-REG,4,var_166,-0.17576241493225098,0.17576241493225098,-1,False,23,True
LR-L1-WEAK-REG,4,var_167,0.09471287578344345,0.09471287578344345,1,False,23,True
LR-L1-WEAK-REG,4,var_168,0.048990484327077866,0.048990484327077866,1,False,23,True
LR-L1-WEAK-REG,4,var_169,-0.16067935526371002,0.16067935526371002,-1,False,23,True
LR-L1-WEAK-REG,4,var_170,0.15994557738304138,0.15994557738304138,1,False,23,True
LR-L1-WEAK-REG,4,var_171,0.06240939721465111,0.06240939721465111,1,False,23,True
LR-L1-WEAK-REG,4,var_172,-0.12238600105047226,0.12238600105047226,-1,False,23,True
LR-L1-WEAK-REG,4,var_173,0.14445392787456512,0.14445392787456512,1,False,23,True
LR-L1-WEAK-REG,4,var_174,-0.1978996992111206,0.1978996992111206,-1,False,23,True
LR-L1-WEAK-REG,4,var_175,0.08355724811553955,0.08355724811553955,1,False,23,True
LR-L1-WEAK-REG,4,var_176,0.04041780158877373,0.04041780158877373,1,False,23,True
LR-L1-WEAK-REG,4,var_177,-0.11705160140991211,0.11705160140991211,-1,False,23,True
LR-L1-WEAK-REG,4,var_178,-0.060335271060466766,0.060335271060466766,-1,False,23,True
LR-L1-WEAK-REG,4,var_179,0.15568694472312927,0.15568694472312927,1,False,23,True
LR-L1-WEAK-REG,4,var_180,0.10140513628721237,0.10140513628721237,1,False,23,True
LR-L1-WEAK-REG,4,var_181,0.05006641149520874,0.05006641149520874,1,False,23,True
LR-L1-WEAK-REG,4,var_182,-0.04438241571187973,0.04438241571187973,-1,False,23,True
LR-L1-WEAK-REG,4,var_183,-0.008127543143928051,0.008127543143928051,-1,False,23,True
LR-L1-WEAK-REG,4,var_184,0.15010283887386322,0.15010283887386322,1,False,23,True
LR-L1-WEAK-REG,4,var_185,0.0037297194357961416,0.0037297194357961416,1,False,23,True
LR-L1-WEAK-REG,4,var_186,-0.08932303637266159,0.08932303637266159,-1,False,23,True
LR-L1-WEAK-REG,4,var_187,0.04991373419761658,0.04991373419761658,1,False,23,True
LR-L1-WEAK-REG,4,var_188,-0.12725257873535156,0.12725257873535156,-1,False,23,True
LR-L1-WEAK-REG,4,var_189,0.012757969088852406,0.012757969088852406,1,False,23,True
LR-L1-WEAK-REG,4,var_190,0.1914971023797989,0.1914971023797989,1,False,23,True
LR-L1-WEAK-REG,4,var_191,0.15094703435897827,0.15094703435897827,1,False,23,True
LR-L1-WEAK-REG,4,var_192,-0.1405717134475708,0.1405717134475708,-1,False,23,True
LR-L1-WEAK-REG,4,var_193,-0.062324486672878265,0.062324486672878265,-1,False,23,True
LR-L1-WEAK-REG,4,var_194,-0.07248435914516449,0.07248435914516449,-1,False,23,True
LR-L1-WEAK-REG,4,var_195,0.10145493596792221,0.10145493596792221,1,False,23,True
LR-L1-WEAK-REG,4,var_196,0.0764959380030632,0.0764959380030632,1,False,23,True
LR-L1-WEAK-REG,4,var_197,-0.12403631955385208,0.12403631955385208,-1,False,23,True
LR-L1-WEAK-REG,4,var_198,-0.18177977204322815,0.18177977204322815,-1,False,23,True
LR-L1-WEAK-REG,4,var_199,0.0903925970196724,0.0903925970196724,1,False,23,True
LR-L1-WEAK-REG,5,var_0,0.16456441581249237,0.16456441581249237,1,False,20,True
LR-L1-WEAK-REG,5,var_1,0.15863899886608124,0.15863899886608124,1,False,20,True
LR-L1-WEAK-REG,5,var_2,0.16526032984256744,0.16526032984256744,1,False,20,True
LR-L1-WEAK-REG,5,var_3,0.03433036059141159,0.03433036059141159,1,False,20,True
LR-L1-WEAK-REG,5,var_4,0.032100725919008255,0.032100725919008255,1,False,20,True
LR-L1-WEAK-REG,5,var_5,0.11720289289951324,0.11720289289951324,1,False,20,True
LR-L1-WEAK-REG,5,var_6,0.22764573991298676,0.22764573991298676,1,False,20,True
LR-L1-WEAK-REG,5,var_7,-0.01555102039128542,0.01555102039128542,-1,False,20,True
LR-L1-WEAK-REG,5,var_8,0.06578503549098969,0.06578503549098969,1,False,20,True
LR-L1-WEAK-REG,5,var_9,-0.14077265560626984,0.14077265560626984,-1,False,20,True
LR-L1-WEAK-REG,5,var_10,-0.007869666442275047,0.007869666442275047,-1,False,20,True
LR-L1-WEAK-REG,5,var_11,0.08017224073410034,0.08017224073410034,1,False,20,True
LR-L1-WEAK-REG,5,var_12,-0.22268767654895782,0.22268767654895782,-1,False,20,True
LR-L1-WEAK-REG,5,var_13,-0.17923206090927124,0.17923206090927124,-1,False,20,True
LR-L1-WEAK-REG,5,var_14,-0.01941017061471939,0.01941017061471939,-1,False,20,True
LR-L1-WEAK-REG,5,var_15,0.0652904212474823,0.0652904212474823,1,False,20,True
LR-L1-WEAK-REG,5,var_16,0.012338871136307716,0.012338871136307716,1,False,20,True
LR-L1-WEAK-REG,5,var_17,-0.0009708013967610896,0.0009708013967610896,-1,False,20,True
LR-L1-WEAK-REG,5,var_18,0.12421682476997375,0.12421682476997375,1,False,20,True
LR-L1-WEAK-REG,5,var_19,0.039791710674762726,0.039791710674762726,1,False,20,True
LR-L1-WEAK-REG,5,var_20,-0.06656844168901443,0.06656844168901443,-1,False,20,True
LR-L1-WEAK-REG,5,var_21,-0.20158833265304565,0.20158833265304565,-1,False,20,True
LR-L1-WEAK-REG,5,var_22,0.198211207985878,0.198211207985878,1,False,20,True
LR-L1-WEAK-REG,5,var_23,-0.09623635560274124,0.09623635560274124,-1,False,20,True
LR-L1-WEAK-REG,5,var_24,0.08169450610876083,0.08169450610876083,1,False,20,True
LR-L1-WEAK-REG,5,var_25,0.06193583831191063,0.06193583831191063,1,False,20,True
LR-L1-WEAK-REG,5,var_26,0.2008720189332962,0.2008720189332962,1,False,20,True
LR-L1-WEAK-REG,5,var_27,-0.007599556818604469,0.007599556818604469,-1,False,20,True
LR-L1-WEAK-REG,5,var_28,-0.07687917351722717,0.07687917351722717,-1,False,20,True
LR-L1-WEAK-REG,5,var_29,0.011186202988028526,0.011186202988028526,1,False,20,True
LR-L1-WEAK-REG,5,var_30,0.0005925876903347671,0.0005925876903347671,1,False,20,True
LR-L1-WEAK-REG,5,var_31,-0.08434998244047165,0.08434998244047165,-1,False,20,True
LR-L1-WEAK-REG,5,var_32,0.10162457823753357,0.10162457823753357,1,False,20,True
LR-L1-WEAK-REG,5,var_33,-0.16438095271587372,0.16438095271587372,-1,False,20,True
LR-L1-WEAK-REG,5,var_34,-0.19240720570087433,0.19240720570087433,-1,False,20,True
LR-L1-WEAK-REG,5,var_35,0.11873279511928558,0.11873279511928558,1,False,20,True
LR-L1-WEAK-REG,5,var_36,-0.1358136683702469,0.1358136683702469,-1,False,20,True
LR-L1-WEAK-REG,5,var_37,0.022308817133307457,0.022308817133307457,1,False,20,True
LR-L1-WEAK-REG,5,var_38,0.013365548104047775,0.013365548104047775,1,False,20,True
LR-L1-WEAK-REG,5,var_39,-0.029879195615649223,0.029879195615649223,-1,False,20,True
LR-L1-WEAK-REG,5,var_40,0.17277289927005768,0.17277289927005768,1,False,20,True
LR-L1-WEAK-REG,5,var_41,0.006506317760795355,0.006506317760795355,1,False,20,True
LR-L1-WEAK-REG,5,var_42,-0.03802001103758812,0.03802001103758812,-1,False,20,True
LR-L1-WEAK-REG,5,var_43,-0.10116240382194519,0.10116240382194519,-1,False,20,True
LR-L1-WEAK-REG,5,var_44,-0.17207637429237366,0.17207637429237366,-1,False,20,True
LR-L1-WEAK-REG,5,var_45,-0.07149406522512436,0.07149406522512436,-1,False,20,True
LR-L1-WEAK-REG,5,var_46,0.01868780516088009,0.01868780516088009,1,False,20,True
LR-L1-WEAK-REG,5,var_47,0.03565201535820961,0.03565201535820961,1,False,20,True
LR-L1-WEAK-REG,5,var_48,0.1024952381849289,0.1024952381849289,1,False,20,True
LR-L1-WEAK-REG,5,var_49,0.08947418630123138,0.08947418630123138,1,False,20,True
LR-L1-WEAK-REG,5,var_50,-0.04376519098877907,0.04376519098877907,-1,False,20,True
LR-L1-WEAK-REG,5,var_51,0.06804483383893967,0.06804483383893967,1,False,20,True
LR-L1-WEAK-REG,5,var_52,0.09213896840810776,0.09213896840810776,1,False,20,True
LR-L1-WEAK-REG,5,var_53,0.2160637527704239,0.2160637527704239,1,False,20,True
LR-L1-WEAK-REG,5,var_54,-0.05152909830212593,0.05152909830212593,-1,False,20,True
LR-L1-WEAK-REG,5,var_55,0.06253349035978317,0.06253349035978317,1,False,20,True
LR-L1-WEAK-REG,5,var_56,-0.10165224224328995,0.10165224224328995,-1,False,20,True
LR-L1-WEAK-REG,5,var_57,-0.05213269218802452,0.05213269218802452,-1,False,20,True
LR-L1-WEAK-REG,5,var_58,-0.07688354700803757,0.07688354700803757,-1,False,20,True
LR-L1-WEAK-REG,5,var_59,-0.04049387201666832,0.04049387201666832,-1,False,20,True
LR-L1-WEAK-REG,5,var_60,0.03450730815529823,0.03450730815529823,1,False,20,True
LR-L1-WEAK-REG,5,var_61,0.02498733066022396,0.02498733066022396,1,False,20,True
LR-L1-WEAK-REG,5,var_62,0.05235829949378967,0.05235829949378967,1,False,20,True
LR-L1-WEAK-REG,5,var_63,-0.05721669644117355,0.05721669644117355,-1,False,20,True
LR-L1-WEAK-REG,5,var_64,-0.047342605888843536,0.047342605888843536,-1,False,20,True
LR-L1-WEAK-REG,5,var_65,0.0339924581348896,0.0339924581348896,1,False,20,True
LR-L1-WEAK-REG,5,var_66,0.06665930151939392,0.06665930151939392,1,False,20,True
LR-L1-WEAK-REG,5,var_67,0.15452904999256134,0.15452904999256134,1,False,20,True
LR-L1-WEAK-REG,5,var_68,-0.04392063245177269,0.04392063245177269,-1,False,20,True
LR-L1-WEAK-REG,5,var_69,0.019672580063343048,0.019672580063343048,1,False,20,True
LR-L1-WEAK-REG,5,var_70,0.0895356759428978,0.0895356759428978,1,False,20,True
LR-L1-WEAK-REG,5,var_71,0.11348593980073929,0.11348593980073929,1,False,20,True
LR-L1-WEAK-REG,5,var_72,-0.046751078218221664,0.046751078218221664,-1,False,20,True
LR-L1-WEAK-REG,5,var_73,-0.02275586873292923,0.02275586873292923,-1,False,20,True
LR-L1-WEAK-REG,5,var_74,0.06225560978055,0.06225560978055,1,False,20,True
LR-L1-WEAK-REG,5,var_75,-0.12956522405147552,0.12956522405147552,-1,False,20,True
LR-L1-WEAK-REG,5,var_76,-0.20813779532909393,0.20813779532909393,-1,False,20,True
LR-L1-WEAK-REG,5,var_77,-0.06000145524740219,0.06000145524740219,-1,False,20,True
LR-L1-WEAK-REG,5,var_78,0.16007530689239502,0.16007530689239502,1,False,20,True
LR-L1-WEAK-REG,5,var_79,0.017364948987960815,0.017364948987960815,1,False,20,True
LR-L1-WEAK-REG,5,var_80,-0.18075889348983765,0.18075889348983765,-1,False,20,True
LR-L1-WEAK-REG,5,var_81,-0.25609228014945984,0.25609228014945984,-1,False,20,True
LR-L1-WEAK-REG,5,var_82,0.07826835662126541,0.07826835662126541,1,False,20,True
LR-L1-WEAK-REG,5,var_83,-0.07154681533575058,0.07154681533575058,-1,False,20,True
LR-L1-WEAK-REG,5,var_84,0.030933983623981476,0.030933983623981476,1,False,20,True
LR-L1-WEAK-REG,5,var_85,-0.07959878444671631,0.07959878444671631,-1,False,20,True
LR-L1-WEAK-REG,5,var_86,-0.11852285265922546,0.11852285265922546,-1,False,20,True
LR-L1-WEAK-REG,5,var_87,-0.11784707754850388,0.11784707754850388,-1,False,20,True
LR-L1-WEAK-REG,5,var_88,-0.07387283444404602,0.07387283444404602,-1,False,20,True
LR-L1-WEAK-REG,5,var_89,0.14023719727993011,0.14023719727993011,1,False,20,True
LR-L1-WEAK-REG,5,var_90,0.08620449900627136,0.08620449900627136,1,False,20,True
LR-L1-WEAK-REG,5,var_91,0.11996594816446304,0.11996594816446304,1,False,20,True
LR-L1-WEAK-REG,5,var_92,-0.1471429318189621,0.1471429318189621,-1,False,20,True
LR-L1-WEAK-REG,5,var_93,-0.11296556890010834,0.11296556890010834,-1,False,20,True
LR-L1-WEAK-REG,5,var_94,0.162939190864563,0.162939190864563,1,False,20,True
LR-L1-WEAK-REG,5,var_95,0.12120381742715836,0.12120381742715836,1,False,20,True
LR-L1-WEAK-REG,5,var_96,0.00717530120164156,0.00717530120164156,1,False,20,True
LR-L1-WEAK-REG,5,var_97,0.04643275961279869,0.04643275961279869,1,False,20,True
LR-L1-WEAK-REG,5,var_98,-0.015143642202019691,0.015143642202019691,-1,False,20,True
LR-L1-WEAK-REG,5,var_99,0.1942257285118103,0.1942257285118103,1,False,20,True
LR-L1-WEAK-REG,5,var_100,0.0019833745900541544,0.0019833745900541544,1,False,20,True
LR-L1-WEAK-REG,5,var_101,-0.03281956911087036,0.03281956911087036,-1,False,20,True
LR-L1-WEAK-REG,5,var_102,-0.0714026466012001,0.0714026466012001,-1,False,20,True
LR-L1-WEAK-REG,5,var_103,-0.006873035803437233,0.006873035803437233,-1,False,20,True
LR-L1-WEAK-REG,5,var_104,-0.08280004560947418,0.08280004560947418,-1,False,20,True
LR-L1-WEAK-REG,5,var_105,0.07770439237356186,0.07770439237356186,1,False,20,True
LR-L1-WEAK-REG,5,var_106,0.10276593267917633,0.10276593267917633,1,False,20,True
LR-L1-WEAK-REG,5,var_107,-0.12540067732334137,0.12540067732334137,-1,False,20,True
LR-L1-WEAK-REG,5,var_108,-0.13223575055599213,0.13223575055599213,-1,False,20,True
LR-L1-WEAK-REG,5,var_109,-0.16673213243484497,0.16673213243484497,-1,False,20,True
LR-L1-WEAK-REG,5,var_110,0.21354518830776215,0.21354518830776215,1,False,20,True
LR-L1-WEAK-REG,5,var_111,0.0829414576292038,0.0829414576292038,1,False,20,True
LR-L1-WEAK-REG,5,var_112,0.07548434287309647,0.07548434287309647,1,False,20,True
LR-L1-WEAK-REG,5,var_113,-0.046437766402959824,0.046437766402959824,-1,False,20,True
LR-L1-WEAK-REG,5,var_114,-0.08521797508001328,0.08521797508001328,-1,False,20,True
LR-L1-WEAK-REG,5,var_115,-0.152975931763649,0.152975931763649,-1,False,20,True
LR-L1-WEAK-REG,5,var_116,-0.07890696823596954,0.07890696823596954,-1,False,20,True
LR-L1-WEAK-REG,5,var_117,0.0016178139485418797,0.0016178139485418797,1,False,20,True
LR-L1-WEAK-REG,5,var_118,0.1382037252187729,0.1382037252187729,1,False,20,True
LR-L1-WEAK-REG,5,var_119,0.09397756308317184,0.09397756308317184,1,False,20,True
LR-L1-WEAK-REG,5,var_120,-0.03052297607064247,0.03052297607064247,-1,False,20,True
LR-L1-WEAK-REG,5,var_121,-0.1262558251619339,0.1262558251619339,-1,False,20,True
LR-L1-WEAK-REG,5,var_122,-0.13921424746513367,0.13921424746513367,-1,False,20,True
LR-L1-WEAK-REG,5,var_123,-0.11875129491090775,0.11875129491090775,-1,False,20,True
LR-L1-WEAK-REG,5,var_124,0.02385609783232212,0.02385609783232212,1,False,20,True
LR-L1-WEAK-REG,5,var_125,0.09688755869865417,0.09688755869865417,1,False,20,True
LR-L1-WEAK-REG,5,var_126,0.015056266449391842,0.015056266449391842,1,False,20,True
LR-L1-WEAK-REG,5,var_127,-0.13315849006175995,0.13315849006175995,-1,False,20,True
LR-L1-WEAK-REG,5,var_128,0.09096549451351166,0.09096549451351166,1,False,20,True
LR-L1-WEAK-REG,5,var_129,-0.016109267249703407,0.016109267249703407,-1,False,20,True
LR-L1-WEAK-REG,5,var_130,0.11072148382663727,0.11072148382663727,1,False,20,True
LR-L1-WEAK-REG,5,var_131,-0.1094398945569992,0.1094398945569992,-1,False,20,True
LR-L1-WEAK-REG,5,var_132,-0.0855608806014061,0.0855608806014061,-1,False,20,True
LR-L1-WEAK-REG,5,var_133,0.16737434267997742,0.16737434267997742,1,False,20,True
LR-L1-WEAK-REG,5,var_134,0.064958855509758,0.064958855509758,1,False,20,True
LR-L1-WEAK-REG,5,var_135,0.06997404247522354,0.06997404247522354,1,False,20,True
LR-L1-WEAK-REG,5,var_136,-0.019117798656225204,0.019117798656225204,-1,False,20,True
LR-L1-WEAK-REG,5,var_137,0.09223759174346924,0.09223759174346924,1,False,20,True
LR-L1-WEAK-REG,5,var_138,0.06161535903811455,0.06161535903811455,1,False,20,True
LR-L1-WEAK-REG,5,var_139,-0.2478257119655609,0.2478257119655609,-1,False,20,True
LR-L1-WEAK-REG,5,var_140,0.059998270124197006,0.059998270124197006,1,False,20,True
LR-L1-WEAK-REG,5,var_141,-0.10203321278095245,0.10203321278095245,-1,False,20,True
LR-L1-WEAK-REG,5,var_142,-0.07164818793535233,0.07164818793535233,-1,False,20,True
LR-L1-WEAK-REG,5,var_143,-0.0394173301756382,0.0394173301756382,-1,False,20,True
LR-L1-WEAK-REG,5,var_144,0.061487846076488495,0.061487846076488495,1,False,20,True
LR-L1-WEAK-REG,5,var_145,0.1023009717464447,0.1023009717464447,1,False,20,True
LR-L1-WEAK-REG,5,var_146,-0.2108948975801468,0.2108948975801468,-1,False,20,True
LR-L1-WEAK-REG,5,var_147,0.13139128684997559,0.13139128684997559,1,False,20,True
LR-L1-WEAK-REG,5,var_148,-0.169928640127182,0.169928640127182,-1,False,20,True
LR-L1-WEAK-REG,5,var_149,-0.14835409820079803,0.14835409820079803,-1,False,20,True
LR-L1-WEAK-REG,5,var_150,-0.09499122947454453,0.09499122947454453,-1,False,20,True
LR-L1-WEAK-REG,5,var_151,0.08443883806467056,0.08443883806467056,1,False,20,True
LR-L1-WEAK-REG,5,var_152,-0.03797266259789467,0.03797266259789467,-1,False,20,True
LR-L1-WEAK-REG,5,var_153,-0.02124125324189663,0.02124125324189663,-1,False,20,True
LR-L1-WEAK-REG,5,var_154,-0.15849098563194275,0.15849098563194275,-1,False,20,True
LR-L1-WEAK-REG,5,var_155,0.13719363510608673,0.13719363510608673,1,False,20,True
LR-L1-WEAK-REG,5,var_156,-0.07015655189752579,0.07015655189752579,-1,False,20,True
LR-L1-WEAK-REG,5,var_157,0.11559165269136429,0.11559165269136429,1,False,20,True
LR-L1-WEAK-REG,5,var_158,-0.0157034732401371,0.0157034732401371,-1,False,20,True
LR-L1-WEAK-REG,5,var_159,0.04787284880876541,0.04787284880876541,1,False,20,True
LR-L1-WEAK-REG,5,var_160,-0.008906716480851173,0.008906716480851173,-1,False,20,True
LR-L1-WEAK-REG,5,var_161,0.01493313442915678,0.01493313442915678,1,False,20,True
LR-L1-WEAK-REG,5,var_162,0.11318228393793106,0.11318228393793106,1,False,20,True
LR-L1-WEAK-REG,5,var_163,0.09710386395454407,0.09710386395454407,1,False,20,True
LR-L1-WEAK-REG,5,var_164,0.13688775897026062,0.13688775897026062,1,False,20,True
LR-L1-WEAK-REG,5,var_165,-0.16312219202518463,0.16312219202518463,-1,False,20,True
LR-L1-WEAK-REG,5,var_166,-0.18860872089862823,0.18860872089862823,-1,False,20,True
LR-L1-WEAK-REG,5,var_167,0.09102833271026611,0.09102833271026611,1,False,20,True
LR-L1-WEAK-REG,5,var_168,0.04072141274809837,0.04072141274809837,1,False,20,True
LR-L1-WEAK-REG,5,var_169,-0.14329953491687775,0.14329953491687775,-1,False,20,True
LR-L1-WEAK-REG,5,var_170,0.1586037129163742,0.1586037129163742,1,False,20,True
LR-L1-WEAK-REG,5,var_171,0.05160671845078468,0.05160671845078468,1,False,20,True
LR-L1-WEAK-REG,5,var_172,-0.11895681172609329,0.11895681172609329,-1,False,20,True
LR-L1-WEAK-REG,5,var_173,0.1469123363494873,0.1469123363494873,1,False,20,True
LR-L1-WEAK-REG,5,var_174,-0.1904066950082779,0.1904066950082779,-1,False,20,True
LR-L1-WEAK-REG,5,var_175,0.07850202918052673,0.07850202918052673,1,False,20,True
LR-L1-WEAK-REG,5,var_176,0.034087423235177994,0.034087423235177994,1,False,20,True
LR-L1-WEAK-REG,5,var_177,-0.12443509697914124,0.12443509697914124,-1,False,20,True
LR-L1-WEAK-REG,5,var_178,-0.060514070093631744,0.060514070093631744,-1,False,20,True
LR-L1-WEAK-REG,5,var_179,0.16588662564754486,0.16588662564754486,1,False,20,True
LR-L1-WEAK-REG,5,var_180,0.11102060228586197,0.11102060228586197,1,False,20,True
LR-L1-WEAK-REG,5,var_181,0.05386576056480408,0.05386576056480408,1,False,20,True
LR-L1-WEAK-REG,5,var_182,-0.0427834652364254,0.0427834652364254,-1,False,20,True
LR-L1-WEAK-REG,5,var_183,-0.009139083325862885,0.009139083325862885,-1,False,20,True
LR-L1-WEAK-REG,5,var_184,0.16146069765090942,0.16146069765090942,1,False,20,True
LR-L1-WEAK-REG,5,var_185,-9.803755528992042e-05,9.803755528992042e-05,-1,False,20,True
LR-L1-WEAK-REG,5,var_186,-0.09980138391256332,0.09980138391256332,-1,False,20,True
LR-L1-WEAK-REG,5,var_187,0.05519455671310425,0.05519455671310425,1,False,20,True
LR-L1-WEAK-REG,5,var_188,-0.12689107656478882,0.12689107656478882,-1,False,20,True
LR-L1-WEAK-REG,5,var_189,0.021876012906432152,0.021876012906432152,1,False,20,True
LR-L1-WEAK-REG,5,var_190,0.19418026506900787,0.19418026506900787,1,False,20,True
LR-L1-WEAK-REG,5,var_191,0.1434345841407776,0.1434345841407776,1,False,20,True
LR-L1-WEAK-REG,5,var_192,-0.14509449899196625,0.14509449899196625,-1,False,20,True
LR-L1-WEAK-REG,5,var_193,-0.05802441015839577,0.05802441015839577,-1,False,20,True
LR-L1-WEAK-REG,5,var_194,-0.07596492022275925,0.07596492022275925,-1,False,20,True
LR-L1-WEAK-REG,5,var_195,0.1007566750049591,0.1007566750049591,1,False,20,True
LR-L1-WEAK-REG,5,var_196,0.06501730531454086,0.06501730531454086,1,False,20,True
LR-L1-WEAK-REG,5,var_197,-0.11867906898260117,0.11867906898260117,-1,False,20,True
LR-L1-WEAK-REG,5,var_198,-0.16738159954547882,0.16738159954547882,-1,False,20,True
LR-L1-WEAK-REG,5,var_199,0.08616085350513458,0.08616085350513458,1,False,20,True
