configuration_id,feature,mean_coefficient,std_coefficient,mean_absolute_coefficient,min_coefficient,max_coefficient,positive_fold_count,negative_fold_count,zero_fold_count,sign_consistency,selection_frequency,stability_ratio
LR-SELECTED-ROC,var_0,0.16289409399032592,0.0033281964244461846,0.16289409399032592,0.1572859287261963,0.16645441949367523,5,0,0,1.0,1.0,48.943653924338555
LR-SELECTED-ROC,var_1,0.15968469977378846,0.005782478530372002,0.15968469977378846,0.1540350317955017,0.17001311480998993,5,0,0,1.0,1.0,27.615268943075417
LR-SELECTED-ROC,var_2,0.17045870721340178,0.0056491559236468165,0.17045870721340178,0.1629553586244583,0.1785530000925064,5,0,0,1.0,1.0,30.174190537009526
LR-SELECTED-ROC,var_3,0.03575179800391197,0.0034427160826771036,0.03575179800391197,0.0319836400449276,0.04196503013372421,5,0,0,1.0,1.0,10.384765152085551
LR-SELECTED-ROC,var_4,0.03748737797141075,0.0037616633236768585,0.03748737797141075,0.031564295291900635,0.041773729026317596,5,0,0,1.0,1.0,9.9656388001163
LR-SELECTED-ROC,var_5,0.10378824323415756,0.008272814103928147,0.10378824323415756,0.09207171946763992,0.11534125357866287,5,0,0,1.0,1.0,12.54569991907269
LR-SELECTED-ROC,var_6,0.2218133568763733,0.003544917671853482,0.2218133568763733,0.2170019894838333,0.2268897444009781,5,0,0,1.0,1.0,62.57221673652661
LR-SELECTED-ROC,var_7,-0.013471995387226344,0.003240180067150436,0.013471995387226344,-0.016192378476262093,-0.007168281357735395,0,5,0,1.0,1.0,4.157792193034912
LR-SELECTED-ROC,var_8,0.06305688545107842,0.0045466195487504244,0.06305688545107842,0.056782182306051254,0.06922831386327744,5,0,0,1.0,1.0,13.86896017468751
LR-SELECTED-ROC,var_9,-0.13618114590644836,0.0053708429740662615,0.13618114590644836,-0.14490358531475067,-0.13015544414520264,0,5,0,1.0,1.0,25.355637199599617
LR-SELECTED-ROC,var_10,-0.004972408333560452,0.00351400092542252,0.005140368832508102,-0.009587752632796764,0.0004199012473691255,1,4,0,0.8,1.0,1.415027610717621
LR-SELECTED-ROC,var_11,0.07588173151016235,0.003809511284208144,0.07588173151016235,0.06951893866062164,0.0805160403251648,5,0,0,1.0,1.0,19.91902001306998
LR-SELECTED-ROC,var_12,-0.21484948098659515,0.006357393893506686,0.21484948098659515,-0.22365854680538177,-0.20629310607910156,0,5,0,1.0,1.0,33.795213036277424
LR-SELECTED-ROC,var_13,-0.17951396703720093,0.00295984244565791,0.17951396703720093,-0.18495072424411774,-0.17659664154052734,0,5,0,1.0,1.0,60.6498387441313
LR-SELECTED-ROC,var_14,-0.01751116942614317,0.0028471349619154478,0.01751116942614317,-0.021642064675688744,-0.013520249165594578,0,5,0,1.0,1.0,6.150452879957939
LR-SELECTED-ROC,var_15,0.059849171340465544,0.0036212114234249948,0.059849171340465544,0.054076988250017166,0.06426973640918732,5,0,0,1.0,1.0,16.52738941264458
LR-SELECTED-ROC,var_16,0.017144866473972797,0.004508206763971118,0.017144866473972797,0.012343863025307655,0.024855969473719597,5,0,0,1.0,1.0,3.8030346369627583
LR-SELECTED-ROC,var_17,0.0014967508031986654,0.003389723924309472,0.002826505352277309,-0.0024284448008984327,0.007493498269468546,3,2,0,0.6,1.0,0.44155537047267757
LR-SELECTED-ROC,var_18,0.13028773665428162,0.005181281882359339,0.13028773665428162,0.12252537906169891,0.13846224546432495,5,0,0,1.0,1.0,25.145849929119944
LR-SELECTED-ROC,var_19,0.036790679395198825,0.005319792395771524,0.036790679395198825,0.028738874942064285,0.042729493230581284,5,0,0,1.0,1.0,6.9158111178249415
LR-SELECTED-ROC,var_20,-0.06152767986059189,0.003521173298112082,0.06152767986059189,-0.06553303450345993,-0.056714415550231934,0,5,0,1.0,1.0,17.473630137311556
LR-SELECTED-ROC,var_21,-0.18882009088993074,0.007254316475153101,0.18882009088993074,-0.19853487610816956,-0.1803264617919922,0,5,0,1.0,1.0,26.028653634929807
LR-SELECTED-ROC,var_22,0.19732340574264526,0.002730424244540073,0.19732340574264526,0.1941734403371811,0.20185056328773499,5,0,0,1.0,1.0,72.26840522574813
LR-SELECTED-ROC,var_23,-0.09050725102424621,0.004648815692255198,0.09050725102424621,-0.09468958526849747,-0.08159705251455307,0,5,0,1.0,1.0,19.46888347822103
LR-SELECTED-ROC,var_24,0.08550720810890197,0.0046240839714235225,0.08550720810890197,0.0795193612575531,0.09108095616102219,5,0,0,1.0,1.0,18.49170746840363
LR-SELECTED-ROC,var_25,0.05128652602434158,0.006748051323261972,0.05128652602434158,0.04110516980290413,0.06093942001461983,5,0,0,1.0,1.0,7.600197978273269
LR-SELECTED-ROC,var_26,0.19900162220001222,0.004211831154071053,0.19900162220001222,0.19543172419071198,0.20697243511676788,5,0,0,1.0,1.0,47.24824308487572
LR-SELECTED-ROC,var_27,-0.008648993168026208,0.0026506835133431497,0.008648993168026208,-0.01248681079596281,-0.004715482238680124,0,5,0,1.0,1.0,3.262929400846132
LR-SELECTED-ROC,var_28,-0.07576147615909576,0.0029279793778138174,0.07576147615909576,-0.08130950480699539,-0.07284629344940186,0,5,0,1.0,1.0,25.875003332727534
LR-SELECTED-ROC,var_29,0.01685994677245617,0.004040894063645668,0.01685994677245617,0.010937581770122051,0.021969269961118698,5,0,0,1.0,1.0,4.172330802764057
LR-SELECTED-ROC,var_30,-0.0029970542891533114,0.0027203257865303595,0.0032349747270927764,-0.005856569390743971,0.0005948010948486626,1,4,0,0.8,1.0,1.101726235876939
LR-SELECTED-ROC,var_31,-0.08712483644485473,0.0054627475336684805,0.08712483644485473,-0.09780459851026535,-0.0830281525850296,0,5,0,1.0,1.0,15.948904083133227
LR-SELECTED-ROC,var_32,0.09904489368200302,0.0027359445784383356,0.09904489368200302,0.09363728761672974,0.10115847736597061,5,0,0,1.0,1.0,36.201352345568836
LR-SELECTED-ROC,var_33,-0.15318109691143036,0.005115320248624927,0.15318109691143036,-0.16181580722332,-0.1478368639945984,0,5,0,1.0,1.0,29.94555364399737
LR-SELECTED-ROC,var_34,-0.18382763266563415,0.004378960495253343,0.18382763266563415,-0.18946895003318787,-0.17975176870822906,0,5,0,1.0,1.0,41.97974219335577
LR-SELECTED-ROC,var_35,0.12098609805107116,0.0046445716836652304,0.12098609805107116,0.11475089937448502,0.12764111161231995,5,0,0,1.0,1.0,26.04892469989613
LR-SELECTED-ROC,var_36,-0.12574545294046402,0.004660444641369142,0.12574545294046402,-0.13375046849250793,-0.12038970738649368,0,5,0,1.0,1.0,26.981428300694635
LR-SELECTED-ROC,var_37,0.030281876400113105,0.00580596593589807,0.030281876400113105,0.021954573690891266,0.03793896362185478,5,0,0,1.0,1.0,5.215648306318892
LR-SELECTED-ROC,var_38,0.011584016866981984,0.0008664246973405392,0.011584016866981984,0.010735293850302696,0.013134105131030083,5,0,0,1.0,1.0,13.369906124024114
LR-SELECTED-ROC,var_39,-0.02119179777801037,0.004217913937394032,0.02119179777801037,-0.029377760365605354,-0.017269080504775047,0,5,0,1.0,1.0,5.024236646967305
LR-SELECTED-ROC,var_40,0.16670309901237487,0.005695215040477566,0.16670309901237487,0.15930691361427307,0.17268873751163483,5,0,0,1.0,1.0,29.270729520757424
LR-SELECTED-ROC,var_41,-0.0006742663448676467,0.005509909672219103,0.004783487156964838,-0.009319423697888851,0.006367596331983805,3,2,0,0.6,1.0,0.12237339357254115
LR-SELECTED-ROC,var_42,-0.03048611246049404,0.006460246666094544,0.03048611246049404,-0.0374225452542305,-0.01898416131734848,0,5,0,1.0,1.0,4.719032265516104
LR-SELECTED-ROC,var_43,-0.09490013420581818,0.003138449301555134,0.09490013420581818,-0.0996493548154831,-0.09107870608568192,0,5,0,1.0,1.0,30.23790575772165
LR-SELECTED-ROC,var_44,-0.16464603543281556,0.0034386630008743746,0.16464603543281556,-0.1694803088903427,-0.16081103682518005,0,5,0,1.0,1.0,47.880829087043175
LR-SELECTED-ROC,var_45,-0.07448487877845764,0.004630673597262164,0.07448487877845764,-0.07964221388101578,-0.06780672073364258,0,5,0,1.0,1.0,16.08510667270793
LR-SELECTED-ROC,var_46,0.012973152752965688,0.005686543959030571,0.012973152752965688,0.004990869667381048,0.019857801496982574,5,0,0,1.0,1.0,2.2813773790252765
LR-SELECTED-ROC,var_47,0.03272043243050575,0.003060764913824484,0.03272043243050575,0.027347393333911896,0.03618815913796425,5,0,0,1.0,1.0,10.69027950585678
LR-SELECTED-ROC,var_48,0.10284401476383209,0.004834465768120302,0.10284401476383209,0.09750375896692276,0.11194726824760437,5,0,0,1.0,1.0,21.273087802587614
LR-SELECTED-ROC,var_49,0.09930928349494934,0.006049193360019899,0.09930928349494934,0.08819930255413055,0.10639561712741852,5,0,0,1.0,1.0,16.416946456249338
LR-SELECTED-ROC,var_50,-0.04650612697005272,0.003865887208893435,0.04650612697005272,-0.05148185417056084,-0.04265649616718292,0,5,0,1.0,1.0,12.02987165871347
LR-SELECTED-ROC,var_51,0.06632630228996277,0.0015760876458376053,0.06632630228996277,0.0636739581823349,0.06826060265302658,5,0,0,1.0,1.0,42.08287684071312
LR-SELECTED-ROC,var_52,0.08899909108877183,0.0048582482283981215,0.08899909108877183,0.0808919370174408,0.0960046723484993,5,0,0,1.0,1.0,18.31917327083817
LR-SELECTED-ROC,var_53,0.20991427302360535,0.004301074455660273,0.20991427302360535,0.20164820551872253,0.2137075811624527,5,0,0,1.0,1.0,48.80507770502425
LR-SELECTED-ROC,var_54,-0.05343292877078056,0.004345383593919771,0.05343292877078056,-0.05881017819046974,-0.04751692712306976,0,5,0,1.0,1.0,12.296481453454017
LR-SELECTED-ROC,var_55,0.053034288436174394,0.005198411032573341,0.053034288436174394,0.0458429679274559,0.061565037816762924,5,0,0,1.0,1.0,10.20201906002782
LR-SELECTED-ROC,var_56,-0.10442091971635818,0.0033378403614675637,0.10442091971635818,-0.10855840891599655,-0.10023424029350281,0,5,0,1.0,1.0,31.2839765861181
LR-SELECTED-ROC,var_57,-0.05373983085155487,0.008286308478900982,0.05373983085155487,-0.06987057626247406,-0.04747363179922104,0,5,0,1.0,1.0,6.485376568877264
LR-SELECTED-ROC,var_58,-0.08177974224090576,0.004816440180681725,0.08177974224090576,-0.0900312215089798,-0.07570969313383102,0,5,0,1.0,1.0,16.979291587366248
LR-SELECTED-ROC,var_59,-0.0350298210978508,0.004654740653541818,0.0350298210978508,-0.04091844707727432,-0.028759494423866272,0,5,0,1.0,1.0,7.525622522319207
LR-SELECTED-ROC,var_60,0.030942879617214203,0.002088048666832133,0.030942879617214203,0.028543749824166298,0.033953215926885605,5,0,0,1.0,1.0,14.819041389564768
LR-SELECTED-ROC,var_61,0.03061171919107437,0.006590948862007609,0.03061171919107437,0.02455754019320011,0.042250290513038635,5,0,0,1.0,1.0,4.64450867879272
LR-SELECTED-ROC,var_62,0.05386373102664947,0.0059966516824328745,0.05386373102664947,0.047922052443027496,0.06526760756969452,5,0,0,1.0,1.0,8.98230110387113
LR-SELECTED-ROC,var_63,-0.05351946279406548,0.0073051816750082585,0.05351946279406548,-0.06524527817964554,-0.04290619120001793,0,5,0,1.0,1.0,7.326232963809671
LR-SELECTED-ROC,var_64,-0.04893144443631172,0.006158994750012378,0.04893144443631172,-0.060441747307777405,-0.04270057752728462,0,5,0,1.0,1.0,7.944712801746035
LR-SELECTED-ROC,var_65,0.04108162969350815,0.004988423510045457,0.04108162969350815,0.03364861384034157,0.046746235340833664,5,0,0,1.0,1.0,8.235393328328685
LR-SELECTED-ROC,var_66,0.0697420135140419,0.002239943731082228,0.0697420135140419,0.06582079827785492,0.0721229612827301,5,0,0,1.0,1.0,31.135609589772667
LR-SELECTED-ROC,var_67,0.14807870984077454,0.005399418087310293,0.14807870984077454,0.14121828973293304,0.15601028501987457,5,0,0,1.0,1.0,27.42493865936829
LR-SELECTED-ROC,var_68,-0.040966146439313886,0.004873833076864402,0.040966146439313886,-0.04701756313443184,-0.03238002583384514,0,5,0,1.0,1.0,8.405324062856034
LR-SELECTED-ROC,var_69,0.01854070369154215,0.0036932036815200066,0.01854070369154215,0.013117724098265171,0.024605637416243553,5,0,0,1.0,1.0,5.020222357167764
LR-SELECTED-ROC,var_70,0.09455386400222779,0.005883136915517309,0.09455386400222779,0.08823514729738235,0.10399025678634644,5,0,0,1.0,1.0,16.072014872342983
LR-SELECTED-ROC,var_71,0.1090969666838646,0.0031654870718321997,0.1090969666838646,0.10432612150907516,0.11250410228967667,5,0,0,1.0,1.0,34.464511845474405
LR-SELECTED-ROC,var_72,-0.04097378179430962,0.00321574617629968,0.04097378179430962,-0.046042028814554214,-0.03731885179877281,0,5,0,1.0,1.0,12.741609426853092
LR-SELECTED-ROC,var_73,-0.027437661588191987,0.0036009837255778997,0.027437661588191987,-0.03300337865948677,-0.022423075512051582,0,5,0,1.0,1.0,7.619490583447997
LR-SELECTED-ROC,var_74,0.061100921034812926,0.002954989195379008,0.061100921034812926,0.057310495525598526,0.06593835353851318,5,0,0,1.0,1.0,20.677206241686953
LR-SELECTED-ROC,var_75,-0.12477377206087112,0.0028208942244223483,0.12477377206087112,-0.12767340242862701,-0.12038373202085495,0,5,0,1.0,1.0,44.23199245849496
LR-SELECTED-ROC,var_76,-0.21199048161506653,0.005772001445043153,0.21199048161506653,-0.22100067138671875,-0.20492908358573914,0,5,0,1.0,1.0,36.72737847235128
LR-SELECTED-ROC,var_77,-0.056421772390604016,0.002776286559766418,0.056421772390604016,-0.059677429497241974,-0.05243752896785736,0,5,0,1.0,1.0,20.322748093895083
LR-SELECTED-ROC,var_78,0.15682445466518402,0.002334274732688145,0.15682445466518402,0.15369610488414764,0.16070549190044403,5,0,0,1.0,1.0,67.18337497684793
LR-SELECTED-ROC,var_79,0.015175314620137215,0.0036295228994329214,0.015175314620137215,0.007926205173134804,0.017248356714844704,5,0,0,1.0,1.0,4.181076973645017
LR-SELECTED-ROC,var_80,-0.1778997778892517,0.004613248027934823,0.1778997778892517,-0.18218053877353668,-0.1690799444913864,0,5,0,1.0,1.0,38.56280364983587
LR-SELECTED-ROC,var_81,-0.25896660685539247,0.004802045401532885,0.25896660685539247,-0.2668496370315552,-0.2524269223213196,0,5,0,1.0,1.0,53.928396173162895
LR-SELECTED-ROC,var_82,0.07928447425365448,0.0022829661075756714,0.07928447425365448,0.07617431879043579,0.08220052719116211,5,0,0,1.0,1.0,34.72871278752385
LR-SELECTED-ROC,var_83,-0.06718247458338737,0.003980815024901954,0.06718247458338737,-0.07128781080245972,-0.06108033284544945,0,5,0,1.0,1.0,16.87656275489422
LR-SELECTED-ROC,var_84,0.03332213945686817,0.002827079247231753,0.03332213945686817,0.03054494969546795,0.038028743118047714,5,0,0,1.0,1.0,11.786772333847468
LR-SELECTED-ROC,var_85,-0.06410528868436813,0.00811597999157925,0.06410528868436813,-0.07850828021764755,-0.05581096559762955,0,5,0,1.0,1.0,7.898650409547453
LR-SELECTED-ROC,var_86,-0.11870996057987213,0.0035393613637927693,0.11870996057987213,-0.12482976913452148,-0.11439359188079834,0,5,0,1.0,1.0,33.53993796571691
LR-SELECTED-ROC,var_87,-0.11247413456439972,0.003361892217232848,0.11247413456439972,-0.1159573644399643,-0.10652680695056915,0,5,0,1.0,1.0,33.455603956562605
LR-SELECTED-ROC,var_88,-0.0688677653670311,0.005330171473235333,0.0688677653670311,-0.07273665815591812,-0.05832423269748688,0,5,0,1.0,1.0,12.920365829286641
LR-SELECTED-ROC,var_89,0.13482171595096587,0.004554483200123667,0.13482171595096587,0.12722748517990112,0.13871261477470398,5,0,0,1.0,1.0,29.601978979151465
LR-SELECTED-ROC,var_90,0.09366121292114257,0.0046009297169335795,0.09366121292114257,0.0849943533539772,0.0977153480052948,5,0,0,1.0,1.0,20.357018838262373
LR-SELECTED-ROC,var_91,0.11761657744646073,0.0029623213059214643,0.11761657744646073,0.11184748262166977,0.12021522969007492,5,0,0,1.0,1.0,39.704193198538235
LR-SELECTED-ROC,var_92,-0.14848780035972595,0.004820084015273501,0.14848780035972595,-0.15803146362304688,-0.14501680433750153,0,5,0,1.0,1.0,30.806060618280245
LR-SELECTED-ROC,var_93,-0.10871466100215912,0.0045108688951268116,0.10871466100215912,-0.1152847483754158,-0.102452851831913,0,5,0,1.0,1.0,24.10060312761485
LR-SELECTED-ROC,var_94,0.1595550924539566,0.002672717850117139,0.1595550924539566,0.1546538770198822,0.16281826794147491,5,0,0,1.0,1.0,59.69769403341637
LR-SELECTED-ROC,var_95,0.126747465133667,0.0044571147889284225,0.126747465133667,0.11950230598449707,0.13313028216362,5,0,0,1.0,1.0,28.4371103585899
LR-SELECTED-ROC,var_96,0.007756028790026903,0.003085662685071437,0.007756028790026903,0.002575348597019911,0.011083440855145454,5,0,0,1.0,1.0,2.513569881617434
LR-SELECTED-ROC,var_97,0.0484986238181591,0.003050994252491504,0.0484986238181591,0.044193681329488754,0.052011676132678986,5,0,0,1.0,1.0,15.896006286655771
LR-SELECTED-ROC,var_98,-0.011802894715219735,0.004805458345539176,0.011802894715219735,-0.018861455842852592,-0.004730903077870607,0,5,0,1.0,1.0,2.4561433824882934
LR-SELECTED-ROC,var_99,0.1916324257850647,0.00574699791098471,0.1916324257850647,0.18541082739830017,0.20131607353687286,5,0,0,1.0,1.0,33.34478779238365
LR-SELECTED-ROC,var_100,0.003328077681362629,0.006558707978724618,0.006066966988146305,-0.005832531023770571,0.011497057974338531,3,2,0,0.6,1.0,0.5074288552193906
LR-SELECTED-ROC,var_101,-0.03015303686261177,0.004324210231901935,0.03015303686261177,-0.03496157005429268,-0.022114135324954987,0,5,0,1.0,1.0,6.973073751168635
LR-SELECTED-ROC,var_102,-0.062412993609905244,0.004364019670362155,0.062412993609905244,-0.07033085823059082,-0.05763615667819977,0,5,0,1.0,1.0,14.301721422974849
LR-SELECTED-ROC,var_103,-0.0034250925295054913,0.005496215735821252,0.006125314999371767,-0.008927484042942524,0.0067505561746656895,1,4,0,0.8,1.0,0.6231728691402196
LR-SELECTED-ROC,var_104,-0.08307798504829407,0.0022776309225491357,0.08307798504829407,-0.08645470440387726,-0.07996702939271927,0,5,0,1.0,1.0,36.47561342173238
LR-SELECTED-ROC,var_105,0.0800086036324501,0.004068143904036599,0.0800086036324501,0.0753525048494339,0.08591175079345703,5,0,0,1.0,1.0,19.667102619712526
LR-SELECTED-ROC,var_106,0.10796020776033402,0.0039998655492050695,0.10796020776033402,0.10117669403553009,0.11250818520784378,5,0,0,1.0,1.0,26.9909591790614
LR-SELECTED-ROC,var_107,-0.13536887615919113,0.007056466447976409,0.13536887615919113,-0.14402049779891968,-0.12355875223875046,0,5,0,1.0,1.0,19.18366326222762
LR-SELECTED-ROC,var_108,-0.13404582142829896,0.003936603810718014,0.13404582142829896,-0.1408134400844574,-0.1301325410604477,0,5,0,1.0,1.0,34.05113338135041
LR-SELECTED-ROC,var_109,-0.16131054162979125,0.005689039554000277,0.16131054162979125,-0.16664449870586395,-0.15307962894439697,0,5,0,1.0,1.0,28.354617699284344
LR-SELECTED-ROC,var_110,0.20585323572158815,0.006130028765931,0.20585323572158815,0.1959821581840515,0.21317094564437866,5,0,0,1.0,1.0,33.581120673634665
LR-SELECTED-ROC,var_111,0.08453507721424103,0.0021492285761817173,0.08453507721424103,0.08180660754442215,0.08795581758022308,5,0,0,1.0,1.0,39.332753226469684
LR-SELECTED-ROC,var_112,0.07025926858186722,0.004263707616936578,0.07025926858186722,0.06364160031080246,0.07431231439113617,5,0,0,1.0,1.0,16.47844432455338
LR-SELECTED-ROC,var_113,-0.05085565000772476,0.0030360485834700444,0.05085565000772476,-0.05406980216503143,-0.045708753168582916,0,5,0,1.0,1.0,16.750604810676545
LR-SELECTED-ROC,var_114,-0.07786509543657302,0.003517647601895826,0.07786509543657302,-0.08399024605751038,-0.07453355938196182,0,5,0,1.0,1.0,22.135558830453324
LR-SELECTED-ROC,var_115,-0.15693059265613557,0.004054124068243784,0.15693059265613557,-0.16198040544986725,-0.15078499913215637,0,5,0,1.0,1.0,38.70887767973715
LR-SELECTED-ROC,var_116,-0.07905948311090469,0.008339640878189458,0.07905948311090469,-0.08650071173906326,-0.0634259283542633,0,5,0,1.0,1.0,9.479962538634693
LR-SELECTED-ROC,var_117,0.003362932289019227,0.00462693602297647,0.004491975670680404,-0.0028226084541529417,0.01119847409427166,4,1,0,0.8,1.0,0.7268162499588051
LR-SELECTED-ROC,var_118,0.13690713942050933,0.003353537153862662,0.13690713942050933,0.13412578403949738,0.1433575451374054,5,0,0,1.0,1.0,40.82469736851082
LR-SELECTED-ROC,var_119,0.08829830437898636,0.004005518250625742,0.08829830437898636,0.08139923959970474,0.09263254702091217,5,0,0,1.0,1.0,22.04416478821124
LR-SELECTED-ROC,var_120,-0.03373216651380062,0.0036437108517275813,0.03373216651380062,-0.04017329961061478,-0.030162544921040535,0,5,0,1.0,1.0,9.257640873947294
LR-SELECTED-ROC,var_121,-0.12423436790704727,0.005006532819744532,0.12423436790704727,-0.13385125994682312,-0.12025755643844604,0,5,0,1.0,1.0,24.81445191312679
LR-SELECTED-ROC,var_122,-0.13786405324935913,0.0030247325791862394,0.13786405324935913,-0.1436314582824707,-0.1347431093454361,0,5,0,1.0,1.0,45.578922975874896
LR-SELECTED-ROC,var_123,-0.12087374031543732,0.0022443321796733044,0.12087374031543732,-0.12384717166423798,-0.11704709380865097,0,5,0,1.0,1.0,53.85733066172955
LR-SELECTED-ROC,var_124,0.02071309257298708,0.006594855325960398,0.02071309257298708,0.012752361595630646,0.03145808354020119,5,0,0,1.0,1.0,3.1407955973575463
LR-SELECTED-ROC,var_125,0.09036854356527328,0.004263384885096174,0.09036854356527328,0.08326598256826401,0.09540777653455734,5,0,0,1.0,1.0,21.196431005133153
LR-SELECTED-ROC,var_126,0.007672779820859432,0.006852155101382186,0.00931865107268095,-0.004114678129553795,0.014713142067193985,4,1,0,0.8,1.0,1.119761550539255
LR-SELECTED-ROC,var_127,-0.1313339501619339,0.008429281140176095,0.1313339501619339,-0.14691120386123657,-0.12272471189498901,0,5,0,1.0,1.0,15.58068214571222
LR-SELECTED-ROC,var_128,0.09013624638319015,0.0040229850287615545,0.09013624638319015,0.0854204073548317,0.09756654500961304,5,0,0,1.0,1.0,22.405314893983817
LR-SELECTED-ROC,var_129,-0.018003034219145776,0.00725146302624096,0.018003034219145776,-0.02913815714418888,-0.009489383548498154,0,5,0,1.0,1.0,2.4826761377666022
LR-SELECTED-ROC,var_130,0.1058254212141037,0.003002229329415231,0.1058254212141037,0.10258805006742477,0.10996420681476593,5,0,0,1.0,1.0,35.24894656688613
LR-SELECTED-ROC,var_131,-0.1002498671412468,0.0054135250134409426,0.1002498671412468,-0.1079184040427208,-0.09253852814435959,0,5,0,1.0,1.0,18.51840841084835
LR-SELECTED-ROC,var_132,-0.08853080719709397,0.006077565086003365,0.08853080719709397,-0.099349245429039,-0.08294761925935745,0,5,0,1.0,1.0,14.566821736056307
LR-SELECTED-ROC,var_133,0.17246562838554383,0.005246539304174005,0.17246562838554383,0.16506612300872803,0.18040397763252258,5,0,0,1.0,1.0,32.87226462752838
LR-SELECTED-ROC,var_134,0.059118570387363435,0.0027972575674955215,0.059118570387363435,0.05582646280527115,0.06391852349042892,5,0,0,1.0,1.0,21.13447509243476
LR-SELECTED-ROC,var_135,0.08326049447059632,0.007444078306875782,0.08326049447059632,0.06915529072284698,0.08969118446111679,5,0,0,1.0,1.0,11.184795623883968
LR-SELECTED-ROC,var_136,-0.018483073450624943,0.0037072081600123324,0.018483073450624943,-0.022243281826376915,-0.012032904662191868,0,5,0,1.0,1.0,4.9857123346864745
LR-SELECTED-ROC,var_137,0.08859068304300308,0.0021918884591364293,0.08859068304300308,0.08564852178096771,0.09127143770456314,5,0,0,1.0,1.0,40.417514255217846
LR-SELECTED-ROC,var_138,0.05658003464341164,0.004834359478938655,0.05658003464341164,0.05145157128572464,0.06373673677444458,5,0,0,1.0,1.0,11.703729292350996
LR-SELECTED-ROC,var_139,-0.23789460062980652,0.003944517765096475,0.23789460062980652,-0.244252011179924,-0.23241452872753143,0,5,0,1.0,1.0,60.31018613601674
LR-SELECTED-ROC,var_140,0.057992172241210935,0.00290097725712655,0.057992172241210935,0.053676873445510864,0.06110873445868492,5,0,0,1.0,1.0,19.990564248217645
LR-SELECTED-ROC,var_141,-0.09918114840984345,0.004606528002607597,0.09918114840984345,-0.10741173475980759,-0.09428311139345169,0,5,0,1.0,1.0,21.53056452792551
LR-SELECTED-ROC,var_142,-0.06341839209198952,0.006460875161971277,0.06341839209198952,-0.07046356797218323,-0.05333282798528671,0,5,0,1.0,1.0,9.815758779130745
LR-SELECTED-ROC,var_143,-0.040557877719402315,0.002862034277875904,0.040557877719402315,-0.045164138078689575,-0.03678884729743004,0,5,0,1.0,1.0,14.170996494668024
LR-SELECTED-ROC,var_144,0.06601165756583213,0.0037055711875929927,0.06601165756583213,0.06059357896447182,0.07166855782270432,5,0,0,1.0,1.0,17.814165272778634
LR-SELECTED-ROC,var_145,0.10432112067937852,0.0071608107115833635,0.10432112067937852,0.09595229476690292,0.11737079918384552,5,0,0,1.0,1.0,14.568339379593558
LR-SELECTED-ROC,var_146,-0.20161738693714143,0.005077952342900236,0.20161738693714143,-0.20780587196350098,-0.1939341276884079,0,5,0,1.0,1.0,39.70446615534408
LR-SELECTED-ROC,var_147,0.124318927526474,0.007201558964311059,0.124318927526474,0.11268164217472076,0.13027195632457733,5,0,0,1.0,1.0,17.26277992620216
LR-SELECTED-ROC,var_148,-0.1677964836359024,0.0030350392099053316,0.1677964836359024,-0.17333796620368958,-0.1646224856376648,0,5,0,1.0,1.0,55.28643026695
LR-SELECTED-ROC,var_149,-0.1470695674419403,0.007228033085994128,0.1470695674419403,-0.15731242299079895,-0.13890044391155243,0,5,0,1.0,1.0,20.347107669846555
LR-SELECTED-ROC,var_150,-0.09356384575366974,0.002274254253522416,0.09356384575366974,-0.09592532366514206,-0.08936319500207901,0,5,0,1.0,1.0,41.14045103301305
LR-SELECTED-ROC,var_151,0.08668166995048524,0.0026802818069848783,0.08668166995048524,0.08306334912776947,0.09080218523740768,5,0,0,1.0,1.0,32.340506033575856
LR-SELECTED-ROC,var_152,-0.037412459030747414,0.004302897404362407,0.037412459030747414,-0.04439673200249672,-0.031063543632626534,0,5,0,1.0,1.0,8.694713239691842
LR-SELECTED-ROC,var_153,-0.018156540766358375,0.0025755395901105003,0.018156540766358375,-0.021016540005803108,-0.01497616060078144,0,5,0,1.0,1.0,7.049606550826821
LR-SELECTED-ROC,var_154,-0.15471213161945344,0.002673367641833445,0.15471213161945344,-0.15878747403621674,-0.15166476368904114,0,5,0,1.0,1.0,57.87162573469922
LR-SELECTED-ROC,var_155,0.13161263167858123,0.004198085865544763,0.13161263167858123,0.12420105934143066,0.13608379662036896,5,0,0,1.0,1.0,31.35062880889779
LR-SELECTED-ROC,var_156,-0.06524940282106399,0.002777997526137758,0.06524940282106399,-0.06910739839076996,-0.061049893498420715,0,5,0,1.0,1.0,23.487926899551578
LR-SELECTED-ROC,var_157,0.10289091318845749,0.007761813340054694,0.10289091318845749,0.09490136802196503,0.11395581066608429,5,0,0,1.0,1.0,13.256040654506325
LR-SELECTED-ROC,var_158,-0.011947765236254782,0.005977928795825897,0.011947765236254782,-0.01668693870306015,-0.0003750894102267921,0,5,0,1.0,1.0,1.9986462944484875
LR-SELECTED-ROC,var_159,0.046554283052682874,0.003776835199035863,0.046554283052682874,0.040055133402347565,0.05153050273656845,5,0,0,1.0,1.0,12.3262680523006
LR-SELECTED-ROC,var_160,-0.010388333071023225,0.0036418076793760445,0.010388333071023225,-0.016409166157245636,-0.0051570492796599865,0,5,0,1.0,1.0,2.852521051524181
LR-SELECTED-ROC,var_161,0.01605877876281738,0.0028833202505291174,0.01605877876281738,0.011251414194703102,0.019753169268369675,5,0,0,1.0,1.0,5.56954391724929
LR-SELECTED-ROC,var_162,0.10921487510204315,0.005980612792683031,0.10921487510204315,0.0986754298210144,0.11511693149805069,5,0,0,1.0,1.0,18.2614857185969
LR-SELECTED-ROC,var_163,0.09651182889938355,0.005276864997121968,0.09651182889938355,0.08950630575418472,0.10313065350055695,5,0,0,1.0,1.0,18.289614942208598
LR-SELECTED-ROC,var_164,0.1338720440864563,0.0014248598251528014,0.1338720440864563,0.13192600011825562,0.13530811667442322,5,0,0,1.0,1.0,93.95453624505068
LR-SELECTED-ROC,var_165,-0.16599155366420745,0.0051338188579103565,0.16599155366420745,-0.17578229308128357,-0.16078568994998932,0,5,0,1.0,1.0,32.33295880871119
LR-SELECTED-ROC,var_166,-0.17604870200157166,0.005961683116444028,0.17604870200157166,-0.18592987954616547,-0.16766072809696198,0,5,0,1.0,1.0,29.53003347594447
LR-SELECTED-ROC,var_167,0.08891101777553559,0.002951564420532338,0.08891101777553559,0.0842752605676651,0.09340587258338928,5,0,0,1.0,1.0,30.12335328242407
LR-SELECTED-ROC,var_168,0.048667799681425095,0.009114933221377722,0.048667799681425095,0.04015333577990532,0.0660274475812912,5,0,0,1.0,1.0,5.339347913957374
LR-SELECTED-ROC,var_169,-0.1539104849100113,0.006461032200728016,0.1539104849100113,-0.1583632230758667,-0.14128132164478302,0,5,0,1.0,1.0,23.82134620729234
LR-SELECTED-ROC,var_170,0.15760511457920073,0.0018504756214100895,0.15760511457920073,0.1554878056049347,0.16086657345294952,5,0,0,1.0,1.0,85.17005723052132
LR-SELECTED-ROC,var_171,0.049116300791502,0.00669012542659584,0.049116300791502,0.04326685890555382,0.06146489456295967,5,0,0,1.0,1.0,7.34161135398808
LR-SELECTED-ROC,var_172,-0.12275175750255585,0.003850046581498507,0.12275175750255585,-0.12885697185993195,-0.1171870082616806,0,5,0,1.0,1.0,31.883187619712274
LR-SELECTED-ROC,var_173,0.1442018747329712,0.001122550564897546,0.1442018747329712,0.1422957181930542,0.14565995335578918,5,0,0,1.0,1.0,128.45913515361673
LR-SELECTED-ROC,var_174,-0.1959671765565872,0.0046177787274642,0.1959671765565872,-0.20043428242206573,-0.1876348853111267,0,5,0,1.0,1.0,42.43754153724704
LR-SELECTED-ROC,var_175,0.07934420257806778,0.004870338470295247,0.07934420257806778,0.07485319674015045,0.08749210089445114,5,0,0,1.0,1.0,16.29131179732036
LR-SELECTED-ROC,var_176,0.03773356005549431,0.002784590481073499,0.03773356005549431,0.03350616618990898,0.0411510095000267,5,0,0,1.0,1.0,13.550847175540325
LR-SELECTED-ROC,var_177,-0.12450437694787979,0.006609688679315423,0.12450437694787979,-0.1321178823709488,-0.11525017023086548,0,5,0,1.0,1.0,18.83664768319629
LR-SELECTED-ROC,var_178,-0.059588365256786346,0.003293637229454182,0.059588365256786346,-0.06406030058860779,-0.05387061834335327,0,5,0,1.0,1.0,18.091963718377464
LR-SELECTED-ROC,var_179,0.15980155467987062,0.004189365033222006,0.15980155467987062,0.15338842570781708,0.16519415378570557,5,0,0,1.0,1.0,38.14457642449937
LR-SELECTED-ROC,var_180,0.10142134130001068,0.004159416689100955,0.10142134130001068,0.09788265079259872,0.10922954231500626,5,0,0,1.0,1.0,24.383549156246517
LR-SELECTED-ROC,var_181,0.050706285238265994,0.005207844235426533,0.050706285238265994,0.044182803481817245,0.05943024531006813,5,0,0,1.0,1.0,9.736521091267026
LR-SELECTED-ROC,var_182,-0.039815299957990644,0.0028125176980023517,0.039815299957990644,-0.043509356677532196,-0.03543165326118469,0,5,0,1.0,1.0,14.156462014894034
LR-SELECTED-ROC,var_183,-0.006547382043208927,0.0030769077668026143,0.006547382043208927,-0.009119621478021145,-0.0006386462482623756,0,5,0,1.0,1.0,2.127909752073005
LR-SELECTED-ROC,var_184,0.15611509382724761,0.006346200221758246,0.15611509382724761,0.14781709015369415,0.16504520177841187,5,0,0,1.0,1.0,24.59977441178017
LR-SELECTED-ROC,var_185,-0.003312918389565311,0.005270549532276227,0.004792897807783447,-0.01062851957976818,0.0036999485455453396,1,4,0,0.8,1.0,0.6285717208949936
LR-SELECTED-ROC,var_186,-0.09287550002336502,0.004451881318401942,0.09287550002336502,-0.09832178056240082,-0.08801774680614471,0,5,0,1.0,1.0,20.86207905845504
LR-SELECTED-ROC,var_187,0.04692807868123054,0.004526899772965031,0.04692807868123054,0.04216042160987854,0.05441157892346382,5,0,0,1.0,1.0,10.366493855571107
LR-SELECTED-ROC,var_188,-0.12111280262470245,0.005654819956019103,0.12111280262470245,-0.1252852827310562,-0.11004002392292023,0,5,0,1.0,1.0,21.41762311915569
LR-SELECTED-ROC,var_189,0.024966756626963616,0.007589190843894424,0.024966756626963616,0.012713521718978882,0.03555634990334511,5,0,0,1.0,1.0,3.289778467891459
LR-SELECTED-ROC,var_190,0.18691372871398926,0.0028479448810894057,0.18691372871398926,0.1830880492925644,0.19130000472068787,5,0,0,1.0,1.0,65.63109067001177
LR-SELECTED-ROC,var_191,0.1488103300333023,0.004076761539330011,0.1488103300333023,0.14130176603794098,0.15349940955638885,5,0,0,1.0,1.0,36.50209329087965
LR-SELECTED-ROC,var_192,-0.13886381387710572,0.006051672775538986,0.13886381387710572,-0.14750106632709503,-0.13000500202178955,0,5,0,1.0,1.0,22.946352029870432
LR-SELECTED-ROC,var_193,-0.05876495018601417,0.004999483170816223,0.05876495018601417,-0.06494409590959549,-0.05009692534804344,0,5,0,1.0,1.0,11.754205020439645
LR-SELECTED-ROC,var_194,-0.07434038072824478,0.001971696338458361,0.07434038072824478,-0.07678774744272232,-0.07140891253948212,0,5,0,1.0,1.0,37.70376770408876
LR-SELECTED-ROC,var_195,0.0922553926706314,0.007658481284147139,0.0922553926706314,0.07874871045351028,0.09992916882038116,5,0,0,1.0,1.0,12.046173287854739
LR-SELECTED-ROC,var_196,0.07212027311325073,0.006465318741166471,0.07212027311325073,0.06407041847705841,0.08168444037437439,5,0,0,1.0,1.0,11.154944713558907
LR-SELECTED-ROC,var_197,-0.1137236401438713,0.005337733726467149,0.1137236401438713,-0.12209726870059967,-0.10646011680364609,0,5,0,1.0,1.0,21.305603833321243
LR-SELECTED-ROC,var_198,-0.16904610395431519,0.007580272870114372,0.16904610395431519,-0.17910052835941315,-0.158527672290802,0,5,0,1.0,1.0,22.300794028244482
LR-SELECTED-ROC,var_199,0.08889775872230529,0.0020668402824621976,0.08889775872230529,0.08490817248821259,0.09050773084163666,5,0,0,1.0,1.0,43.01143125408466
LR-SELECTED-AP,var_0,0.16373687386512756,0.0033616530509845474,0.16373687386512756,0.1580621302127838,0.16732600331306458,5,0,0,1.0,1.0,48.7072494935675
LR-SELECTED-AP,var_1,0.16050630807876587,0.005861159388396683,0.16050630807876587,0.1548018753528595,0.170963853597641,5,0,0,1.0,1.0,27.384736950937313
LR-SELECTED-AP,var_2,0.17137113213539124,0.0056983997468666656,0.17137113213539124,0.16381698846817017,0.1795443594455719,5,0,0,1.0,1.0,30.073553935842263
LR-SELECTED-AP,var_3,0.035016060993075374,0.00349636873371407,0.035016060993075374,0.031188199296593666,0.04131416231393814,5,0,0,1.0,1.0,10.014979442936733
LR-SELECTED-AP,var_4,0.03682105652987957,0.0038064636842000087,0.03682105652987957,0.030826935544610023,0.04114924371242523,5,0,0,1.0,1.0,9.673297733724727
LR-SELECTED-AP,var_5,0.10390133112668991,0.008380077845520428,0.10390133112668991,0.0920339971780777,0.11560477316379547,5,0,0,1.0,1.0,12.398611688580868
LR-SELECTED-AP,var_6,0.2233916401863098,0.0035971616713645085,0.2233916401863098,0.2185109257698059,0.22854536771774292,5,0,0,1.0,1.0,62.10219628565014
LR-SELECTED-AP,var_7,-0.01245002429932356,0.0032788259381981693,0.01245002429932356,-0.01518373191356659,-0.006067577749490738,0,5,0,1.0,1.0,3.7970982705365706
LR-SELECTED-AP,var_8,0.06265468150377274,0.004603890762960849,0.06265468150377274,0.056290458887815475,0.06890981644392014,5,0,0,1.0,1.0,13.60907213694951
LR-SELECTED-AP,var_9,-0.1367567241191864,0.0054380581668656315,0.1367567241191864,-0.14558908343315125,-0.13065636157989502,0,5,0,1.0,1.0,25.1480804218768
LR-SELECTED-AP,var_10,-0.004183061793446541,0.0030969948205711645,0.004183061793446541,-0.00853926595300436,0.0,0,4,1,0.8,0.8,1.3506841424664633
LR-SELECTED-AP,var_11,0.07570891231298446,0.0038628294743890505,0.07570891231298446,0.06925249099731445,0.0803842768073082,5,0,0,1.0,1.0,19.59934105684391
LR-SELECTED-AP,var_12,-0.2162904918193817,0.006434738843573315,0.2162904918193817,-0.22522231936454773,-0.20761343836784363,0,5,0,1.0,1.0,33.61294017944396
LR-SELECTED-AP,var_13,-0.18054865598678588,0.0030029112628968515,0.18054865598678588,-0.18606194853782654,-0.17754998803138733,0,5,0,1.0,1.0,60.12453921552137
LR-SELECTED-AP,var_14,-0.016536352783441545,0.002889018226181004,0.016536352783441545,-0.02074323408305645,-0.012509525753557682,0,5,0,1.0,1.0,5.723865856429605
LR-SELECTED-AP,var_15,0.05940396189689636,0.003662079499241835,0.05940396189689636,0.053575169295072556,0.06388413906097412,5,0,0,1.0,1.0,16.22137419714434
LR-SELECTED-AP,var_16,0.01615353599190712,0.004559392219902685,0.01615353599190712,0.011315999552607536,0.023960376158356667,5,0,0,1.0,1.0,3.5429143212099246
LR-SELECTED-AP,var_17,0.0012416547833709046,0.0026996734855577378,0.0017559516447363422,-0.0012857421534135938,0.00645174365490675,3,1,1,0.6,0.8,0.4599277616397686
LR-SELECTED-AP,var_18,0.1307577520608902,0.005243773445250423,0.1307577520608902,0.12290661036968231,0.1390378773212433,5,0,0,1.0,1.0,24.935812621599666
LR-SELECTED-AP,var_19,0.036052366718649864,0.005383180530180908,0.036052366718649864,0.02789282239973545,0.04207019880414009,5,0,0,1.0,1.0,6.697224162652557
LR-SELECTED-AP,var_20,-0.06112431585788727,0.0035687083234687152,0.06112431585788727,-0.06517229229211807,-0.0562530979514122,0,5,0,1.0,1.0,17.127854203134152
LR-SELECTED-AP,var_21,-0.18999265432357787,0.007333586110604919,0.18999265432357787,-0.1998182237148285,-0.1814068853855133,0,5,0,1.0,1.0,25.90719621452708
LR-SELECTED-AP,var_22,0.19863816499710082,0.0027581203683442338,0.19863816499710082,0.19542410969734192,0.2031991183757782,5,0,0,1.0,1.0,72.01939671557268
LR-SELECTED-AP,var_23,-0.09044278711080551,0.004715594804635152,0.09044278711080551,-0.09467830508947372,-0.08140221238136292,0,5,0,1.0,1.0,19.179507752002213
LR-SELECTED-AP,var_24,0.08538150638341904,0.004693595564512339,0.08538150638341904,0.07931805402040482,0.09104368835687637,5,0,0,1.0,1.0,18.191065934392256
LR-SELECTED-AP,var_25,0.05081719905138016,0.006841320619178657,0.05081719905138016,0.04050534591078758,0.06061859056353569,5,0,0,1.0,1.0,7.427980923583644
LR-SELECTED-AP,var_26,0.2002763032913208,0.004285372097232896,0.2002763032913208,0.19664031267166138,0.2083858847618103,5,0,0,1.0,1.0,46.73486893253229
LR-SELECTED-AP,var_27,-0.007593522872775793,0.0026998184971089474,0.007593522872775793,-0.011498340405523777,-0.003578068222850561,0,5,0,1.0,1.0,2.812604951372308
LR-SELECTED-AP,var_28,-0.0755483016371727,0.002955503896246208,0.0755483016371727,-0.0811583548784256,-0.0726192444562912,0,5,0,1.0,1.0,25.56190223031717
LR-SELECTED-AP,var_29,0.015948536247014998,0.004111597820012359,0.015948536247014998,0.009944530203938484,0.021156853064894676,5,0,0,1.0,1.0,3.8789144622530705
LR-SELECTED-AP,var_30,-0.0024348296690732242,0.002057401930231619,0.0024348296690732242,-0.004747891332954168,0.0,0,3,2,0.6,0.6,1.1834487142718157
LR-SELECTED-AP,var_31,-0.08706884831190109,0.005553571762475491,0.08706884831190109,-0.09792119264602661,-0.08287669718265533,0,5,0,1.0,1.0,15.677991036364476
LR-SELECTED-AP,var_32,0.0991070345044136,0.0027708481305868163,0.0991070345044136,0.09363099932670593,0.1012377068400383,5,0,0,1.0,1.0,35.76776128954298
LR-SELECTED-AP,var_33,-0.15391547083854676,0.005167010297166719,0.15391547083854676,-0.16264328360557556,-0.14849883317947388,0,5,0,1.0,1.0,29.788109948791515
LR-SELECTED-AP,var_34,-0.18497763872146605,0.004405657177882428,0.18497763872146605,-0.19064512848854065,-0.18089598417282104,0,5,0,1.0,1.0,41.98638960155451
LR-SELECTED-AP,var_35,0.12134134918451309,0.004700119187455394,0.12134134918451309,0.11501388251781464,0.1280580759048462,5,0,0,1.0,1.0,25.816653651755704
LR-SELECTED-AP,var_36,-0.1261248007416725,0.004734932728224529,0.1261248007416725,-0.13425347208976746,-0.12068130075931549,0,5,0,1.0,1.0,26.637083984287134
LR-SELECTED-AP,var_37,0.0294781357049942,0.005878703263900235,0.0294781357049942,0.021066512912511826,0.037246719002723694,5,0,0,1.0,1.0,5.014394226361372
LR-SELECTED-AP,var_38,0.010534361936151981,0.0008725374343698192,0.010534361936151981,0.009687282145023346,0.012091167271137238,5,0,0,1.0,1.0,12.073249262660724
LR-SELECTED-AP,var_39,-0.02025083601474762,0.004271700902513725,0.02025083601474762,-0.028544191271066666,-0.01629500836133957,0,5,0,1.0,1.0,4.740696148185319
LR-SELECTED-AP,var_40,0.16761671304702758,0.00577051658950995,0.16761671304702758,0.16014105081558228,0.17369067668914795,5,0,0,1.0,1.0,29.047089709737
LR-SELECTED-AP,var_41,-0.000888580217724666,0.004593966770126048,0.003711546544218436,-0.00829662848263979,0.005340656265616417,3,2,0,0.6,1.0,0.1934233010789154
LR-SELECTED-AP,var_42,-0.029701485112309457,0.0065405137369717245,0.029701485112309457,-0.03672059252858162,-0.018056707456707954,0,5,0,1.0,1.0,4.541154763488092
LR-SELECTED-AP,var_43,-0.09486987888813019,0.0031726572951088416,0.09486987888813019,-0.0996643602848053,-0.09101258218288422,0,5,0,1.0,1.0,29.90234055042145
LR-SELECTED-AP,var_44,-0.1655445873737335,0.003472103979582125,0.1655445873737335,-0.17043259739875793,-0.16168221831321716,0,5,0,1.0,1.0,47.67846480036769
LR-SELECTED-AP,var_45,-0.07426538318395615,0.004679466751859811,0.07426538318395615,-0.07948651909828186,-0.06752254068851471,0,5,0,1.0,1.0,15.870479933303626
LR-SELECTED-AP,var_46,0.011943758046254516,0.005774634719296477,0.011943758046254516,0.0038266463670879602,0.01897374354302883,5,0,0,1.0,1.0,2.06831403661653
LR-SELECTED-AP,var_47,0.03199918679893017,0.003089133922432359,0.03199918679893017,0.026577316224575043,0.03549928963184357,5,0,0,1.0,1.0,10.35862724065131
LR-SELECTED-AP,var_48,0.10289388298988342,0.004901120464890217,0.10289388298988342,0.09749650955200195,0.11212896555662155,5,0,0,1.0,1.0,20.993951021398438
LR-SELECTED-AP,var_49,0.09938529431819916,0.006134768897360357,0.09938529431819916,0.08813559263944626,0.10659755021333694,5,0,0,1.0,1.0,16.200332234350125
LR-SELECTED-AP,var_50,-0.045869223028421405,0.003922381290356235,0.045869223028421405,-0.05089786276221275,-0.041967425495386124,0,5,0,1.0,1.0,11.694228488493764
LR-SELECTED-AP,var_51,0.06588332653045655,0.0016016960080452963,0.06588332653045655,0.06319663673639297,0.06786712259054184,5,0,0,1.0,1.0,41.13347738866576
LR-SELECTED-AP,var_52,0.08898422122001648,0.0049244494343475735,0.08898422122001648,0.08076327294111252,0.0960874930024147,5,0,0,1.0,1.0,18.06988220842636
LR-SELECTED-AP,var_53,0.2113573968410492,0.004347276209715626,0.2113573968410492,0.20300745964050293,0.21522101759910583,5,0,0,1.0,1.0,48.61835012200989
LR-SELECTED-AP,var_54,-0.0528926707804203,0.004394280981803421,0.0528926707804203,-0.05832196772098541,-0.04689949378371239,0,5,0,1.0,1.0,12.03670657371354
LR-SELECTED-AP,var_55,0.05256854891777039,0.0052744942809964225,0.05256854891777039,0.04527084529399872,0.061211928725242615,5,0,0,1.0,1.0,9.966557193391681
LR-SELECTED-AP,var_56,-0.10449467003345489,0.0034024756814696514,0.10449467003345489,-0.10871750116348267,-0.10022404044866562,0,5,0,1.0,1.0,30.711364258248885
LR-SELECTED-AP,var_57,-0.05327469035983086,0.008389874501861468,0.05327469035983086,-0.0696062445640564,-0.04692227393388748,0,5,0,1.0,1.0,6.349879291759294
LR-SELECTED-AP,var_58,-0.08164523243904113,0.004880778646121205,0.08164523243904113,-0.08999843150377274,-0.07548841834068298,0,5,0,1.0,1.0,16.727911335196804
LR-SELECTED-AP,var_59,-0.03435657694935799,0.004696974319091929,0.03435657694935799,-0.04027925431728363,-0.028032220900058746,0,5,0,1.0,1.0,7.314618862127089
LR-SELECTED-AP,var_60,0.030191315338015556,0.0021059494441831644,0.030191315338015556,0.027778230607509613,0.03322179988026619,5,0,0,1.0,1.0,14.33620138479758
LR-SELECTED-AP,var_61,0.029811692982912065,0.006684520679925085,0.029811692982912065,0.023656081408262253,0.04162249341607094,5,0,0,1.0,1.0,4.459810121081888
LR-SELECTED-AP,var_62,0.05341026932001114,0.006084574482630409,0.05341026932001114,0.04736904054880142,0.06497698277235031,5,0,0,1.0,1.0,8.777979375957859
LR-SELECTED-AP,var_63,-0.053018341213464736,0.007398531870235851,0.053018341213464736,-0.06488644331693649,-0.04226217418909073,0,5,0,1.0,1.0,7.166062422026577
LR-SELECTED-AP,var_64,-0.04837606549263,0.006222039759858989,0.04837606549263,-0.06000232324004173,-0.042080916464328766,0,5,0,1.0,1.0,7.77495280642897
LR-SELECTED-AP,var_65,0.04042947217822075,0.005062269566840105,0.04042947217822075,0.03287026658654213,0.046185124665498734,5,0,0,1.0,1.0,7.986432102124358
LR-SELECTED-AP,var_66,0.0693880558013916,0.0022659848253709924,0.0693880558013916,0.06542592495679855,0.07180766761302948,5,0,0,1.0,1.0,30.621588911136868
LR-SELECTED-AP,var_67,0.14871937036514282,0.005486095029968015,0.14871937036514282,0.14175575971603394,0.15679863095283508,5,0,0,1.0,1.0,27.10842038877403
LR-SELECTED-AP,var_68,-0.04030921906232834,0.004947488600442915,0.04030921906232834,-0.046439625322818756,-0.03159072995185852,0,5,0,1.0,1.0,8.147410194885122
LR-SELECTED-AP,var_69,0.017576510459184645,0.003757788998108982,0.017576510459184645,0.01206686906516552,0.023751650005578995,5,0,0,1.0,1.0,4.6773542814747096
LR-SELECTED-AP,var_70,0.09450403451919556,0.0059412534458044295,0.09450403451919556,0.08811873197555542,0.10404392331838608,5,0,0,1.0,1.0,15.906413584481657
LR-SELECTED-AP,var_71,0.10926043838262559,0.003217710716329087,0.10926043838262559,0.10440903902053833,0.11273450404405594,5,0,0,1.0,1.0,33.95595440825314
LR-SELECTED-AP,var_72,-0.040297352522611615,0.003241443214786971,0.040297352522611615,-0.04540875181555748,-0.03659064322710037,0,5,0,1.0,1.0,12.431916850734408
LR-SELECTED-AP,var_73,-0.02663082368671894,0.0036570794440113352,0.02663082368671894,-0.03227274492383003,-0.0215203445404768,0,5,0,1.0,1.0,7.2819921181440925
LR-SELECTED-AP,var_74,0.06068377196788788,0.0029778678289987324,0.06068377196788788,0.05685168132185936,0.06554904580116272,5,0,0,1.0,1.0,20.378262385234017
LR-SELECTED-AP,var_75,-0.1251663088798523,0.002838081424302367,0.1251663088798523,-0.1280832588672638,-0.12076975405216217,0,5,0,1.0,1.0,44.10243758619781
LR-SELECTED-AP,var_76,-0.21348628401756287,0.005856151161816413,0.21348628401756287,-0.22260189056396484,-0.20631155371665955,0,5,0,1.0,1.0,36.455050103477404
LR-SELECTED-AP,var_77,-0.05593103244900703,0.002797059046339971,0.05593103244900703,-0.059190116822719574,-0.05191544070839882,0,5,0,1.0,1.0,19.996371732727592
LR-SELECTED-AP,var_78,0.15761491060256957,0.002378694619562612,0.15761491060256957,0.15441781282424927,0.1615651547908783,5,0,0,1.0,1.0,66.26109518486096
LR-SELECTED-AP,var_79,0.014155125897377729,0.003689109884779859,0.014155125897377729,0.006787048187106848,0.016243360936641693,5,0,0,1.0,1.0,3.8370030547955767
LR-SELECTED-AP,var_80,-0.17882171273231506,0.004652624467838903,0.17882171273231506,-0.18313109874725342,-0.16992810368537903,0,5,0,1.0,1.0,38.434589760769455
LR-SELECTED-AP,var_81,-0.2609039068222046,0.004860852456432722,0.2609039068222046,-0.2688848674297333,-0.25427064299583435,0,5,0,1.0,1.0,53.674516797340644
LR-SELECTED-AP,var_82,0.07907831519842148,0.0023093247715739985,0.07907831519842148,0.07592524588108063,0.08201751112937927,5,0,0,1.0,1.0,34.24304635355181
LR-SELECTED-AP,var_83,-0.06687039136886597,0.004044287476742834,0.06687039136886597,-0.07104762643575668,-0.060674965381622314,0,5,0,1.0,1.0,16.534529692413955
LR-SELECTED-AP,var_84,0.03250368684530258,0.0028546675722982816,0.03250368684530258,0.029729530215263367,0.03726136311888695,5,0,0,1.0,1.0,11.386154787589318
LR-SELECTED-AP,var_85,-0.06375219821929931,0.008201987689889391,0.06375219821929931,-0.0782981589436531,-0.05535494536161423,0,5,0,1.0,1.0,7.772774189588832
LR-SELECTED-AP,var_86,-0.11903336644172668,0.0035823624879521964,0.11903336644172668,-0.12523287534713745,-0.11465785652399063,0,5,0,1.0,1.0,33.227616368259525
LR-SELECTED-AP,var_87,-0.11270535588264466,0.003425199092868823,0.11270535588264466,-0.11625240743160248,-0.10664306581020355,0,5,0,1.0,1.0,32.904760519552575
LR-SELECTED-AP,var_88,-0.06852504312992096,0.005387776006445486,0.06852504312992096,-0.07246571779251099,-0.05787152051925659,0,5,0,1.0,1.0,12.71861396018329
LR-SELECTED-AP,var_89,0.13535028100013732,0.004611272185974701,0.13535028100013732,0.12767362594604492,0.13927769660949707,5,0,0,1.0,1.0,29.352047665241283
LR-SELECTED-AP,var_90,0.09362383782863617,0.004657737930795832,0.09362383782863617,0.08485712110996246,0.09772994369268417,5,0,0,1.0,1.0,20.100709662004302
LR-SELECTED-AP,var_91,0.11788769215345382,0.0030028913023746147,0.11788769215345382,0.11203698068857193,0.12052636593580246,5,0,0,1.0,1.0,39.25806174210246
LR-SELECTED-AP,var_92,-0.14918956756591797,0.004873090476161166,0.14918956756591797,-0.15884089469909668,-0.145681232213974,0,5,0,1.0,1.0,30.61498002053042
LR-SELECTED-AP,var_93,-0.1088329866528511,0.004574579963664863,0.1088329866528511,-0.11550705879926682,-0.10247626900672913,0,5,0,1.0,1.0,23.790815226160294
LR-SELECTED-AP,var_94,0.16038573384284974,0.002712415548046102,0.16038573384284974,0.15541726350784302,0.16370603442192078,5,0,0,1.0,1.0,59.13022212189095
LR-SELECTED-AP,var_95,0.12720272988080977,0.004529574461257333,0.12720272988080977,0.11983474344015121,0.13366395235061646,5,0,0,1.0,1.0,28.08271085259833
LR-SELECTED-AP,var_96,0.006701129465363919,0.003119720611336466,0.006701129465363919,0.001454159035347402,0.010042554698884487,5,0,0,1.0,1.0,2.147990253041514
LR-SELECTED-AP,var_97,0.047940737754106524,0.003111947742904904,0.047940737754106524,0.04354649409651756,0.051519595086574554,5,0,0,1.0,1.0,15.40538007535819
LR-SELECTED-AP,var_98,-0.010725821321830153,0.004879916879740158,0.010725821321830153,-0.01790502853691578,-0.0035554494243115187,0,5,0,1.0,1.0,2.19795164265191
LR-SELECTED-AP,var_99,0.19286512732505798,0.0058275574079037756,0.19286512732505798,0.18656784296035767,0.20268940925598145,5,0,0,1.0,1.0,33.095362915425305
LR-SELECTED-AP,var_100,0.003090020827949047,0.005737512082202598,0.005000085569918156,-0.0047751618549227715,0.01046391949057579,3,1,1,0.6,0.8,0.5385645875211275
LR-SELECTED-AP,var_101,-0.02930067218840122,0.004387074335790615,0.02930067218840122,-0.03419540822505951,-0.021149182692170143,0,5,0,1.0,1.0,6.678863849960119
LR-SELECTED-AP,var_102,-0.06200956255197525,0.0044156389912394164,0.06200956255197525,-0.07002005726099014,-0.05718563124537468,0,5,0,1.0,1.0,14.043168536875067
LR-SELECTED-AP,var_103,-0.0027818295173347,0.004718843982715431,0.005045626219362021,-0.007876935414969921,0.005659491755068302,1,4,0,0.8,1.0,0.5895150438378727
LR-SELECTED-AP,var_104,-0.082900869846344,0.0023144280172675753,0.082900869846344,-0.08632579445838928,-0.07973542809486389,0,5,0,1.0,1.0,35.819161031505836
LR-SELECTED-AP,var_105,0.07979655265808105,0.004146621701022396,0.07979655265808105,0.07504991441965103,0.08579660207033157,5,0,0,1.0,1.0,19.243750313273587
LR-SELECTED-AP,var_106,0.10817815065383911,0.004055737874613887,0.10817815065383911,0.10130593180656433,0.11278299987316132,5,0,0,1.0,1.0,26.672865455865274
LR-SELECTED-AP,var_107,-0.13590036034584047,0.007150836990618231,0.13590036034584047,-0.14463764429092407,-0.12392327189445496,0,5,0,1.0,1.0,19.004818670057094
LR-SELECTED-AP,var_108,-0.1345318615436554,0.003991991208083225,0.1345318615436554,-0.14138269424438477,-0.1305168867111206,0,5,0,1.0,1.0,33.70044033945758
LR-SELECTED-AP,var_109,-0.16215449571609497,0.005760805298342359,0.16215449571609497,-0.16757163405418396,-0.15380725264549255,0,5,0,1.0,1.0,28.14788685233778
LR-SELECTED-AP,var_110,0.2071466326713562,0.006206554244621113,0.2071466326713562,0.19717714190483093,0.21460092067718506,5,0,0,1.0,1.0,33.37546479205779
LR-SELECTED-AP,var_111,0.08438119739294052,0.002192552770121726,0.08438119739294052,0.08161547780036926,0.08786186575889587,5,0,0,1.0,1.0,38.48536671171992
LR-SELECTED-AP,var_112,0.06993709802627564,0.004331914552521082,0.06993709802627564,0.06323055922985077,0.07406897097826004,5,0,0,1.0,1.0,16.144616238002698
LR-SELECTED-AP,var_113,-0.05030445903539658,0.0030804574487301307,0.05030445903539658,-0.053554996848106384,-0.04508368670940399,0,5,0,1.0,1.0,16.330191172135866
LR-SELECTED-AP,var_114,-0.07764638960361481,0.0035583012808589856,0.07764638960361481,-0.08384227752685547,-0.07427232712507248,0,5,0,1.0,1.0,21.82119597946632
LR-SELECTED-AP,var_115,-0.15769782662391663,0.004094557118042533,0.15769782662391663,-0.16281923651695251,-0.15148329734802246,0,5,0,1.0,1.0,38.51401313441635
LR-SELECTED-AP,var_116,-0.07887828946113587,0.008471707544930939,0.07887828946113587,-0.08641039580106735,-0.06299128383398056,0,5,0,1.0,1.0,9.310789949108992
LR-SELECTED-AP,var_117,0.002701112604700029,0.004130420763303573,0.0033910346450284124,-0.0017248051008209586,0.010185547173023224,4,1,0,0.8,1.0,0.653955797602444
LR-SELECTED-AP,var_118,0.13746312856674195,0.0034080006177808083,0.13746312856674195,0.13461533188819885,0.14401599764823914,5,0,0,1.0,1.0,40.33541773717313
LR-SELECTED-AP,var_119,0.08817502707242966,0.0040699606377909755,0.08817502707242966,0.0811481848359108,0.0925619974732399,5,0,0,1.0,1.0,21.664835343538606
LR-SELECTED-AP,var_120,-0.03298218436539173,0.003697828570672327,0.03298218436539173,-0.03951801359653473,-0.02937178499996662,0,5,0,1.0,1.0,8.919338399560539
LR-SELECTED-AP,var_121,-0.12460140734910966,0.005083755479850286,0.12460140734910966,-0.1343722939491272,-0.12061246484518051,0,5,0,1.0,1.0,24.509716850656567
LR-SELECTED-AP,var_122,-0.13847053050994873,0.003050875199859476,0.13847053050994873,-0.14427882432937622,-0.1352965235710144,0,5,0,1.0,1.0,45.387150059863686
LR-SELECTED-AP,var_123,-0.12123047560453415,0.002258699273415981,0.12123047560453415,-0.12421509623527527,-0.117378368973732,0,5,0,1.0,1.0,53.67269429417105
LR-SELECTED-AP,var_124,0.019780980236828328,0.00668542681128666,0.019780980236828328,0.011735464446246624,0.030674034729599953,5,0,0,1.0,1.0,2.95882084946805
LR-SELECTED-AP,var_125,0.09027832448482513,0.004309784749831172,0.09027832448482513,0.08306552469730377,0.09536097943782806,5,0,0,1.0,1.0,20.947293130673632
LR-SELECTED-AP,var_126,0.007109979540109635,0.006183639917478753,0.00831295121461153,-0.0030074291862547398,0.013804513029754162,4,1,0,0.8,1.0,1.1498049102135173
LR-SELECTED-AP,var_127,-0.13181769400835036,0.008543506803401445,0.13181769400835036,-0.14760038256645203,-0.12309957295656204,0,5,0,1.0,1.0,15.428991518549042
LR-SELECTED-AP,var_128,0.09006592035293579,0.004059445915317275,0.09006592035293579,0.08527667820453644,0.09754791110754013,5,0,0,1.0,1.0,22.186752140997932
LR-SELECTED-AP,var_129,-0.017043853551149367,0.007340197995712129,0.017043853551149367,-0.028294794261455536,-0.008395865559577942,0,5,0,1.0,1.0,2.321988257143096
LR-SELECTED-AP,var_130,0.10601127594709396,0.003039674293973198,0.10601127594709396,0.10275018960237503,0.1101880744099617,5,0,0,1.0,1.0,34.87586685102288
LR-SELECTED-AP,var_131,-0.10030556172132492,0.005486894104462976,0.10030556172132492,-0.10806971043348312,-0.09247872233390808,0,5,0,1.0,1.0,18.280936320555828
LR-SELECTED-AP,var_132,-0.0884966567158699,0.00615118156026089,0.0884966567158699,-0.09945216029882431,-0.08285883069038391,0,5,0,1.0,1.0,14.386936208742519
LR-SELECTED-AP,var_133,0.17341293692588805,0.005334318424131614,0.17341293692588805,0.16590014100074768,0.1814902126789093,5,0,0,1.0,1.0,32.508921128777786
LR-SELECTED-AP,var_134,0.05878158956766129,0.0028275518138249217,0.05878158956766129,0.05541796609759331,0.06361949443817139,5,0,0,1.0,1.0,20.788863807995405
LR-SELECTED-AP,var_135,0.08306523710489273,0.0075529221436099634,0.08306523710489273,0.06875912100076675,0.08962070941925049,5,0,0,1.0,1.0,10.997761598160572
LR-SELECTED-AP,var_136,-0.017525535263121127,0.0037555948393142194,0.017525535263121127,-0.021319525316357613,-0.010973566211760044,0,5,0,1.0,1.0,4.666513831486758
LR-SELECTED-AP,var_137,0.08848914355039597,0.002247953740487728,0.08848914355039597,0.08547107130289078,0.09125061333179474,5,0,0,1.0,1.0,39.36430806231277
LR-SELECTED-AP,var_138,0.05616843923926353,0.004894547030911064,0.05616843923926353,0.05098658427596092,0.0634147897362709,5,0,0,1.0,1.0,11.475717545369234
LR-SELECTED-AP,var_139,-0.2396335244178772,0.004008343496466724,0.2396335244178772,-0.24609124660491943,-0.2340598702430725,0,5,0,1.0,1.0,59.783679874016826
LR-SELECTED-AP,var_140,0.057585399597883224,0.0029252710383374852,0.057585399597883224,0.05325958505272865,0.06075644493103027,5,0,0,1.0,1.0,19.685491991404078
LR-SELECTED-AP,var_141,-0.09927605241537094,0.004660220564790047,0.09927605241537094,-0.10761382430791855,-0.09434276074171066,0,5,0,1.0,1.0,21.302865612292926
LR-SELECTED-AP,var_142,-0.06310821697115898,0.006541594722532348,0.06310821697115898,-0.0702669695019722,-0.05290466547012329,0,5,0,1.0,1.0,9.647222068616125
LR-SELECTED-AP,var_143,-0.03993701115250588,0.0028898727037678542,0.03993701115250588,-0.044589873403310776,-0.036127761006355286,0,5,0,1.0,1.0,13.819643716635825
LR-SELECTED-AP,var_144,0.06566792652010918,0.003772615295811051,0.06566792652010918,0.06014459207653999,0.07143375277519226,5,0,0,1.0,1.0,17.406473062074507
LR-SELECTED-AP,var_145,0.10449062436819076,0.007243559769792407,0.10449062436819076,0.09604179859161377,0.11769652366638184,5,0,0,1.0,1.0,14.425314029152016
LR-SELECTED-AP,var_146,-0.20289235115051268,0.005143802818267941,0.20289235115051268,-0.20917865633964539,-0.19509229063987732,0,5,0,1.0,1.0,39.44403747941943
LR-SELECTED-AP,var_147,0.12464959621429443,0.007281738898608216,0.12464959621429443,0.11290040612220764,0.13067030906677246,5,0,0,1.0,1.0,17.118108455950725
LR-SELECTED-AP,var_148,-0.16865358948707582,0.0030633688557067905,0.16865358948707582,-0.17425155639648438,-0.16544872522354126,0,5,0,1.0,1.0,55.05494030628293
LR-SELECTED-AP,var_149,-0.14768571853637696,0.007308619333473238,0.14768571853637696,-0.15803614258766174,-0.13945046067237854,0,5,0,1.0,1.0,20.207061251634315
LR-SELECTED-AP,var_150,-0.09364994168281555,0.0022733571796914997,0.09364994168281555,-0.09600324183702469,-0.08945193886756897,0,5,0,1.0,1.0,41.19455689559304
LR-SELECTED-AP,var_151,0.08661955893039704,0.002697624062213867,0.08661955893039704,0.08295394480228424,0.09074370563030243,5,0,0,1.0,1.0,32.10957380744283
LR-SELECTED-AP,var_152,-0.0367541816085577,0.004355495836223515,0.0367541816085577,-0.04384281858801842,-0.030344082042574883,0,5,0,1.0,1.0,8.438575765101405
LR-SELECTED-AP,var_153,-0.017156315222382545,0.002597003587832337,0.017156315222382545,-0.020015034824609756,-0.013982248492538929,0,5,0,1.0,1.0,6.606196195786192
LR-SELECTED-AP,var_154,-0.15542809963226317,0.0027236876282404733,0.15542809963226317,-0.15959206223487854,-0.1523396074771881,0,5,0,1.0,1.0,57.065317630663266
LR-SELECTED-AP,var_155,0.13210779577493667,0.004266912107320177,0.13210779577493667,0.1245647743344307,0.1366628110408783,5,0,0,1.0,1.0,30.960983599425425
LR-SELECTED-AP,var_156,-0.0648983135819435,0.0028246352389703464,0.0648983135819435,-0.06882673501968384,-0.0606326162815094,0,5,0,1.0,1.0,22.975820979134827
LR-SELECTED-AP,var_157,0.10304301381111144,0.007858750103030464,0.10304301381111144,0.0949566438794136,0.11425234377384186,5,0,0,1.0,1.0,13.111883246086862
LR-SELECTED-AP,var_158,-0.011048057116568089,0.00572543858624161,0.011048057116568089,-0.01566777564585209,0.0,0,4,1,0.8,0.8,1.9296438080947111
LR-SELECTED-AP,var_159,0.04599535539746284,0.0038417628964774004,0.04599535539746284,0.03940476477146149,0.05109025537967682,5,0,0,1.0,1.0,11.972460726203163
LR-SELECTED-AP,var_160,-0.00934185553342104,0.0036988833771078667,0.00934185553342104,-0.015431012026965618,-0.0040035611018538475,0,5,0,1.0,1.0,2.5255880169773874
LR-SELECTED-AP,var_161,0.015085343457758426,0.0029241860850917627,0.015085343457758426,0.010221747681498528,0.018866321071982384,5,0,0,1.0,1.0,5.158817879158294
LR-SELECTED-AP,var_162,0.10940814763307571,0.006051478473859791,0.10940814763307571,0.09874531626701355,0.11537159979343414,5,0,0,1.0,1.0,18.07957313335502
LR-SELECTED-AP,var_163,0.09654951989650726,0.005340879896455884,0.09654951989650726,0.08948986977338791,0.10326845198869705,5,0,0,1.0,1.0,18.07745573169916
LR-SELECTED-AP,var_164,0.13435286283493042,0.0014333355075263547,0.13435286283493042,0.13239216804504395,0.1358090341091156,5,0,0,1.0,1.0,93.73441328246678
LR-SELECTED-AP,var_165,-0.16685037016868592,0.00520456287450369,0.16685037016868592,-0.17677170038223267,-0.1615545153617859,0,5,0,1.0,1.0,32.058479106103555
LR-SELECTED-AP,var_166,-0.17707375288009644,0.006059010888143315,0.17707375288009644,-0.187122642993927,-0.16855427622795105,0,5,0,1.0,1.0,29.224861309723
LR-SELECTED-AP,var_167,0.08883974552154542,0.002989292108015707,0.08883974552154542,0.08416736871004105,0.09341348707675934,5,0,0,1.0,1.0,29.719325616696146
LR-SELECTED-AP,var_168,0.04813165739178658,0.009236000385873282,0.04813165739178658,0.039537712931632996,0.06573377549648285,5,0,0,1.0,1.0,5.211309590827229
LR-SELECTED-AP,var_169,-0.1546409845352173,0.006553651466905858,0.1546409845352173,-0.15914753079414368,-0.14183390140533447,0,5,0,1.0,1.0,23.59615632843867
LR-SELECTED-AP,var_170,0.15834009051322936,0.0018694291857476377,0.15834009051322936,0.15621143579483032,0.16163459420204163,5,0,0,1.0,1.0,84.69969963044407
LR-SELECTED-AP,var_171,0.04857433810830116,0.006784499666915779,0.04857433810830116,0.042644355446100235,0.061103373765945435,5,0,0,1.0,1.0,7.159605054617296
LR-SELECTED-AP,var_172,-0.12312975376844407,0.0039102918173949805,0.12312975376844407,-0.12932220101356506,-0.1174754649400711,0,5,0,1.0,1.0,31.48863550814619
LR-SELECTED-AP,var_173,0.14481804966926576,0.0011561592781139652,0.14481804966926576,0.14284789562225342,0.14629855751991272,5,0,0,1.0,1.0,125.25787096175767
LR-SELECTED-AP,var_174,-0.19717549681663513,0.004664687698052919,0.19717549681663513,-0.20166486501693726,-0.18876054883003235,0,5,0,1.0,1.0,42.26981731251344
LR-SELECTED-AP,var_175,0.07918933629989625,0.004940458149585096,0.07918933629989625,0.07467061281204224,0.08743127435445786,5,0,0,1.0,1.0,16.028743469174632
LR-SELECTED-AP,var_176,0.0370607890188694,0.002819695635505618,0.0370607890188694,0.03280418738722801,0.04051776975393295,5,0,0,1.0,1.0,13.143542356911468
LR-SELECTED-AP,var_177,-0.1249221295118332,0.006704422956427883,0.1249221295118332,-0.13263684511184692,-0.11553861945867538,0,5,0,1.0,1.0,18.632793653338897
LR-SELECTED-AP,var_178,-0.05910386964678764,0.0033351533079728326,0.05910386964678764,-0.06362801045179367,-0.05331261083483696,0,5,0,1.0,1.0,17.721485097999324
LR-SELECTED-AP,var_179,0.16057996153831483,0.004268192508911329,0.16057996153831483,0.1540335714817047,0.16606849431991577,5,0,0,1.0,1.0,37.622473963636885
LR-SELECTED-AP,var_180,0.10153070688247681,0.004218195000762706,0.10153070688247681,0.09796003252267838,0.10945916920900345,5,0,0,1.0,1.0,24.0697044266833
LR-SELECTED-AP,var_181,0.05020054206252098,0.005285858449844338,0.05020054206252098,0.043567780405282974,0.05905306339263916,5,0,0,1.0,1.0,9.497140821846491
LR-SELECTED-AP,var_182,-0.039171944558620456,0.002847023412161683,0.039171944558620456,-0.04288473352789879,-0.03472932428121567,0,5,0,1.0,1.0,13.758911989021893
LR-SELECTED-AP,var_183,-0.005554963182657957,0.0029069195047348507,0.005554963182657957,-0.008015017956495285,0.0,0,4,1,0.8,0.8,1.9109449620498584
LR-SELECTED-AP,var_184,0.15689885020256042,0.006420292116189079,0.15689885020256042,0.1485057771205902,0.16590231657028198,5,0,0,1.0,1.0,24.437961289475737
LR-SELECTED-AP,var_185,-0.002882551628863439,0.0046334072604713875,0.003907344996696338,-0.009617115370929241,0.0025619834195822477,1,3,1,0.6,0.8,0.6221235187882102
LR-SELECTED-AP,var_186,-0.09289285987615585,0.004496418605495524,0.09289285987615585,-0.09839721769094467,-0.08798869699239731,0,5,0,1.0,1.0,20.659299773072192
LR-SELECTED-AP,var_187,0.046351810544729234,0.004574981605205133,0.046351810544729234,0.041538309305906296,0.053904175758361816,5,0,0,1.0,1.0,10.131584024729355
LR-SELECTED-AP,var_188,-0.12140501588582993,0.005741451027154988,0.12140501588582993,-0.12564164400100708,-0.11016147583723068,0,5,0,1.0,1.0,21.145354251324864
LR-SELECTED-AP,var_189,0.02409120127558708,0.007673482770260167,0.02409120127558708,0.011696817353367805,0.03478655219078064,5,0,0,1.0,1.0,3.139539371738184
LR-SELECTED-AP,var_190,0.18805764317512513,0.0028880204383067683,0.18805764317512513,0.18419727683067322,0.19252803921699524,5,0,0,1.0,1.0,65.11645162918857
LR-SELECTED-AP,var_191,0.14948012828826904,0.004135744031831316,0.14948012828826904,0.141851544380188,0.1542147397994995,5,0,0,1.0,1.0,36.14346708543056
LR-SELECTED-AP,var_192,-0.13946377635002136,0.0061295354886117225,0.13946377635002136,-0.14821293950080872,-0.13047781586647034,0,5,0,1.0,1.0,22.75274800335701
LR-SELECTED-AP,var_193,-0.05842130109667778,0.005064720492529196,0.05842130109667778,-0.06470458954572678,-0.04964596405625343,0,5,0,1.0,1.0,11.534950681454301
LR-SELECTED-AP,var_194,-0.07410283982753754,0.0019941896737924506,0.07410283982753754,-0.07658302783966064,-0.07112549245357513,0,5,0,1.0,1.0,37.15937395594081
LR-SELECTED-AP,var_195,0.0922025814652443,0.007754926243209481,0.0922025814652443,0.0785273015499115,0.09998699277639389,5,0,0,1.0,1.0,11.889549761479405
LR-SELECTED-AP,var_196,0.07185216844081879,0.006554438561230951,0.07185216844081879,0.0637052059173584,0.08154017478227615,5,0,0,1.0,1.0,10.96236813719133
LR-SELECTED-AP,var_197,-0.11400803774595261,0.005419138030543914,0.11400803774595261,-0.12252801656723022,-0.10664789378643036,0,5,0,1.0,1.0,21.03803909466116
LR-SELECTED-AP,var_198,-0.16997095346450805,0.00767636305123015,0.16997095346450805,-0.18014949560165405,-0.15931150317192078,0,5,0,1.0,1.0,22.142120211115472
LR-SELECTED-AP,var_199,0.08885439932346344,0.0020951329479903693,0.08885439932346344,0.08481231331825256,0.09049165993928909,5,0,0,1.0,1.0,42.40990979053729
LR-SELECTED-BALANCED,var_0,0.15680710971355438,0.00271950097701032,0.15680710971355438,0.15331648290157318,0.16004544496536255,5,0,0,1.0,1.0,57.66025128842839
LR-SELECTED-BALANCED,var_1,0.16505631804466248,0.00722193491174495,0.16505631804466248,0.1560938060283661,0.17677432298660278,5,0,0,1.0,1.0,22.854860928783534
LR-SELECTED-BALANCED,var_2,0.16503643989562988,0.006605816743596422,0.16503643989562988,0.15627184510231018,0.17395763099193573,5,0,0,1.0,1.0,24.98350261617659
LR-SELECTED-BALANCED,var_3,0.03387867286801338,0.003382186363881525,0.03387867286801338,0.030016537755727768,0.040180981159210205,5,0,0,1.0,1.0,10.016796599324797
LR-SELECTED-BALANCED,var_4,0.0392946757376194,0.0034304966677269058,0.0392946757376194,0.03330666571855545,0.04374784976243973,5,0,0,1.0,1.0,11.454515058209937
LR-SELECTED-BALANCED,var_5,0.10845837742090225,0.008767481968240901,0.10845837742090225,0.09639561921358109,0.12245000153779984,5,0,0,1.0,1.0,12.370527571516693
LR-SELECTED-BALANCED,var_6,0.21553846299648285,0.0060147068956129136,0.21553846299648285,0.20754820108413696,0.2237427830696106,5,0,0,1.0,1.0,35.83523964462627
LR-SELECTED-BALANCED,var_7,-0.023723036423325537,0.0015553732385588986,0.023723036423325537,-0.025495009496808052,-0.021404091268777847,0,5,0,1.0,1.0,15.25231104355523
LR-SELECTED-BALANCED,var_8,0.06223694235086441,0.004987595141583854,0.06223694235086441,0.05606864020228386,0.06966299563646317,5,0,0,1.0,1.0,12.478346895473509
LR-SELECTED-BALANCED,var_9,-0.13314491212368013,0.0033292709904196,0.13314491212368013,-0.13845576345920563,-0.128005251288414,0,5,0,1.0,1.0,39.992212261126426
LR-SELECTED-BALANCED,var_10,-0.0035115517312078737,0.004326674464696609,0.004249894955137279,-0.010590379126369953,0.001845858059823513,1,4,0,0.8,1.0,0.8116052547655506
LR-SELECTED-BALANCED,var_11,0.07998977601528168,0.005139287413982783,0.07998977601528168,0.07328325510025024,0.08624671399593353,5,0,0,1.0,1.0,15.564371005529871
LR-SELECTED-BALANCED,var_12,-0.2088979423046112,0.0060506871299314275,0.2088979423046112,-0.21855825185775757,-0.20023342967033386,0,5,0,1.0,1.0,34.524664359396645
LR-SELECTED-BALANCED,var_13,-0.17496250569820404,0.003381146382964406,0.17496250569820404,-0.18115754425525665,-0.17189468443393707,0,5,0,1.0,1.0,51.74650425658143
LR-SELECTED-BALANCED,var_14,-0.011483901739120483,0.002272871122061701,0.011483901739120483,-0.015613148920238018,-0.008812504820525646,0,5,0,1.0,1.0,5.052596967619711
LR-SELECTED-BALANCED,var_15,0.056286800652742386,0.005461274322486081,0.056286800652742386,0.04847089201211929,0.06274554133415222,5,0,0,1.0,1.0,10.306532382192666
LR-SELECTED-BALANCED,var_16,0.013408584985882044,0.0038383153363605194,0.013408584985882044,0.006419312674552202,0.018045183271169662,5,0,0,1.0,1.0,3.49335159069949
LR-SELECTED-BALANCED,var_17,0.00458261864259839,0.005523350953030557,0.005035035405308008,-0.001131041906774044,0.01510422583669424,4,1,0,0.8,1.0,0.8296808733625393
LR-SELECTED-BALANCED,var_18,0.12958889901638032,0.00610861401621922,0.12958889901638032,0.11904029548168182,0.13703955709934235,5,0,0,1.0,1.0,21.214124623408694
LR-SELECTED-BALANCED,var_19,0.030856187269091607,0.005511850642495698,0.030856187269091607,0.023740867152810097,0.035728033632040024,5,0,0,1.0,1.0,5.598153736458843
LR-SELECTED-BALANCED,var_20,-0.06799034178256988,0.0031597595751309067,0.06799034178256988,-0.07305994629859924,-0.06353215873241425,0,5,0,1.0,1.0,21.517568082612204
LR-SELECTED-BALANCED,var_21,-0.17971613109111786,0.00743483086383226,0.17971613109111786,-0.19160501658916473,-0.16938821971416473,0,5,0,1.0,1.0,24.17218822897047
LR-SELECTED-BALANCED,var_22,0.19153327345848084,0.0022633499978357186,0.19153327345848084,0.18729335069656372,0.1936391443014145,5,0,0,1.0,1.0,84.6237981936562
LR-SELECTED-BALANCED,var_23,-0.0917576164007187,0.004685679421396334,0.0917576164007187,-0.096713587641716,-0.08397963643074036,0,5,0,1.0,1.0,19.582563839455013
LR-SELECTED-BALANCED,var_24,0.08278300762176513,0.0045455001932491615,0.08278300762176513,0.07572575658559799,0.08905871957540512,5,0,0,1.0,1.0,18.212078781716453
LR-SELECTED-BALANCED,var_25,0.055848303437232974,0.00615586568787382,0.055848303437232974,0.04607171565294266,0.0649971142411232,5,0,0,1.0,1.0,9.072371989409088
LR-SELECTED-BALANCED,var_26,0.1938533067703247,0.002696271466738683,0.1938533067703247,0.19060659408569336,0.19815661013126373,5,0,0,1.0,1.0,71.89680607523805
LR-SELECTED-BALANCED,var_27,-0.006426757387816906,0.002472486362413287,0.006426757387816906,-0.009520482271909714,-0.00344808679074049,0,5,0,1.0,1.0,2.599309539383444
LR-SELECTED-BALANCED,var_28,-0.07570217847824097,0.005556206188161233,0.07570217847824097,-0.08674074709415436,-0.07175236195325851,0,5,0,1.0,1.0,13.624796473453186
LR-SELECTED-BALANCED,var_29,0.021835548616945744,0.004983790447548347,0.021835548616945744,0.013610194437205791,0.02919422648847103,5,0,0,1.0,1.0,4.381313549747308
LR-SELECTED-BALANCED,var_30,-9.722735558170825e-05,0.0024797216944536524,0.0018822693469701334,-0.004948741756379604,0.001724479952827096,4,1,0,0.8,1.0,0.0392089788943518
LR-SELECTED-BALANCED,var_31,-0.09547563195228577,0.006410973523020301,0.09547563195228577,-0.10647767782211304,-0.08715140074491501,0,5,0,1.0,1.0,14.892532563026798
LR-SELECTED-BALANCED,var_32,0.09611314684152603,0.002619840876860655,0.09611314684152603,0.09365685284137726,0.10106686502695084,5,0,0,1.0,1.0,36.68663531835944
LR-SELECTED-BALANCED,var_33,-0.15242452919483185,0.0072671164131260435,0.15242452919483185,-0.16531865298748016,-0.14436273276805878,0,5,0,1.0,1.0,20.974554490349746
LR-SELECTED-BALANCED,var_34,-0.18025295734405516,0.0036109460513112936,0.18025295734405516,-0.18559041619300842,-0.1761942207813263,0,5,0,1.0,1.0,49.91848528963381
LR-SELECTED-BALANCED,var_35,0.1141743779182434,0.0051715883186674964,0.1141743779182434,0.10745147615671158,0.1198679655790329,5,0,0,1.0,1.0,22.077236408418624
LR-SELECTED-BALANCED,var_36,-0.12670440077781678,0.0037289360240185102,0.12670440077781678,-0.13151490688323975,-0.12029162049293518,0,5,0,1.0,1.0,33.97870061639338
LR-SELECTED-BALANCED,var_37,0.02747546248137951,0.006274332787878071,0.02747546248137951,0.017814289778470993,0.0337187759578228,5,0,0,1.0,1.0,4.3790253737354785
LR-SELECTED-BALANCED,var_38,0.015319853276014327,0.0029751816322874623,0.015319853276014327,0.009915044531226158,0.017658833414316177,5,0,0,1.0,1.0,5.149216138523464
LR-SELECTED-BALANCED,var_39,-0.013599576614797115,0.007230185719076343,0.013599576614797115,-0.027722174301743507,-0.007379228249192238,0,5,0,1.0,1.0,1.880944299800648
LR-SELECTED-BALANCED,var_40,0.16156280934810638,0.006494508675103833,0.16156280934810638,0.15124832093715668,0.16762718558311462,5,0,0,1.0,1.0,24.87683324951719
LR-SELECTED-BALANCED,var_41,-0.01325496258214116,0.005434602319283549,0.01325496258214116,-0.020085040479898453,-0.005718734581023455,0,5,0,1.0,1.0,2.4389940244768527
LR-SELECTED-BALANCED,var_42,-0.03578466214239597,0.006407622199922378,0.03578466214239597,-0.04412013292312622,-0.026676421985030174,0,5,0,1.0,1.0,5.584702253954396
LR-SELECTED-BALANCED,var_43,-0.09145559668540955,0.003436467262584508,0.09145559668540955,-0.09740620106458664,-0.08744631707668304,0,5,0,1.0,1.0,26.613259983923566
LR-SELECTED-BALANCED,var_44,-0.1554719775915146,0.004327167907541503,0.1554719775915146,-0.15975847840309143,-0.14917047321796417,0,5,0,1.0,1.0,35.92926849927546
LR-SELECTED-BALANCED,var_45,-0.07831959873437881,0.003969858594841637,0.07831959873437881,-0.08131948113441467,-0.07049655169248581,0,5,0,1.0,1.0,19.72856132360521
LR-SELECTED-BALANCED,var_46,0.007573040621355176,0.004838538296620487,0.007573040621355176,0.0016051705460995436,0.014403543435037136,5,0,0,1.0,1.0,1.5651504973401318
LR-SELECTED-BALANCED,var_47,0.026287220418453217,0.0035441021766797255,0.026287220418453217,0.01995755545794964,0.029848884791135788,5,0,0,1.0,1.0,7.417173407533815
LR-SELECTED-BALANCED,var_48,0.10783880800008774,0.004045794259826797,0.10783880800008774,0.10255647450685501,0.11356723308563232,5,0,0,1.0,1.0,26.65454570215799
LR-SELECTED-BALANCED,var_49,0.10475105792284012,0.005703050604137693,0.10475105792284012,0.09471802413463593,0.11219150573015213,5,0,0,1.0,1.0,18.367548386619042
LR-SELECTED-BALANCED,var_50,-0.04968714192509651,0.0042030599423295055,0.04968714192509651,-0.05736608803272247,-0.04467372968792915,0,5,0,1.0,1.0,11.821659126173506
LR-SELECTED-BALANCED,var_51,0.07714979201555253,0.0025139588929026643,0.07714979201555253,0.07265402376651764,0.07990904152393341,5,0,0,1.0,1.0,30.688565446854664
LR-SELECTED-BALANCED,var_52,0.0928371861577034,0.0031958482256479897,0.0928371861577034,0.08726806938648224,0.09695781022310257,5,0,0,1.0,1.0,29.04931010573047
LR-SELECTED-BALANCED,var_53,0.20677213072776796,0.0029332428311647893,0.20677213072776796,0.20102307200431824,0.20918989181518555,5,0,0,1.0,1.0,70.49267402305153
LR-SELECTED-BALANCED,var_54,-0.0466666504740715,0.005484245231192332,0.0466666504740715,-0.05583977699279785,-0.040920671075582504,0,5,0,1.0,1.0,8.509220231190099
LR-SELECTED-BALANCED,var_55,0.05660192668437958,0.003680201454377012,0.05660192668437958,0.053503673523664474,0.0637534037232399,5,0,0,1.0,1.0,15.38011638386187
LR-SELECTED-BALANCED,var_56,-0.10212075263261795,0.004684516985496129,0.10212075263261795,-0.10750088095664978,-0.09430171549320221,0,5,0,1.0,1.0,21.799633334406128
LR-SELECTED-BALANCED,var_57,-0.058867602795362475,0.009020556135211097,0.058867602795362475,-0.07652632147073746,-0.05166604369878769,0,5,0,1.0,1.0,6.525939411382359
LR-SELECTED-BALANCED,var_58,-0.08768418282270432,0.0054330341051253925,0.08768418282270432,-0.09734384715557098,-0.08050069212913513,0,5,0,1.0,1.0,16.139081979990078
LR-SELECTED-BALANCED,var_59,-0.04247957840561867,0.005750552557269525,0.04247957840561867,-0.05070268362760544,-0.03402082994580269,0,5,0,1.0,1.0,7.387042894150534
LR-SELECTED-BALANCED,var_60,0.03370889350771904,0.00450456083232401,0.03370889350771904,0.026659633964300156,0.0388847216963768,5,0,0,1.0,1.0,7.483280781963855
LR-SELECTED-BALANCED,var_61,0.036200182512402534,0.008644488306282987,0.036200182512402534,0.027912817895412445,0.05132165551185608,5,0,0,1.0,1.0,4.187660533485896
LR-SELECTED-BALANCED,var_62,0.06016064658761024,0.00785606412059692,0.06016064658761024,0.05307159945368767,0.0754123255610466,5,0,0,1.0,1.0,7.657860942081696
LR-SELECTED-BALANCED,var_63,-0.047918837517499924,0.0067148759302915854,0.047918837517499924,-0.05979685112833977,-0.04058588668704033,0,5,0,1.0,1.0,7.136220834897469
LR-SELECTED-BALANCED,var_64,-0.04551018178462982,0.005399326232915753,0.04551018178462982,-0.055778175592422485,-0.04037009924650192,0,5,0,1.0,1.0,8.428863125029485
LR-SELECTED-BALANCED,var_65,0.04095094576478005,0.005731418176727673,0.04095094576478005,0.03439406678080559,0.04777449741959572,5,0,0,1.0,1.0,7.144993525522024
LR-SELECTED-BALANCED,var_66,0.07481206208467484,0.002335120344454612,0.07481206208467484,0.07087396830320358,0.07739852368831635,5,0,0,1.0,1.0,32.03777580985478
LR-SELECTED-BALANCED,var_67,0.14678356945514678,0.004765292980020562,0.14678356945514678,0.14017659425735474,0.1525355577468872,5,0,0,1.0,1.0,30.802632717559913
LR-SELECTED-BALANCED,var_68,-0.04538468942046166,0.0053969924200038865,0.04538468942046166,-0.05138364061713219,-0.03558887913823128,0,5,0,1.0,1.0,8.40925572773495
LR-SELECTED-BALANCED,var_69,0.023128496110439302,0.005524753827340638,0.023128496110439302,0.017633704468607903,0.03211609274148941,5,0,0,1.0,1.0,4.186339669286471
LR-SELECTED-BALANCED,var_70,0.09811960905790329,0.007167011686317708,0.09811960905790329,0.0875038206577301,0.10751678794622421,5,0,0,1.0,1.0,13.690449151243465
LR-SELECTED-BALANCED,var_71,0.10969645082950592,0.0031668238774758906,0.10969645082950592,0.10717933624982834,0.11588569730520248,5,0,0,1.0,1.0,34.639264788205246
LR-SELECTED-BALANCED,var_72,-0.04608033299446106,0.00420495938361802,0.04608033299446106,-0.05390670523047447,-0.042018741369247437,0,5,0,1.0,1.0,10.958567917203117
LR-SELECTED-BALANCED,var_73,-0.02307296097278595,0.0032264479719384016,0.02307296097278595,-0.02676701731979847,-0.017215151339769363,0,5,0,1.0,1.0,7.151195733964515
LR-SELECTED-BALANCED,var_74,0.0589855894446373,0.002202606362465509,0.0589855894446373,0.05626114457845688,0.06205500289797783,5,0,0,1.0,1.0,26.779905138658208
LR-SELECTED-BALANCED,var_75,-0.12724306136369706,0.004771791940946143,0.12724306136369706,-0.1323845237493515,-0.12017088383436203,0,5,0,1.0,1.0,26.665676739137457
LR-SELECTED-BALANCED,var_76,-0.20404545366764068,0.0060670450399608646,0.20404545366764068,-0.21221812069416046,-0.19693955779075623,0,5,0,1.0,1.0,33.63176840186263
LR-SELECTED-BALANCED,var_77,-0.050662868469953534,0.0042069893897214335,0.050662868469953534,-0.0557575561106205,-0.04578258469700813,0,5,0,1.0,1.0,12.042547241438493
LR-SELECTED-BALANCED,var_78,0.15964351892471312,0.003192372582501328,0.15964351892471312,0.15605305135250092,0.16550922393798828,5,0,0,1.0,1.0,50.007796646222324
LR-SELECTED-BALANCED,var_79,0.011576776066794992,0.004505298829475596,0.011576776066794992,0.0028428540099412203,0.015745392069220543,5,0,0,1.0,1.0,2.569591164753421
LR-SELECTED-BALANCED,var_80,-0.17249711751937866,0.003629742451221606,0.17249711751937866,-0.17728039622306824,-0.16603651642799377,0,5,0,1.0,1.0,47.523238862667355
LR-SELECTED-BALANCED,var_81,-0.24153181910514832,0.004634591143391955,0.24153181910514832,-0.24898184835910797,-0.23616579174995422,0,5,0,1.0,1.0,52.11502193662005
LR-SELECTED-BALANCED,var_82,0.07527168542146682,0.0019080182162408766,0.07527168542146682,0.07323446124792099,0.07771909236907959,5,0,0,1.0,1.0,39.45019223650611
LR-SELECTED-BALANCED,var_83,-0.06857006698846817,0.0052154319706903905,0.06857006698846817,-0.07351663708686829,-0.05923952907323837,0,5,0,1.0,1.0,13.147533583759566
LR-SELECTED-BALANCED,var_84,0.035439929366111754,0.0023719525013971895,0.035439929366111754,0.03263140469789505,0.03828941285610199,5,0,0,1.0,1.0,14.941247493460633
LR-SELECTED-BALANCED,var_85,-0.06220482811331749,0.008932898879036463,0.06220482811331749,-0.07705394923686981,-0.05237826704978943,0,5,0,1.0,1.0,6.963565686307825
LR-SELECTED-BALANCED,var_86,-0.12048644423484803,0.003641048789021429,0.12048644423484803,-0.12606896460056305,-0.11480150371789932,0,5,0,1.0,1.0,33.09113698177681
LR-SELECTED-BALANCED,var_87,-0.11256127059459686,0.0038571274318584684,0.11256127059459686,-0.11845548450946808,-0.10755859315395355,0,5,0,1.0,1.0,29.18266834143857
LR-SELECTED-BALANCED,var_88,-0.0641974687576294,0.005761080412229651,0.0641974687576294,-0.06936034560203552,-0.05323836952447891,0,5,0,1.0,1.0,11.143303714585933
LR-SELECTED-BALANCED,var_89,0.1326460584998131,0.0051006513481993655,0.1326460584998131,0.12346851080656052,0.1389356255531311,5,0,0,1.0,1.0,26.00570975050747
LR-SELECTED-BALANCED,var_90,0.09631140977144241,0.003895535775892261,0.09631140977144241,0.0888085588812828,0.09988517314195633,5,0,0,1.0,1.0,24.72353363238644
LR-SELECTED-BALANCED,var_91,0.1179663360118866,0.003906774591282764,0.1179663360118866,0.11180959641933441,0.121758371591568,5,0,0,1.0,1.0,30.195326926488075
LR-SELECTED-BALANCED,var_92,-0.1430325448513031,0.003499365517741125,0.1430325448513031,-0.14802567660808563,-0.1375032216310501,0,5,0,1.0,1.0,40.873851024177355
LR-SELECTED-BALANCED,var_93,-0.1016679584980011,0.006126268523162555,0.1016679584980011,-0.11113116890192032,-0.09349553287029266,0,5,0,1.0,1.0,16.595413360286976
LR-SELECTED-BALANCED,var_94,0.15846433341503144,0.003864601269874049,0.15846433341503144,0.15164941549301147,0.16248618066310883,5,0,0,1.0,1.0,41.00405768903213
LR-SELECTED-BALANCED,var_95,0.12386545538902283,0.005508767483712281,0.12386545538902283,0.11669274419546127,0.128685861825943,5,0,0,1.0,1.0,22.48514858455174
LR-SELECTED-BALANCED,var_96,0.0029483425634680314,0.0033018421642173625,0.0031596295331837608,-0.0003427558986004442,0.007414326537400484,3,2,0,0.6,1.0,0.8929386738771266
LR-SELECTED-BALANCED,var_97,0.05834556296467781,0.002206302315919177,0.05834556296467781,0.05625815689563751,0.061437252908945084,5,0,0,1.0,1.0,26.444953868601797
LR-SELECTED-BALANCED,var_98,-0.010950028244405986,0.004288465893530369,0.010950028244405986,-0.017116287723183632,-0.005423556547611952,0,5,0,1.0,1.0,2.553367221813461
LR-SELECTED-BALANCED,var_99,0.18808335065841675,0.006288700295581158,0.18808335065841675,0.18189382553100586,0.1982312947511673,5,0,0,1.0,1.0,29.90814346655532
LR-SELECTED-BALANCED,var_100,-0.0004518245812505484,0.006206822209831456,0.005829104548320174,-0.008954858407378197,0.0067298999056220055,2,3,0,0.6,1.0,0.07279483219848847
LR-SELECTED-BALANCED,var_101,-0.022537031024694443,0.0055240679217030565,0.022537031024694443,-0.028864748775959015,-0.012210749089717865,0,5,0,1.0,1.0,4.079788906314792
LR-SELECTED-BALANCED,var_102,-0.06104826852679253,0.005479387031893801,0.06104826852679253,-0.07111676037311554,-0.055776841938495636,0,5,0,1.0,1.0,11.141441218049966
LR-SELECTED-BALANCED,var_103,0.001640081592631759,0.005376670286841599,0.003916401880997,-0.003248749300837517,0.011695877648890018,2,3,0,0.6,1.0,0.30503666863216183
LR-SELECTED-BALANCED,var_104,-0.08533213138580323,0.0027866867472538825,0.08533213138580323,-0.08950451016426086,-0.08194154500961304,0,5,0,1.0,1.0,30.621357592447833
LR-SELECTED-BALANCED,var_105,0.08373491019010544,0.005898996659706976,0.08373491019010544,0.0766456201672554,0.0916806161403656,5,0,0,1.0,1.0,14.194771589218309
LR-SELECTED-BALANCED,var_106,0.1021782860159874,0.003824185661933631,0.1021782860159874,0.09656567871570587,0.10809838771820068,5,0,0,1.0,1.0,26.718965826653104
LR-SELECTED-BALANCED,var_107,-0.1337540328502655,0.0056888522612445515,0.1337540328502655,-0.14003223180770874,-0.12431347370147705,0,5,0,1.0,1.0,23.51160246530974
LR-SELECTED-BALANCED,var_108,-0.1300539642572403,0.0050360703889116626,0.1300539642572403,-0.1396304965019226,-0.12591557204723358,0,5,0,1.0,1.0,25.8244929506119
LR-SELECTED-BALANCED,var_109,-0.15619703233242035,0.004514151007742585,0.15619703233242035,-0.1609460860490799,-0.15029016137123108,0,5,0,1.0,1.0,34.6016409430049
LR-SELECTED-BALANCED,var_110,0.20406534075736998,0.004329906319079376,0.20406534075736998,0.19868461787700653,0.20909465849399567,5,0,0,1.0,1.0,47.129273873238866
LR-SELECTED-BALANCED,var_111,0.08706683963537216,0.001980323596083984,0.08706683963537216,0.0852169543504715,0.09071259945631027,5,0,0,1.0,1.0,43.9659658691811
LR-SELECTED-BALANCED,var_112,0.07452209144830704,0.005168358185246071,0.07452209144830704,0.06567630916833878,0.07942505925893784,5,0,0,1.0,1.0,14.418909985967966
LR-SELECTED-BALANCED,var_113,-0.05255931913852692,0.0029348348880298093,0.05255931913852692,-0.05601147934794426,-0.04812438040971756,0,5,0,1.0,1.0,17.908782314430866
LR-SELECTED-BALANCED,var_114,-0.07927336394786835,0.003247452069124747,0.07927336394786835,-0.08465078473091125,-0.07504867762327194,0,5,0,1.0,1.0,24.410941950939613
LR-SELECTED-BALANCED,var_115,-0.15691401064395905,0.004529877587652568,0.15691401064395905,-0.16122128069400787,-0.14814525842666626,0,5,0,1.0,1.0,34.6397905037575
LR-SELECTED-BALANCED,var_116,-0.07532805353403091,0.009246240671276534,0.07532805353403091,-0.08394154906272888,-0.0577416718006134,0,5,0,1.0,1.0,8.146884362207427
LR-SELECTED-BALANCED,var_117,0.005267419549636543,0.006064972334243482,0.0056762146996334195,-0.0005901057156734169,0.01604662835597992,3,2,0,0.6,1.0,0.8684985288219595
LR-SELECTED-BALANCED,var_118,0.13882076144218444,0.0028570126771803317,0.13882076144218444,0.13648395240306854,0.14374428987503052,5,0,0,1.0,1.0,48.58948038661833
LR-SELECTED-BALANCED,var_119,0.09289585053920746,0.005924882309450935,0.09289585053920746,0.08449546247720718,0.09986621886491776,5,0,0,1.0,1.0,15.678936000302214
LR-SELECTED-BALANCED,var_120,-0.037745273858308795,0.0033711984187495803,0.037745273858308795,-0.043760430067777634,-0.03382732346653938,0,5,0,1.0,1.0,11.19639640561605
LR-SELECTED-BALANCED,var_121,-0.12998270690441133,0.004377446568056633,0.12998270690441133,-0.13827086985111237,-0.12550029158592224,0,5,0,1.0,1.0,29.693727812218743
LR-SELECTED-BALANCED,var_122,-0.13238534331321716,0.0033584548117902694,0.13238534331321716,-0.13791079819202423,-0.12893164157867432,0,5,0,1.0,1.0,39.41852748724007
LR-SELECTED-BALANCED,var_123,-0.10909508913755417,0.0015402471441051326,0.10909508913755417,-0.1106792613863945,-0.10617005079984665,0,5,0,1.0,1.0,70.82960001261456
LR-SELECTED-BALANCED,var_124,0.02234222423285246,0.006329285250127237,0.02234222423285246,0.014971288852393627,0.0336332805454731,5,0,0,1.0,1.0,3.529975874037678
LR-SELECTED-BALANCED,var_125,0.08870495110750198,0.0052091038132331315,0.08870495110750198,0.08130568265914917,0.09483254700899124,5,0,0,1.0,1.0,17.028831501141028
LR-SELECTED-BALANCED,var_126,0.010632094845641404,0.00746365037132898,0.010919273912440986,-0.0007179476669989526,0.019163932651281357,4,1,0,0.8,1.0,1.4245167333244113
LR-SELECTED-BALANCED,var_127,-0.12742515057325363,0.009199737620854546,0.12742515057325363,-0.1440722495317459,-0.11730119585990906,0,5,0,1.0,1.0,13.850954866842635
LR-SELECTED-BALANCED,var_128,0.08847516179084777,0.003892959210389375,0.08847516179084777,0.08369859308004379,0.09431491792201996,5,0,0,1.0,1.0,22.72696861419039
LR-SELECTED-BALANCED,var_129,-0.025077662244439126,0.007148873159781641,0.025077662244439126,-0.035788606852293015,-0.017565356567502022,0,5,0,1.0,1.0,3.507918196887456
LR-SELECTED-BALANCED,var_130,0.10407842695713043,0.0036133124446566887,0.10407842695713043,0.09886878728866577,0.10832761228084564,5,0,0,1.0,1.0,28.804159217128767
LR-SELECTED-BALANCED,var_131,-0.10082760453224182,0.0063936274509318524,0.10082760453224182,-0.11042245477437973,-0.09220490604639053,0,5,0,1.0,1.0,15.770015582866499
LR-SELECTED-BALANCED,var_132,-0.0917048454284668,0.007244037394210917,0.0917048454284668,-0.1052987277507782,-0.08621343225240707,0,5,0,1.0,1.0,12.659355610415545
LR-SELECTED-BALANCED,var_133,0.16588542759418487,0.003669436382537131,0.16588542759418487,0.1618298441171646,0.17152290046215057,5,0,0,1.0,1.0,45.20733167186779
LR-SELECTED-BALANCED,var_134,0.054681578278541566,0.004081129570099851,0.054681578278541566,0.047728605568408966,0.059939976781606674,5,0,0,1.0,1.0,13.398638131746628
LR-SELECTED-BALANCED,var_135,0.09073699414730071,0.0076906976700375895,0.09073699414730071,0.07589691877365112,0.09816507995128632,5,0,0,1.0,1.0,11.798278653028186
LR-SELECTED-BALANCED,var_136,-0.015225247014313936,0.005370964277961186,0.015225247014313936,-0.02366754412651062,-0.0076266746036708355,0,5,0,1.0,1.0,2.834732503581796
LR-SELECTED-BALANCED,var_137,0.09429089277982712,0.0016499763801485568,0.09429089277982712,0.09245043247938156,0.09734398126602173,5,0,0,1.0,1.0,57.14681368428128
LR-SELECTED-BALANCED,var_138,0.05560372248291969,0.0057281655141240215,0.05560372248291969,0.04787585511803627,0.06394807249307632,5,0,0,1.0,1.0,9.707073293502889
LR-SELECTED-BALANCED,var_139,-0.22792163789272307,0.003458052681356376,0.22792163789272307,-0.23265919089317322,-0.22439585626125336,0,5,0,1.0,1.0,65.91040070659339
LR-SELECTED-BALANCED,var_140,0.05779615044593811,0.003463235039646497,0.05779615044593811,0.05419144406914711,0.06392578780651093,5,0,0,1.0,1.0,16.68848628068681
LR-SELECTED-BALANCED,var_141,-0.09894051551818847,0.006074493332436797,0.09894051551818847,-0.10830391198396683,-0.08952366560697556,0,5,0,1.0,1.0,16.287863053509128
LR-SELECTED-BALANCED,var_142,-0.06859010607004165,0.0062799397779306,0.06859010607004165,-0.0768899917602539,-0.05841957777738571,0,5,0,1.0,1.0,10.922096149884005
LR-SELECTED-BALANCED,var_143,-0.030427492782473566,0.0031768683256714995,0.030427492782473566,-0.03482437506318092,-0.025076545774936676,0,5,0,1.0,1.0,9.577826231132804
LR-SELECTED-BALANCED,var_144,0.07382201701402664,0.005095537000047741,0.07382201701402664,0.06549514085054398,0.08009159564971924,5,0,0,1.0,1.0,14.48758335251648
LR-SELECTED-BALANCED,var_145,0.10571224987506866,0.006454012416187252,0.10571224987506866,0.09939797222614288,0.11800651252269745,5,0,0,1.0,1.0,16.37930686497117
LR-SELECTED-BALANCED,var_146,-0.19835225343704224,0.004838171370451616,0.19835225343704224,-0.20474690198898315,-0.19126640260219574,0,5,0,1.0,1.0,40.99736000432702
LR-SELECTED-BALANCED,var_147,0.12733378410339355,0.007921551064446399,0.12733378410339355,0.1153305396437645,0.13651634752750397,5,0,0,1.0,1.0,16.074349968517026
LR-SELECTED-BALANCED,var_148,-0.1572098046541214,0.0031523920927874574,0.1572098046541214,-0.16344529390335083,-0.1552215814590454,0,5,0,1.0,1.0,49.8700034852263
LR-SELECTED-BALANCED,var_149,-0.14363715648651124,0.007308977374009507,0.14363715648651124,-0.15445229411125183,-0.1352521777153015,0,5,0,1.0,1.0,19.652155032970285
LR-SELECTED-BALANCED,var_150,-0.1003557413816452,0.0033995711884594153,0.1003557413816452,-0.10276142507791519,-0.0936717763543129,0,5,0,1.0,1.0,29.52011763198784
LR-SELECTED-BALANCED,var_151,0.0872645154595375,0.0044980870258371965,0.0872645154595375,0.0833541676402092,0.09576979279518127,5,0,0,1.0,1.0,19.400361744511
LR-SELECTED-BALANCED,var_152,-0.04268367812037468,0.004563087635584856,0.04268367812037468,-0.05020090565085411,-0.03714095801115036,0,5,0,1.0,1.0,9.354121929964158
LR-SELECTED-BALANCED,var_153,-0.021520424261689187,0.003326262553298387,0.021520424261689187,-0.02558741346001625,-0.01751595549285412,0,5,0,1.0,1.0,6.469851347226838
LR-SELECTED-BALANCED,var_154,-0.1490691840648651,0.0013367925071427476,0.1490691840648651,-0.1511673629283905,-0.147195965051651,0,5,0,1.0,1.0,111.51258199633385
LR-SELECTED-BALANCED,var_155,0.12523625344038009,0.0035085392478548033,0.12523625344038009,0.11883696913719177,0.1287192404270172,5,0,0,1.0,1.0,35.694699301694946
LR-SELECTED-BALANCED,var_156,-0.065651173889637,0.003218019034107973,0.065651173889637,-0.07002820074558258,-0.06267770379781723,0,5,0,1.0,1.0,20.401114223934606
LR-SELECTED-BALANCED,var_157,0.0963770717382431,0.008935468586279997,0.0963770717382431,0.08663801848888397,0.10895494371652603,5,0,0,1.0,1.0,10.785900124613866
LR-SELECTED-BALANCED,var_158,-0.005749347433447838,0.007176879652796683,0.008440347388386726,-0.014085611328482628,0.006727499887347221,1,4,0,0.8,1.0,0.8010929138552932
LR-SELECTED-BALANCED,var_159,0.0425352618098259,0.005484085644257844,0.0425352618098259,0.03445322439074516,0.049536071717739105,5,0,0,1.0,1.0,7.75612646647141
LR-SELECTED-BALANCED,var_160,-0.007303583167959005,0.003803311699713763,0.007303583167959005,-0.01094902865588665,-0.00012489646906033158,0,5,0,1.0,1.0,1.9203220100283251
LR-SELECTED-BALANCED,var_161,0.011645582132041454,0.0037806135904898887,0.011645582132041454,0.005539076402783394,0.01540144719183445,5,0,0,1.0,1.0,3.0803418157664044
LR-SELECTED-BALANCED,var_162,0.10806072354316712,0.0056040936455827375,0.10806072354316712,0.09834042936563492,0.11368392407894135,5,0,0,1.0,1.0,19.282462138786446
LR-SELECTED-BALANCED,var_163,0.10068583488464355,0.005723796280946818,0.10068583488464355,0.09400095045566559,0.10720695555210114,5,0,0,1.0,1.0,17.59074396477025
LR-SELECTED-BALANCED,var_164,0.12208257764577865,0.0022679452743165182,0.12208257764577865,0.11801038682460785,0.12469141185283661,5,0,0,1.0,1.0,53.829595902642865
LR-SELECTED-BALANCED,var_165,-0.16826126277446746,0.006035093909585359,0.16826126277446746,-0.17878292500972748,-0.1606731414794922,0,5,0,1.0,1.0,27.880471339015443
LR-SELECTED-BALANCED,var_166,-0.17027722299098969,0.007543080109904044,0.17027722299098969,-0.18413668870925903,-0.1617298126220703,0,5,0,1.0,1.0,22.57396454896603
LR-SELECTED-BALANCED,var_167,0.08923032432794571,0.0018189048872093746,0.08923032432794571,0.08610914647579193,0.09162092953920364,5,0,0,1.0,1.0,49.0571689346742
LR-SELECTED-BALANCED,var_168,0.046173761039972304,0.010911806584945064,0.046173761039972304,0.03719913959503174,0.06689944118261337,5,0,0,1.0,1.0,4.231541374979735
LR-SELECTED-BALANCED,var_169,-0.15068898499011993,0.006952173821030874,0.15068898499011993,-0.15736287832260132,-0.13728448748588562,0,5,0,1.0,1.0,21.675088809527324
LR-SELECTED-BALANCED,var_170,0.15619916021823882,0.0025743729214248324,0.15619916021823882,0.15194563567638397,0.15959282219409943,5,0,0,1.0,1.0,60.674643878624295
LR-SELECTED-BALANCED,var_171,0.04383611604571343,0.006596380075369121,0.04383611604571343,0.03759300336241722,0.055834848433732986,5,0,0,1.0,1.0,6.645480634051998
LR-SELECTED-BALANCED,var_172,-0.13135627806186675,0.003630791839350187,0.13135627806186675,-0.13653093576431274,-0.12697069346904755,0,5,0,1.0,1.0,36.17841062608754
LR-SELECTED-BALANCED,var_173,0.13931843340396882,0.002887933383454958,0.13931843340396882,0.13692721724510193,0.14488568902015686,5,0,0,1.0,1.0,48.24156755211767
LR-SELECTED-BALANCED,var_174,-0.19396385550498962,0.007145091786228359,0.19396385550498962,-0.2026733011007309,-0.18313750624656677,0,5,0,1.0,1.0,27.146447002799142
LR-SELECTED-BALANCED,var_175,0.08248219639062881,0.005915220400091612,0.08248219639062881,0.07498682290315628,0.09131547808647156,5,0,0,1.0,1.0,13.944061389385976
LR-SELECTED-BALANCED,var_176,0.037136168032884595,0.003339472655175443,0.037136168032884595,0.03160794824361801,0.04123620688915253,5,0,0,1.0,1.0,11.120368952663616
LR-SELECTED-BALANCED,var_177,-0.1265996962785721,0.006472665773199399,0.1265996962785721,-0.13415642082691193,-0.11758466809988022,0,5,0,1.0,1.0,19.559127678546933
LR-SELECTED-BALANCED,var_178,-0.053159143030643466,0.003255844842210255,0.053159143030643466,-0.056966766715049744,-0.048695407807826996,0,5,0,1.0,1.0,16.327296172551133
LR-SELECTED-BALANCED,var_179,0.14771142303943635,0.0034822570872094145,0.14771142303943635,0.14275389909744263,0.15325015783309937,5,0,0,1.0,1.0,42.41829920656399
LR-SELECTED-BALANCED,var_180,0.0967853233218193,0.0038859780498321987,0.0967853233218193,0.09080727398395538,0.10242821276187897,5,0,0,1.0,1.0,24.90629696840235
LR-SELECTED-BALANCED,var_181,0.04170215502381325,0.004066112061548442,0.04170215502381325,0.03814943507313728,0.04939727112650871,5,0,0,1.0,1.0,10.256026984148122
LR-SELECTED-BALANCED,var_182,-0.0339483842253685,0.0022647441951598557,0.0339483842253685,-0.03668671473860741,-0.029885370284318924,0,5,0,1.0,1.0,14.989942041983662
LR-SELECTED-BALANCED,var_183,-0.01430851835757494,0.0024298077249626086,0.01430851835757494,-0.01586892083287239,-0.009536256082355976,0,5,0,1.0,1.0,5.888745109571919
LR-SELECTED-BALANCED,var_184,0.15605006814002992,0.006013513273193278,0.15605006814002992,0.1466316431760788,0.16270580887794495,5,0,0,1.0,1.0,25.94990000864485
LR-SELECTED-BALANCED,var_185,0.0015461977163795382,0.004246134920475994,0.003721909219166264,-0.005026089958846569,0.0069538261741399765,3,2,0,0.6,1.0,0.3641423895701665
LR-SELECTED-BALANCED,var_186,-0.0888880431652069,0.004515231949697043,0.0888880431652069,-0.09605000168085098,-0.0829857736825943,0,5,0,1.0,1.0,19.686262888702014
LR-SELECTED-BALANCED,var_187,0.04968015104532242,0.005329532797729962,0.04968015104532242,0.04342244192957878,0.057528164237737656,5,0,0,1.0,1.0,9.321670947682486
LR-SELECTED-BALANCED,var_188,-0.11797117441892624,0.00557926836933274,0.11797117441892624,-0.12250564247369766,-0.10697215050458908,0,5,0,1.0,1.0,21.14455993322839
LR-SELECTED-BALANCED,var_189,0.018422767426818608,0.008789144204569449,0.018422767426818608,0.002653080504387617,0.029272044077515602,5,0,0,1.0,1.0,2.0960820528169517
LR-SELECTED-BALANCED,var_190,0.18248574435710907,0.0014147886405658958,0.18248574435710907,0.1800166219472885,0.18404564261436462,5,0,0,1.0,1.0,128.9844568472706
LR-SELECTED-BALANCED,var_191,0.14618692100048064,0.0031682146336869128,0.14618692100048064,0.14068222045898438,0.15001408755779266,5,0,0,1.0,1.0,46.14173529977981
LR-SELECTED-BALANCED,var_192,-0.14191805124282836,0.008134773020956587,0.14191805124282836,-0.15460412204265594,-0.13190557062625885,0,5,0,1.0,1.0,17.44585262271227
LR-SELECTED-BALANCED,var_193,-0.05827386230230332,0.005804159157879191,0.05827386230230332,-0.06601475179195404,-0.050435636192560196,0,5,0,1.0,1.0,10.040017979726464
LR-SELECTED-BALANCED,var_194,-0.06915445178747177,0.003331288947850402,0.06915445178747177,-0.07474386692047119,-0.06496276706457138,0,5,0,1.0,1.0,20.759067397047865
LR-SELECTED-BALANCED,var_195,0.09312059432268142,0.007942690105970342,0.09312059432268142,0.07998654246330261,0.10285316407680511,5,0,0,1.0,1.0,11.724062386959067
LR-SELECTED-BALANCED,var_196,0.06879618167877197,0.008568727182747888,0.06879618167877197,0.056597307324409485,0.0813833549618721,5,0,0,1.0,1.0,8.028751553355917
LR-SELECTED-BALANCED,var_197,-0.11373363584280013,0.005693065919929602,0.11373363584280013,-0.1205420196056366,-0.10391256958246231,0,5,0,1.0,1.0,19.97757226816058
LR-SELECTED-BALANCED,var_198,-0.16409945487976074,0.007432581499452049,0.16409945487976074,-0.1732843518257141,-0.15557138621807098,0,5,0,1.0,1.0,22.078392936808527
LR-SELECTED-BALANCED,var_199,0.0916554570198059,0.003357972070067073,0.0916554570198059,0.08673696964979172,0.09681665152311325,5,0,0,1.0,1.0,27.294883670062536
LR-L1-WEAK-REG,var_0,0.16523326933383942,0.0033820333028273825,0.16523326933383942,0.15950998663902283,0.16879072785377502,5,0,0,1.0,1.0,48.8561922780871
LR-L1-WEAK-REG,var_1,0.16205123364925383,0.005908979237402534,0.16205123364925383,0.15623730421066284,0.172565758228302,5,0,0,1.0,1.0,27.424573202677582
LR-L1-WEAK-REG,var_2,0.17286526560783386,0.005739146307453712,0.17286526560783386,0.16526032984256744,0.18107940256595612,5,0,0,1.0,1.0,30.120379643104503
LR-L1-WEAK-REG,var_3,0.03630000725388527,0.0035273366113682003,0.03630000725388527,0.032400570809841156,0.042650118470191956,5,0,0,1.0,1.0,10.291052783817749
LR-L1-WEAK-REG,var_4,0.03808936700224876,0.003812287781888547,0.03808936700224876,0.032100725919008255,0.042446255683898926,5,0,0,1.0,1.0,9.991209788306609
LR-L1-WEAK-REG,var_5,0.10543698817491531,0.008427289142412506,0.10543698817491531,0.09351883828639984,0.11720289289951324,5,0,0,1.0,1.0,12.511376599655717
LR-L1-WEAK-REG,var_6,0.22526547610759734,0.0035907506123000624,0.22526547610759734,0.22040800750255585,0.23040278255939484,5,0,0,1.0,1.0,62.734926601680414
LR-L1-WEAK-REG,var_7,-0.01360339429229498,0.003310497087562559,0.01360339429229498,-0.016391970217227936,-0.0071690138429403305,0,5,0,1.0,1.0,4.109169690377201
LR-L1-WEAK-REG,var_8,0.06399517357349396,0.0046438565543966805,0.06399517357349396,0.05755599960684776,0.0703146830201149,5,0,0,1.0,1.0,13.78060946195721
LR-L1-WEAK-REG,var_9,-0.13824388682842254,0.005484746286177084,0.13824388682842254,-0.14714688062667847,-0.13209618628025055,0,5,0,1.0,1.0,25.205156194157183
LR-L1-WEAK-REG,var_10,-0.005012556881411001,0.0035670853860050302,0.00519006087561138,-0.009715963155031204,0.00044375998550094664,1,4,0,0.8,1.0,1.4052248093294228
LR-L1-WEAK-REG,var_11,0.07702856063842774,0.00384758494733447,0.07702856063842774,0.07058566808700562,0.08165786415338516,5,0,0,1.0,1.0,20.01997660682895
LR-L1-WEAK-REG,var_12,-0.21790372133255004,0.006469234234748203,0.21790372133255004,-0.22686463594436646,-0.2091362029314041,0,5,0,1.0,1.0,33.68307800050215
LR-L1-WEAK-REG,var_13,-0.18223409056663514,0.0030399027976113708,0.18223409056663514,-0.1878184974193573,-0.17923206090927124,0,5,0,1.0,1.0,59.94734131295705
LR-L1-WEAK-REG,var_14,-0.017713706381618975,0.002894193799193517,0.017713706381618975,-0.021903928369283676,-0.013653726316988468,0,5,0,1.0,1.0,6.120428558223584
LR-L1-WEAK-REG,var_15,0.06072378382086754,0.00370022652441089,0.06072378382086754,0.054859746247529984,0.0652904212474823,5,0,0,1.0,1.0,16.41082874798636
LR-L1-WEAK-REG,var_16,0.01722859386354685,0.004595200366089687,0.01722859386354685,0.012338871136307716,0.025076499208807945,5,0,0,1.0,1.0,3.7492584633924877
LR-L1-WEAK-REG,var_17,0.0015102275065146387,0.00346687697037327,0.002895291114691645,-0.002491857623681426,0.007635583635419607,3,2,0,0.6,1.0,0.4356161235083977
LR-L1-WEAK-REG,var_18,0.13211998641490935,0.005276084254807873,0.13211998641490935,0.12421682476997375,0.1404450386762619,5,0,0,1.0,1.0,25.04129578569721
LR-L1-WEAK-REG,var_19,0.03727017529308796,0.005414511000065707,0.03727017529308796,0.02909010462462902,0.04335084930062294,5,0,0,1.0,1.0,6.8833871226107295
LR-L1-WEAK-REG,var_20,-0.06249933391809463,0.003592034617280177,0.06249933391809463,-0.06656844168901443,-0.05760704353451729,0,5,0,1.0,1.0,17.39942416407282
LR-L1-WEAK-REG,var_21,-0.19170651733875274,0.0073596627533263695,0.19170651733875274,-0.20158833265304565,-0.18307985365390778,0,5,0,1.0,1.0,26.048274732711192
LR-L1-WEAK-REG,var_22,0.200373175740242,0.002821212307093575,0.200373175740242,0.19708533585071564,0.2050226479768753,5,0,0,1.0,1.0,71.02378478798411
LR-L1-WEAK-REG,var_23,-0.09196229577064514,0.0047633705627256814,0.09196229577064514,-0.09623635560274124,-0.08283410966396332,0,5,0,1.0,1.0,19.306139331309648
LR-L1-WEAK-REG,var_24,0.0868125706911087,0.004701702737826076,0.0868125706911087,0.08075093477964401,0.0924975574016571,5,0,0,1.0,1.0,18.46407047231661
LR-L1-WEAK-REG,var_25,0.05209856852889061,0.0068704037564821345,0.05209856852889061,0.041754767298698425,0.06193583831191063,5,0,0,1.0,1.0,7.583043206119381
LR-L1-WEAK-REG,var_26,0.2019007086753845,0.004293845584624956,0.2019007086753845,0.19823090732097626,0.21002118289470673,5,0,0,1.0,1.0,47.020952359889996
LR-L1-WEAK-REG,var_27,-0.00885598612949252,0.0026795501527832706,0.00885598612949252,-0.012751531787216663,-0.0049059526063501835,0,5,0,1.0,1.0,3.3050271965587217
LR-L1-WEAK-REG,var_28,-0.07698840200901032,0.0029789210722767786,0.07698840200901032,-0.08262750506401062,-0.07399126887321472,0,5,0,1.0,1.0,25.844391355479125
LR-L1-WEAK-REG,var_29,0.01720118261873722,0.0041231110864706315,0.01720118261873722,0.011186202988028526,0.022401442751288414,5,0,0,1.0,1.0,4.171894052328444
LR-L1-WEAK-REG,var_30,-0.0030739927053218706,0.002769895269691997,0.0033110277814557775,-0.005960403475910425,0.0005925876903347671,1,4,0,0.8,1.0,1.1097866186339391
LR-L1-WEAK-REG,var_31,-0.08850920796394349,0.005560642967692233,0.08850920796394349,-0.09938313812017441,-0.08434998244047165,0,5,0,1.0,1.0,15.917081617752716
LR-L1-WEAK-REG,var_32,0.10056965947151184,0.0027800032137731065,0.10056965947151184,0.0950736254453659,0.1027127280831337,5,0,0,1.0,1.0,36.17609467976389
LR-L1-WEAK-REG,var_33,-0.1555843710899353,0.005216933011375495,0.1555843710899353,-0.16438095271587372,-0.1500677913427353,0,5,0,1.0,1.0,29.822957425498426
LR-L1-WEAK-REG,var_34,-0.18673384487628936,0.004405009169335578,0.18673384487628936,-0.19240720570087433,-0.18257875740528107,0,5,0,1.0,1.0,42.39124998335602
LR-L1-WEAK-REG,var_35,0.1228558987379074,0.004742005173508106,0.1228558987379074,0.11647742986679077,0.12966622412204742,5,0,0,1.0,1.0,25.908006052851608
LR-L1-WEAK-REG,var_36,-0.12765933871269225,0.004755686626399485,0.12765933871269225,-0.1358136683702469,-0.12219439446926117,0,5,0,1.0,1.0,26.843513616736512
LR-L1-WEAK-REG,var_37,0.030769457295536994,0.005930027155649135,0.030769457295536994,0.022308817133307457,0.03858881816267967,5,0,0,1.0,1.0,5.188754872095967
LR-L1-WEAK-REG,var_38,0.011759074404835701,0.0009083115387314363,0.011759074404835701,0.010870656929910183,0.013365548104047775,5,0,0,1.0,1.0,12.946080615969885
LR-L1-WEAK-REG,var_39,-0.021501611918210983,0.00431220252155996,0.021501611918210983,-0.029879195615649223,-0.017530135810375214,0,5,0,1.0,1.0,4.986224976843519
LR-L1-WEAK-REG,var_40,0.16929033100605012,0.0057880215126295785,0.16929033100605012,0.16183197498321533,0.17541709542274475,5,0,0,1.0,1.0,29.248393537696558
LR-L1-WEAK-REG,var_41,-0.000701334630139172,0.005627435602513534,0.00487340975087136,-0.009548189118504524,0.006506317760795355,3,2,0,0.6,1.0,0.12462774870775745
LR-L1-WEAK-REG,var_42,-0.030952541157603264,0.006583309363037181,0.030952541157603264,-0.03802001103758812,-0.019228750839829445,0,5,0,1.0,1.0,4.701668940455565
LR-L1-WEAK-REG,var_43,-0.0963279590010643,0.0031869891511840383,0.0963279590010643,-0.10116240382194519,-0.09244032204151154,0,5,0,1.0,1.0,30.22538026691104
LR-L1-WEAK-REG,var_44,-0.16717025339603425,0.0034965891307197007,0.16717025339603425,-0.17207637429237366,-0.163300022482872,0,5,0,1.0,1.0,47.80952154982393
LR-L1-WEAK-REG,var_45,-0.07566501647233963,0.004698571420577943,0.07566501647233963,-0.08086951076984406,-0.06885253638029099,0,5,0,1.0,1.0,16.10383448487178
LR-L1-WEAK-REG,var_46,0.013126710802316666,0.005800497296474359,0.013126710802316666,0.004972062073647976,0.020178984850645065,5,0,0,1.0,1.0,2.2630319662927527
LR-L1-WEAK-REG,var_47,0.03330800645053387,0.003096149572205951,0.03330800645053387,0.027855874970555305,0.03676675632596016,5,0,0,1.0,1.0,10.757880287676194
LR-L1-WEAK-REG,var_48,0.10441050827503204,0.004925472563413665,0.10441050827503204,0.09896747022867203,0.11368372291326523,5,0,0,1.0,1.0,21.19806920671673
LR-L1-WEAK-REG,var_49,0.10075507760047912,0.0061582297209672185,0.10075507760047912,0.08947418630123138,0.10802493989467621,5,0,0,1.0,1.0,16.36104565203696
LR-L1-WEAK-REG,var_50,-0.04725217819213867,0.0039411423096833344,0.04725217819213867,-0.05232822522521019,-0.04331524670124054,0,5,0,1.0,1.0,11.989462566738084
LR-L1-WEAK-REG,var_51,0.06712556779384612,0.0015873478730240313,0.06712556779384612,0.06444400548934937,0.06903602927923203,5,0,0,1.0,1.0,42.28787459547659
LR-L1-WEAK-REG,var_52,0.0904093086719513,0.004912710967919322,0.0904093086719513,0.0822482705116272,0.09753827750682831,5,0,0,1.0,1.0,18.403140193333666
LR-L1-WEAK-REG,var_53,0.21318234801292418,0.004373666384519944,0.21318234801292418,0.2047857940196991,0.21708141267299652,5,0,0,1.0,1.0,48.74225175643166
LR-L1-WEAK-REG,var_54,-0.05430740714073181,0.0044072371785690324,0.05430740714073181,-0.05977876856923103,-0.04829491302371025,0,5,0,1.0,1.0,12.322324608443678
LR-L1-WEAK-REG,var_55,0.053870053589344026,0.005282320434782733,0.053870053589344026,0.04658084362745285,0.06253349035978317,5,0,0,1.0,1.0,10.19817980647694
LR-L1-WEAK-REG,var_56,-0.1059566542506218,0.00342593716634816,0.1059566542506218,-0.11020314693450928,-0.10165224224328995,0,5,0,1.0,1.0,30.927786794046273
LR-L1-WEAK-REG,var_57,-0.054636333137750626,0.008458356176861487,0.054636333137750626,-0.07110699266195297,-0.04827280715107918,0,5,0,1.0,1.0,6.459450512052362
LR-L1-WEAK-REG,var_58,-0.08304086327552795,0.004903158972381503,0.08304086327552795,-0.09144139289855957,-0.07688354700803757,0,5,0,1.0,1.0,16.93619638752822
LR-L1-WEAK-REG,var_59,-0.03558887466788292,0.004705828383687908,0.03558887466788292,-0.041544508188962936,-0.029290813952684402,0,5,0,1.0,1.0,7.562722599754183
LR-L1-WEAK-REG,var_60,0.03149124681949615,0.0021149374541448544,0.03149124681949615,0.029027950018644333,0.03450730815529823,5,0,0,1.0,1.0,14.88991873389745
LR-L1-WEAK-REG,var_61,0.031113306060433388,0.006696378805232831,0.031113306060433388,0.02498733066022396,0.042956139892339706,5,0,0,1.0,1.0,4.646288235085971
LR-L1-WEAK-REG,var_62,0.05481049045920372,0.006134846035800201,0.05481049045920372,0.04871233552694321,0.06647265702486038,5,0,0,1.0,1.0,8.934289489801762
LR-L1-WEAK-REG,var_63,-0.05429078489542007,0.007432599871999361,0.05429078489542007,-0.06624952703714371,-0.043513666838407516,0,5,0,1.0,1.0,7.304413775850723
LR-L1-WEAK-REG,var_64,-0.04965189546346664,0.006233044753586253,0.04965189546346664,-0.06130914017558098,-0.04337833449244499,0,5,0,1.0,1.0,7.965913518412825
LR-L1-WEAK-REG,var_65,0.04159946292638779,0.005102973392586466,0.04159946292638779,0.0339924581348896,0.047397512942552567,5,0,0,1.0,1.0,8.152004669830562
LR-L1-WEAK-REG,var_66,0.07066786438226699,0.002281598935493667,0.07066786438226699,0.06665930151939392,0.07310885936021805,5,0,0,1.0,1.0,30.97295641355556
LR-L1-WEAK-REG,var_67,0.1503674328327179,0.005514651389280385,0.1503674328327179,0.1433851569890976,0.1584765464067459,5,0,0,1.0,1.0,27.266897255736325
LR-L1-WEAK-REG,var_68,-0.04155734106898308,0.0049857350036818,0.04155734106898308,-0.047709669917821884,-0.03276827558875084,0,5,0,1.0,1.0,8.335248672120061
LR-L1-WEAK-REG,var_69,0.018768290430307387,0.003760340432151632,0.018768290430307387,0.01327245682477951,0.02496424689888954,5,0,0,1.0,1.0,4.991114705954226
LR-L1-WEAK-REG,var_70,0.09601635932922363,0.005999943788928872,0.09601635932922363,0.0895356759428978,0.10563071817159653,5,0,0,1.0,1.0,16.002876478008005
LR-L1-WEAK-REG,var_71,0.11074940413236618,0.0032362744784151676,0.11074940413236618,0.10589919239282608,0.11425187438726425,5,0,0,1.0,1.0,34.221264256483444
LR-L1-WEAK-REG,var_72,-0.041593705862760545,0.0032512212158767578,0.041593705862760545,-0.046751078218221664,-0.03791825845837593,0,5,0,1.0,1.0,12.793256164681221
LR-L1-WEAK-REG,var_73,-0.027858201041817666,0.003663815593144643,0.027858201041817666,-0.03352811560034752,-0.02275586873292923,0,5,0,1.0,1.0,7.603603493020062
LR-L1-WEAK-REG,var_74,0.06199390515685081,0.0029841110439308167,0.06199390515685081,0.05809102952480316,0.06680700182914734,5,0,0,1.0,1.0,20.774664295060816
LR-L1-WEAK-REG,var_75,-0.12663717865943908,0.0028567227150092943,0.12663717865943908,-0.12956522405147552,-0.1222396120429039,0,5,0,1.0,1.0,44.32953117713324
LR-L1-WEAK-REG,var_76,-0.21531477570533752,0.005873374772854656,0.21531477570533752,-0.22447413206100464,-0.20813779532909393,0,5,0,1.0,1.0,36.65946479364184
LR-L1-WEAK-REG,var_77,-0.05727180168032646,0.002797612209421824,0.05727180168032646,-0.06052112206816673,-0.05323440581560135,0,5,0,1.0,1.0,20.471672767026615
LR-L1-WEAK-REG,var_78,0.15924467146396637,0.002380734570341486,0.15924467146396637,0.15601879358291626,0.16318586468696594,5,0,0,1.0,1.0,66.88888104023705
LR-L1-WEAK-REG,var_79,0.01540656816214323,0.0037332997721393553,0.01540656816214323,0.007952370680868626,0.017542801797389984,5,0,0,1.0,1.0,4.126796427417247
LR-L1-WEAK-REG,var_80,-0.18050272464752198,0.004708169535851115,0.18050272464752198,-0.18490417301654816,-0.17151495814323425,0,5,0,1.0,1.0,38.338195613612974
LR-L1-WEAK-REG,var_81,-0.2627548336982727,0.004874473703395287,0.2627548336982727,-0.2707505226135254,-0.25609228014945984,0,5,0,1.0,1.0,53.9042468349435
LR-L1-WEAK-REG,var_82,0.08043623268604279,0.002332110719047538,0.08043623268604279,0.07722398638725281,0.08341417461633682,5,0,0,1.0,1.0,34.49074352648499
LR-L1-WEAK-REG,var_83,-0.0681515246629715,0.004065503848269819,0.0681515246629715,-0.07229925692081451,-0.06192496418952942,0,5,0,1.0,1.0,16.763364937404116
LR-L1-WEAK-REG,var_84,0.033713195472955704,0.0028877034071803772,0.033713195472955704,0.030933983623981476,0.03848754242062569,5,0,0,1.0,1.0,11.674743115627475
LR-L1-WEAK-REG,var_85,-0.06496497169137001,0.008232979695368493,0.06496497169137001,-0.07959878444671631,-0.05656957998871803,0,5,0,1.0,1.0,7.89082131805993
LR-L1-WEAK-REG,var_86,-0.12056115567684174,0.003586480924574496,0.12056115567684174,-0.12677787244319916,-0.11618582904338837,0,5,0,1.0,1.0,33.615445951699236
LR-L1-WEAK-REG,var_87,-0.1142389565706253,0.00346461626435116,0.1142389565706253,-0.11784707754850388,-0.10814022272825241,0,5,0,1.0,1.0,32.97304747601311
LR-L1-WEAK-REG,var_88,-0.06987800598144531,0.005415374402488371,0.06987800598144531,-0.07387283444404602,-0.05917351692914963,0,5,0,1.0,1.0,12.903633394088764
LR-L1-WEAK-REG,var_89,0.13698243498802185,0.004647198553668557,0.13698243498802185,0.12925216555595398,0.14100788533687592,5,0,0,1.0,1.0,29.47634653567355
LR-L1-WEAK-REG,var_90,0.09506907910108567,0.004702330231624029,0.09506907910108567,0.08620449900627136,0.09921358525753021,5,0,0,1.0,1.0,20.217439953860378
LR-L1-WEAK-REG,var_91,0.11938277781009674,0.0030062409700931793,0.11938277781009674,0.1135299801826477,0.12204602360725403,5,0,0,1.0,1.0,39.71164620459138
LR-L1-WEAK-REG,var_92,-0.15069449245929717,0.004919408363372467,0.15069449245929717,-0.16043660044670105,-0.1471429318189621,0,5,0,1.0,1.0,30.632645498854824
LR-L1-WEAK-REG,var_93,-0.1102072536945343,0.004601977375920873,0.1102072536945343,-0.11691688001155853,-0.10376783460378647,0,5,0,1.0,1.0,23.94780432237047
LR-L1-WEAK-REG,var_94,0.1621631383895874,0.0027468859441365703,0.1621631383895874,0.157147616147995,0.16556377708911896,5,0,0,1.0,1.0,59.03526454592096
LR-L1-WEAK-REG,var_95,0.12864730209112168,0.004568197251760862,0.12864730209112168,0.12120381742715836,0.13513751327991486,5,0,0,1.0,1.0,28.161503324211083
LR-L1-WEAK-REG,var_96,0.007874123426154256,0.0031600604469104528,0.007874123426154256,0.0025350747164338827,0.011239399202167988,5,0,0,1.0,1.0,2.4917635464385257
LR-L1-WEAK-REG,var_97,0.049202310293912886,0.0030846093573028725,0.049202310293912886,0.044879328459501266,0.05269748717546463,5,0,0,1.0,1.0,15.950904829300969
LR-L1-WEAK-REG,var_98,-0.011881630681455136,0.00491339292766367,0.011881630681455136,-0.019126087427139282,-0.004665948450565338,0,5,0,1.0,1.0,2.4182130060386484
LR-L1-WEAK-REG,var_99,0.19463319182395936,0.005844130674038514,0.19463319182395936,0.18828240036964417,0.20447932183742523,5,0,0,1.0,1.0,33.30404514884899
LR-L1-WEAK-REG,var_100,0.003318725829012692,0.00670972063188989,0.00618659311439842,-0.006047267001122236,0.01167288701981306,3,2,0,0.6,1.0,0.49461460634282994
LR-L1-WEAK-REG,var_101,-0.030564579367637634,0.004414998522234143,0.030564579367637634,-0.035501450300216675,-0.022362958639860153,0,5,0,1.0,1.0,6.922896851201969
LR-L1-WEAK-REG,var_102,-0.06334592998027802,0.0044341143259553515,0.06334592998027802,-0.0714026466012001,-0.058516886085271835,0,5,0,1.0,1.0,14.286038952463558
LR-L1-WEAK-REG,var_103,-0.0035081913229078054,0.005614665318609901,0.006262834696099162,-0.009111599996685982,0.006886608432978392,1,4,0,0.8,1.0,0.6248264364537827
LR-L1-WEAK-REG,var_104,-0.08434219360351562,0.0023166246212242532,0.08434219360351562,-0.08776447921991348,-0.08116552978754044,0,5,0,1.0,1.0,36.40736303619863
LR-L1-WEAK-REG,var_105,0.08118786364793777,0.004150613937802244,0.08118786364793777,0.07646524161100388,0.08722814172506332,5,0,0,1.0,1.0,19.56044692774354
LR-L1-WEAK-REG,var_106,0.10968192368745804,0.004093446449770915,0.10968192368745804,0.10276593267917633,0.11432493478059769,5,0,0,1.0,1.0,26.794517781853557
LR-L1-WEAK-REG,var_107,-0.1374986380338669,0.007221193002967027,0.1374986380338669,-0.1463172882795334,-0.12540067732334137,0,5,0,1.0,1.0,19.040986437748934
LR-L1-WEAK-REG,var_108,-0.13593515753746033,0.004039049883799122,0.13593515753746033,-0.1428491175174713,-0.13187462091445923,0,5,0,1.0,1.0,33.65523116777962
LR-L1-WEAK-REG,var_109,-0.16363135278224944,0.005818131080035896,0.16363135278224944,-0.16907596588134766,-0.1552008092403412,0,5,0,1.0,1.0,28.12438402148094
LR-L1-WEAK-REG,var_110,0.20881483256816863,0.006235416968585782,0.20881483256816863,0.19881904125213623,0.216313436627388,5,0,0,1.0,1.0,33.48851145323185
LR-L1-WEAK-REG,var_111,0.08575005829334259,0.002199892060199234,0.08575005829334259,0.0829414576292038,0.08925062417984009,5,0,0,1.0,1.0,38.97921168258044
LR-L1-WEAK-REG,var_112,0.07132644653320312,0.004338108789110923,0.07132644653320312,0.0645669624209404,0.07548434287309647,5,0,0,1.0,1.0,16.441829838900265
LR-L1-WEAK-REG,var_113,-0.051710187643766406,0.0031074259711512233,0.051710187643766406,-0.05498112738132477,-0.046437766402959824,0,5,0,1.0,1.0,16.640842975449996
LR-L1-WEAK-REG,var_114,-0.07896852344274521,0.0035876700454571205,0.07896852344274521,-0.08521797508001328,-0.07560837268829346,0,5,0,1.0,1.0,22.011088657033568
LR-L1-WEAK-REG,var_115,-0.15927062928676605,0.004139073756435069,0.15927062928676605,-0.16443338990211487,-0.152975931763649,0,5,0,1.0,1.0,38.47977558726454
LR-L1-WEAK-REG,var_116,-0.08034322559833526,0.008491863653476933,0.08034322559833526,-0.087899349629879,-0.06443103402853012,0,5,0,1.0,1.0,9.461200612357596
LR-L1-WEAK-REG,var_117,0.0033426788402721288,0.004698659277461864,0.004505945066921413,-0.002908165566623211,0.01133672334253788,4,1,0,0.8,1.0,0.7114112011283417
LR-L1-WEAK-REG,var_118,0.1391026884317398,0.0034213041910899603,0.1391026884317398,0.13631369173526764,0.14569862186908722,5,0,0,1.0,1.0,40.657796168488424
LR-L1-WEAK-REG,var_119,0.08953827321529388,0.004097461941755281,0.08953827321529388,0.08247259259223938,0.09397756308317184,5,0,0,1.0,1.0,21.85213053545347
LR-L1-WEAK-REG,var_120,-0.03412548117339611,0.0037064323809829903,0.03412548117339611,-0.04069279134273529,-0.03052297607064247,0,5,0,1.0,1.0,9.207096654045413
LR-L1-WEAK-REG,var_121,-0.12610217928886414,0.005117153418595714,0.12610217928886414,-0.13594040274620056,-0.12208353728055954,0,5,0,1.0,1.0,24.64303275149107
LR-L1-WEAK-REG,var_122,-0.13999684453010558,0.003058721063772031,0.13999684453010558,-0.14579540491104126,-0.13675525784492493,0,5,0,1.0,1.0,45.769732385290006
LR-L1-WEAK-REG,var_123,-0.12260588407516479,0.0022699827900625937,0.12260588407516479,-0.12562346458435059,-0.11875129491090775,0,5,0,1.0,1.0,54.011812165224384
LR-L1-WEAK-REG,var_124,0.021063938550651074,0.006739455807682131,0.021063938550651074,0.012935133650898933,0.032019540667533875,5,0,0,1.0,1.0,3.125465787110013
LR-L1-WEAK-REG,var_125,0.09179010540246964,0.0043465836169665545,0.09179010540246964,0.08453131467103958,0.09688755869865417,5,0,0,1.0,1.0,21.117759024390867
LR-L1-WEAK-REG,var_126,0.007807424385100603,0.006980017815568512,0.009474485088139773,-0.004167651757597923,0.015056266449391842,4,1,0,0.8,1.0,1.1185393205854521
LR-L1-WEAK-REG,var_127,-0.13336408883333206,0.008608629198725353,0.13336408883333206,-0.14926546812057495,-0.12455210834741592,0,5,0,1.0,1.0,15.491907684103216
LR-L1-WEAK-REG,var_128,0.09155607521533966,0.00409076179016085,0.09155607521533966,0.08670507371425629,0.09908998012542725,5,0,0,1.0,1.0,22.38117981730114
LR-L1-WEAK-REG,var_129,-0.01825571283698082,0.007349564660966227,0.01825571283698082,-0.029526401311159134,-0.009568559937179089,0,5,0,1.0,1.0,2.483917575953436
LR-L1-WEAK-REG,var_130,0.10754866003990174,0.003086335300546404,0.10754866003990174,0.10422259569168091,0.11180074512958527,5,0,0,1.0,1.0,34.84671935056882
LR-L1-WEAK-REG,var_131,-0.10163366496562957,0.0055228961250388,0.10163366496562957,-0.1094398945569992,-0.09370628744363785,0,5,0,1.0,1.0,18.40224090126473
LR-L1-WEAK-REG,var_132,-0.08988292068243027,0.006204964602756759,0.08988292068243027,-0.10096020996570587,-0.08421234786510468,0,5,0,1.0,1.0,14.485646000702989
LR-L1-WEAK-REG,var_133,0.17488932311534883,0.005352704418673617,0.17488932311534883,0.16737434267997742,0.18299652636051178,5,0,0,1.0,1.0,32.67307690393235
LR-L1-WEAK-REG,var_134,0.06009299233555794,0.002850382068857952,0.06009299233555794,0.0567127950489521,0.064958855509758,5,0,0,1.0,1.0,21.08243417333537
LR-L1-WEAK-REG,var_135,0.08434820622205734,0.007593866658249806,0.08434820622205734,0.06997404247522354,0.09095022827386856,5,0,0,1.0,1.0,11.10741207582581
LR-L1-WEAK-REG,var_136,-0.01882085781544447,0.0037702476744663894,0.01882085781544447,-0.022618263959884644,-0.012230717577040195,0,5,0,1.0,1.0,4.991942026224342
LR-L1-WEAK-REG,var_137,0.09002511203289032,0.0022489363471579612,0.09002511203289032,0.08697014302015305,0.09277914464473724,5,0,0,1.0,1.0,40.03008450934971
LR-L1-WEAK-REG,var_138,0.05745639652013779,0.004916834381077905,0.05745639652013779,0.05223221704363823,0.06475969403982162,5,0,0,1.0,1.0,11.685648135973858
LR-L1-WEAK-REG,var_139,-0.2413266956806183,0.004046402975376264,0.2413266956806183,-0.2478257119655609,-0.23571918904781342,0,5,0,1.0,1.0,59.639807787103734
LR-L1-WEAK-REG,var_140,0.0590441882610321,0.0029204396576039977,0.0590441882610321,0.05468352511525154,0.062188562005758286,5,0,0,1.0,1.0,20.217568305954643
LR-L1-WEAK-REG,var_141,-0.10071721225976944,0.004697881771886711,0.10071721225976944,-0.10912198573350906,-0.09570397436618805,0,5,0,1.0,1.0,21.438856308066637
LR-L1-WEAK-REG,var_142,-0.06446680799126625,0.006597245102237971,0.06446680799126625,-0.07164818793535233,-0.05413694307208061,0,5,0,1.0,1.0,9.771777005737611
LR-L1-WEAK-REG,var_143,-0.04135619774460793,0.002880380813311696,0.04135619774460793,-0.0459771491587162,-0.03757033869624138,0,5,0,1.0,1.0,14.357892384741922
LR-L1-WEAK-REG,var_144,0.06703301966190338,0.003806546707717851,0.06703301966190338,0.061487846076488495,0.07286381721496582,5,0,0,1.0,1.0,17.60992963149215
LR-L1-WEAK-REG,var_145,0.10589117258787155,0.00729373025569582,0.10589117258787155,0.0973634347319603,0.11916869133710861,5,0,0,1.0,1.0,14.51810923569264
LR-L1-WEAK-REG,var_146,-0.20455941259860994,0.005212854265401287,0.20455941259860994,-0.2108948975801468,-0.1966480165719986,0,5,0,1.0,1.0,39.24134498758219
LR-L1-WEAK-REG,var_147,0.12611957341432573,0.00732791897631218,0.12611957341432573,0.11432692408561707,0.13213089108467102,5,0,0,1.0,1.0,17.2108307722846
LR-L1-WEAK-REG,var_148,-0.17013693153858184,0.003070471958230855,0.17013693153858184,-0.1757493019104004,-0.16693821549415588,0,5,0,1.0,1.0,55.41067752874026
LR-L1-WEAK-REG,var_149,-0.1491708666086197,0.007357457385163842,0.1491708666086197,-0.15959815680980682,-0.14091135561466217,0,5,0,1.0,1.0,20.27478499697669
LR-L1-WEAK-REG,var_150,-0.0951113149523735,0.0022867526981279565,0.0951113149523735,-0.09748018532991409,-0.09089554101228714,0,5,0,1.0,1.0,41.59230468175543
LR-L1-WEAK-REG,var_151,0.08806979805231094,0.0026990643223264053,0.08806979805231094,0.08443883806467056,0.09220282733440399,5,0,0,1.0,1.0,32.62975147490878
LR-L1-WEAK-REG,var_152,-0.03798436522483826,0.004364264147609914,0.03798436522483826,-0.04508976265788078,-0.03155902028083801,0,5,0,1.0,1.0,8.703498216449256
LR-L1-WEAK-REG,var_153,-0.01831014733761549,0.002612652721650475,0.01831014733761549,-0.02124125324189663,-0.015103958547115326,0,5,0,1.0,1.0,7.008259148214301
LR-L1-WEAK-REG,var_154,-0.15702480375766753,0.00272950631346286,0.15702480375766753,-0.16118091344833374,-0.15394234657287598,0,5,0,1.0,1.0,57.528646474695684
LR-L1-WEAK-REG,var_155,0.13367601931095124,0.004291863986048288,0.13367601931095124,0.12609148025512695,0.13826990127563477,5,0,0,1.0,1.0,31.146378297515863
LR-L1-WEAK-REG,var_156,-0.06620767712593079,0.0028447326729774806,0.06620767712593079,-0.07015655189752579,-0.06190095096826553,0,5,0,1.0,1.0,23.27377814964539
LR-L1-WEAK-REG,var_157,0.1043723464012146,0.007879632357830268,0.1043723464012146,0.09621922671794891,0.11559165269136429,5,0,0,1.0,1.0,13.245839610460148
LR-L1-WEAK-REG,var_158,-0.01205571264727041,0.006066372007971924,0.01205571264727041,-0.01688503473997116,-0.0003144530928693712,0,5,0,1.0,1.0,1.9873019048992298
LR-L1-WEAK-REG,var_159,0.04725115299224854,0.003874121549664149,0.04725115299224854,0.04059319943189621,0.05236954241991043,5,0,0,1.0,1.0,12.196610866879505
LR-L1-WEAK-REG,var_160,-0.010497360676527023,0.0037107709976044825,0.010497360676527023,-0.01661972515285015,-0.0051643215119838715,0,5,0,1.0,1.0,2.8288893826385535
LR-L1-WEAK-REG,var_161,0.016301163658499717,0.002944035785539517,0.016301163658499717,0.011407057754695415,0.020097577944397926,5,0,0,1.0,1.0,5.537012742360798
LR-L1-WEAK-REG,var_162,0.11094801425933838,0.006087474174991111,0.11094801425933838,0.10022565722465515,0.1169661432504654,5,0,0,1.0,1.0,18.22562380882648
LR-L1-WEAK-REG,var_163,0.09788296222686768,0.0053897042485862206,0.09788296222686768,0.09073556214570999,0.10464676469564438,5,0,0,1.0,1.0,18.161100815975097
LR-L1-WEAK-REG,var_164,0.13592258989810943,0.0014471139037589588,0.13592258989810943,0.13391973078250885,0.13741296529769897,5,0,0,1.0,1.0,93.92666986684468
LR-L1-WEAK-REG,var_165,-0.16841497123241425,0.005231496410195278,0.16841497123241425,-0.1783970594406128,-0.16312219202518463,0,5,0,1.0,1.0,32.192504405469066
LR-L1-WEAK-REG,var_166,-0.17851831912994384,0.006075145467277277,0.17851831912994384,-0.18860872089862823,-0.1699765920639038,0,5,0,1.0,1.0,29.38502791274636
LR-L1-WEAK-REG,var_167,0.09015269875526429,0.002993268267391485,0.09015269875526429,0.08545218408107758,0.09471287578344345,5,0,0,1.0,1.0,30.11848277595984
LR-L1-WEAK-REG,var_168,0.049423427879810335,0.009283501195166724,0.049423427879810335,0.04072141274809837,0.06708989292383194,5,0,0,1.0,1.0,5.323791836806194
LR-L1-WEAK-REG,var_169,-0.15622192323207856,0.006613137102125497,0.15622192323207856,-0.1607675701379776,-0.14329953491687775,0,5,0,1.0,1.0,23.622967559808004
LR-L1-WEAK-REG,var_170,0.160019251704216,0.0018479652575945893,0.160019251704216,0.15789824724197388,0.16324742138385773,5,0,0,1.0,1.0,86.59213210127467
LR-L1-WEAK-REG,var_171,0.04984431192278862,0.006813634106041606,0.04984431192278862,0.043886829167604446,0.06240939721465111,5,0,0,1.0,1.0,7.31537842318101
LR-L1-WEAK-REG,var_172,-0.12459220290184021,0.003915263391964619,0.12459220290184021,-0.13081374764442444,-0.11895681172609329,0,5,0,1.0,1.0,31.822176550761938
LR-L1-WEAK-REG,var_173,0.14645199179649354,0.0011707761894231593,0.14645199179649354,0.14445392787456512,0.14792603254318237,5,0,0,1.0,1.0,125.08965686142162
LR-L1-WEAK-REG,var_174,-0.19885408282279968,0.004690924314312703,0.19885408282279968,-0.2034151256084442,-0.1904066950082779,0,5,0,1.0,1.0,42.39123667292117
LR-L1-WEAK-REG,var_175,0.08063508719205856,0.004945569614606399,0.08063508719205856,0.07610966265201569,0.08889640122652054,5,0,0,1.0,1.0,16.304509586500362
LR-L1-WEAK-REG,var_176,0.03835418596863747,0.0028141819803911296,0.03835418596863747,0.034087423235177994,0.04183438792824745,5,0,0,1.0,1.0,13.62889331105154
LR-L1-WEAK-REG,var_177,-0.12643090337514878,0.006713841943936961,0.12643090337514878,-0.13411642611026764,-0.11705160140991211,0,5,0,1.0,1.0,18.83137917616902
LR-L1-WEAK-REG,var_178,-0.06040520295500755,0.0033504847082025868,0.06040520295500755,-0.06494056433439255,-0.05457684025168419,0,5,0,1.0,1.0,18.02879529851928
LR-L1-WEAK-REG,var_179,0.1622082233428955,0.004256551265415496,0.1622082233428955,0.15568694472312927,0.16769661009311676,5,0,0,1.0,1.0,38.107898443707185
LR-L1-WEAK-REG,var_180,0.10306072235107422,0.004241803331188857,0.10306072235107422,0.09942351281642914,0.11102060228586197,5,0,0,1.0,1.0,24.296440524078665
LR-L1-WEAK-REG,var_181,0.05152522772550583,0.005319167539966264,0.05152522772550583,0.04485976696014404,0.060446497052907944,5,0,0,1.0,1.0,9.6867089329979
LR-L1-WEAK-REG,var_182,-0.04061886668205261,0.0029002706564045084,0.04061886668205261,-0.04438241571187973,-0.036092665046453476,0,5,0,1.0,1.0,14.005198650116702
LR-L1-WEAK-REG,var_183,-0.006575063616037369,0.003119116895099954,0.006575063616037369,-0.009139083325862885,-0.0005719717592000961,0,5,0,1.0,1.0,2.1079888433697826
LR-L1-WEAK-REG,var_184,0.15855981409549713,0.006491254232639364,0.15855981409549713,0.15010283887386322,0.167672798037529,5,0,0,1.0,1.0,24.42668372134006
LR-L1-WEAK-REG,var_185,-0.003382298913493287,0.005375188139068873,0.004874186687811743,-0.010854007676243782,0.0037297194357961416,1,4,0,0.8,1.0,0.6292428889901241
LR-L1-WEAK-REG,var_186,-0.09427938908338547,0.00452664822415287,0.09427938908338547,-0.09980138391256332,-0.08932303637266159,0,5,0,1.0,1.0,20.827637672468917
LR-L1-WEAK-REG,var_187,0.04760236218571663,0.004604022098430329,0.04760236218571663,0.042748257517814636,0.05519455671310425,5,0,0,1.0,1.0,10.339299240536581
LR-L1-WEAK-REG,var_188,-0.12299712151288986,0.005782264815449389,0.12299712151288986,-0.12725257873535156,-0.11167610436677933,0,5,0,1.0,1.0,21.271443878574072
LR-L1-WEAK-REG,var_189,0.02523068506270647,0.007730687512849009,0.02523068506270647,0.012757969088852406,0.03600592166185379,5,0,0,1.0,1.0,3.263705203550185
LR-L1-WEAK-REG,var_190,0.18973274827003478,0.0029018678512188565,0.18973274827003478,0.18581543862819672,0.19418026506900787,5,0,0,1.0,1.0,65.38297331159578
LR-L1-WEAK-REG,var_191,0.15110564231872559,0.004144099266152212,0.15110564231872559,0.1434345841407776,0.15578220784664154,5,0,0,1.0,1.0,36.46284333797312
LR-L1-WEAK-REG,var_192,-0.1409391552209854,0.006134301055340506,0.1409391552209854,-0.14972351491451263,-0.13195575773715973,0,5,0,1.0,1.0,22.97558498506999
LR-L1-WEAK-REG,var_193,-0.05966815203428268,0.005088154935371691,0.05966815203428268,-0.0659656897187233,-0.05085020884871483,0,5,0,1.0,1.0,11.726874042195671
LR-L1-WEAK-REG,var_194,-0.07548727989196777,0.002012667330395191,0.07548727989196777,-0.07800231873989105,-0.07248435914516449,0,5,0,1.0,1.0,37.506088935789194
LR-L1-WEAK-REG,var_195,0.09368292540311814,0.007797397434298453,0.09368292540311814,0.07991781085729599,0.10145493596792221,5,0,0,1.0,1.0,12.01464029408478
LR-L1-WEAK-REG,var_196,0.07320552468299865,0.006597808502442779,0.07320552468299865,0.06501730531454086,0.08295483142137527,5,0,0,1.0,1.0,11.095430347196725
LR-L1-WEAK-REG,var_197,-0.11550654917955398,0.005437492584564228,0.11550654917955398,-0.12403631955385208,-0.10812835395336151,0,5,0,1.0,1.0,21.242612726947968
LR-L1-WEAK-REG,var_198,-0.17161515951156617,0.0077020004325822275,0.17161515951156617,-0.18177977204322815,-0.16091065108776093,0,5,0,1.0,1.0,22.281894296651487
LR-L1-WEAK-REG,var_199,0.09027807414531708,0.0021328150893239425,0.09027807414531708,0.08616085350513458,0.09194843471050262,5,0,0,1.0,1.0,42.32812989611956
